cookie_id,score
ck_315fb710a0e371e7,0.027765328987573844
ck_a76ee3b3e3e522fd,0.8653900998166633
ck_94c9a4d382689e82,0.6357710327969037
ck_8eaf9509ad9462a0,0.15045834182114481
ck_9a88a5a989cb5bc6,0.3778977388470157
ck_15239ef0689c1a35,0.6789366469749439
ck_8de69cd219d3b87f,0.9596048074964352
ck_f92cd37022b0ce21,0.6587696068445712
ck_1a3ff7620580a514,0.14520268893868404
ck_397c03aa33a57310,0.7646363821552252
ck_a7cf6c3b322f6b7a,0.46748828682012633
ck_c39a9e75760e3201,0.19641474842126705
ck_88ab6d245228c38e,0.0019352210226115298
ck_17733f75ebdea93e,0.5839885923813404
ck_58eb871e8d7bed52,0.9144632308005705
ck_e55b7fa67db1ec27,0.07895701772255043
ck_62f5cfe22c952694,0.4653493583214504
ck_7fbb709a0fe95759,0.33528213485434916
ck_87abe9cd066a20fb,0.6062334487675698
ck_d58e058b5c553dd5,0.21808922387451618
ck_d27b872648b71202,0.10034630270930944
ck_4b4a3c5b95c55b43,0.04224893053575066
ck_66dd4f4b4127256d,0.6309635363617845
ck_93cc12703b500613,0.7383581177429211
ck_d28806a2179092eb,0.9918109594622123
ck_0595c2a0c7881e05,0.5147076797718476
ck_50087d8666191144,0.9151150947239763
ck_b08b3f089138c901,0.2528213485434916
ck_fe3b67041dad2dd1,0.050702790792422084
ck_8449a28f7d475d93,0.5546954573232837
ck_8642e3b6d84f49d3,0.3224078223670809
ck_e49b5e4f2f2e79db,0.9289468323487472
ck_437afe412ea4259c,0.8242004481564473
ck_569b83668d74042d,0.9534121002240783
ck_233a487d31c3e631,0.9979629252393564
ck_1fca72e03143a645,0.9607659401100022
ck_79205e31223df2ad,0.8459971480953351
ck_9625a64406ea16e3,0.39547769403137095
ck_079bd18dacb704a8,0.882807089020167
ck_4db6d4fd2b49aa81,0.48081075575473625
ck_0dbefdac0a1868fb,0.11454471379099614
ck_24ff97ad90bdd69a,0.654186188633123
ck_77f8c5042065d506,0.35257689957221433
ck_f11be8ce05382cec,0.8586677531065391
ck_c9d72140b0389216,0.8273782847830515
ck_69eda24e931fb36a,0.0646363821552251
ck_ed471e496916ee15,0.2899164799348136
ck_ff090498c4b17ac3,0.872642085964555
ck_c3c19d6a0720915c,0.44556936239559997
ck_af02e1817cfa40b5,0.8911183540435935
ck_2df5a9fc87553eb1,0.20142595233245061
ck_4ac918e884cff336,0.46449378692198007
ck_ca149244b54ef3ad,0.000774088409044612
ck_6babe5b8674ff51f,0.20277042167447545
ck_1573878386886290,0.2492972092075779
ck_3925f8565abb7fe4,0.17013648400896314
ck_c4de808ae69c771f,0.025056019555917707
ck_a777c813551281fe,0.5856997351802811
ck_df4424f6dd85080d,0.7660215929924628
ck_85e5494ec20383ae,0.40800570380932977
ck_f71a4094e889c3af,0.0769199429619067
ck_f2f3cf9cd23b2809,0.5564066001222244
ck_18e2076397bcc211,0.7883275616215115
ck_c9f9fddef39bc664,0.42652271338358116
ck_7e826e233d6ea028,0.39661845589733147
ck_62fd7eb46bee9210,0.6396007333469138
ck_206f8e3cd72768f3,0.8407618659604807
ck_aa295a11b0a6ab36,0.1936239559991852
ck_9a56739d81f84a53,0.17775514361377065
ck_aa075c418ed9fe5a,0.8046445304542676
ck_62b9fb3db284941b,0.6059686290486861
ck_f4f83b1403ebea46,0.548319413322469
ck_16b66bd803288bc3,0.9316765125280098
ck_c4ca1434f3778f1d,0.9813403951925036
ck_1b823610371a29c0,0.17357914035445104
ck_c2bd5a722aa637d9,0.31187614585455287
ck_7890208951df34f0,0.5938072927276431
ck_020eb0e454524ecd,0.029904257486249745
ck_3b66196ccf436c35,0.5264819718883683
ck_109fc467ec0a4af5,0.8716439193318395
ck_f3dcd818db92de7b,0.5945406396414747
ck_31e7742f160980ef,0.5752902831533917
ck_77fce5f86f00b8f4,0.8918924424526381
ck_46bc797b4d07d607,0.17824404155632512
ck_37899b1b571b1c6b,0.2739865553065798
ck_ef8a6af43fedd464,0.12800977795885107
ck_bcc8519fe8521038,0.778325524546751
ck_90696b7182dd9129,0.11713179873701365
ck_4a24ad61d017e1ba,0.7201466693827664
ck_0acc3d8c67218b9d,0.3773680994092483
ck_05c97fc9de11aba6,0.9292523935628437
ck_f8ac3a0500c0ec62,0.39038500712976165
ck_617b65141f546a1c,0.30717050315746586
ck_9d00823bf60388d7,0.6746587899775922
ck_123c15d93f1840f2,0.8989407211244653
ck_573feefba6bf78bb,0.6197799959258504
ck_b25657bd16739036,0.28893868404970463
ck_bd26d2bef14a8597,0.2054593603585252
ck_a553418f2fba1440,0.47698105520472606
ck_89f3e380b0686963,0.1778569973518028
ck_b359192aa659bdce,0.2327765328987574
ck_02241f3dc301bebf,0.24312487268282748
ck_5ccc1a1c78cb33ee,0.7621918924424526
ck_349cc5edda1b8853,0.7925646771236504
ck_e9f228845bf6e28b,0.502566714198411
ck_0a45d033d4e280ea,0.4095742513750255
ck_7e63168dda612235,0.11393359136280302
ck_676fa5f6aae5475b,0.5183947850886128
ck_74b502b20690ccfe,0.10293338765532695
ck_073509af21dd7f5f,0.9685679364432674
ck_498a0acd450944d8,0.2469953147280505
ck_7f15b50b29dead01,0.8292523935628437
ck_8089fe7403c5f537,0.3154002851904665
ck_05b2b04e11d9ae9c,0.402750050926869
ck_31e70f2f04b48b88,0.18327561621511507
ck_994316fa5a02b319,0.25304542676716235
ck_b76510998b9a2260,0.6387044204522306
ck_4db95c310e105d30,0.0055408433489509065
ck_6f730b77dc6cdb84,0.4378488490527603
ck_2493ee8e7b91d304,0.39350173151354656
ck_92d679d6ac7dcdcb,0.8053778773680994
ck_3a0e0200cbb185cb,0.6838052556528825
ck_0b2eeb4e00ff7955,0.4156447341617438
ck_9843d0e61c37ebe8,0.9841922998574048
ck_e61c8721e3ef1921,0.08877571806885312
ck_2e0eedaaf2980c2c,0.6427989407211245
ck_9036b2e5e9298a34,0.20977795885108985
ck_3265442528d51728,0.5484008963128947
ck_f2ddae2eb1cb29b4,0.5792829496842534
ck_6cfa71d27fc27f92,0.4133428396822164
ck_f3199fbe84a28b9a,0.5806477897738848
ck_b78d785ca3ef773a,0.14970462415970667
ck_374865697f1480eb,0.4762477082908943
ck_06d0e4a9189302a9,0.7465675290283154
ck_9c9884b9bcaa552e,0.8997962925239357
ck_fd4cf578e87703ff,0.49207577918109596
ck_1917ef3e6e345549,0.8812792829496843
ck_e70418b00cbbbac9,0.5859238134039519
ck_a60388296a47062c,0.7000814829904257
ck_d598fe8d2c779ab9,0.731737624770829
ck_646dc03de4c31803,0.9731513546547158
ck_e4fd8cbd842b6993,0.6424526380118151
ck_2225b555aa2a42ed,0.6277856997351804
ck_6be8ae9d78148882,0.27351802811163173
ck_4199342d3aca74e8,0.8418822570788349
ck_779581adb573261f,0.8023630067223466
ck_bb303568b6915205,0.7140150743532288
ck_17c4296276448afe,0.571949480545936
ck_a60a61ac829252a0,0.1266449378692198
ck_6ea70950c1cae00b,0.9482379303320432
ck_1abb93f6924645e1,0.6025259727031982
ck_faab769cce19879a,0.766021592992463
ck_d5b8e74e7ca6355a,0.7140150743532289
ck_f11f7691af16ad07,0.23432470971684663
ck_188fdf2be7c92e9d,0.9982888572010593
ck_4a103f8254b366f7,0.6595844367488287
ck_bfa17a0b1760e616,0.20036667345691586
ck_a4d7f6a5869d440a,0.9935221022611531
ck_58e20f5a3e7f11b8,0.9660623344876758
ck_4becdd3d2696c7ba,0.1638826644937869
ck_dad5cf32ab9f243f,0.6611122428193115
ck_7d9f73dc7c4f90c3,0.8666530861682624
ck_c19371047a2d011d,0.21631696883275617
ck_247589ff532f7aa8,0.3339376655123243
ck_7a9f241d5f082567,0.42464860460378895
ck_0a2b7078736b4dda,0.24245263801181505
ck_687b412e2aac7eb6,0.7449378692198003
ck_fce0b6855886a0b8,0.30193522102261156
ck_e291cc60920456d0,0.8968017926257894
ck_04219a7ea798db51,0.8140761865960481
ck_286bfd719836e9f3,0.8772662456712161
ck_55efc92394fee232,0.625952332450601
ck_e36c8da1bd359960,0.9177021796699939
ck_34b0988a97d96902,0.8045426767162356
ck_e0fb11fc9dcb34e6,0.1559788144224893
ck_bcc9cbc9ed8b7c31,0.2499490731309839
ck_3df8da6f60a89a5b,0.5790181299653697
ck_b1495ee5c59a6b28,0.48468119779995933
ck_58f4c3ac61fda129,0.8527806070482786
ck_735f244b99e3aa8d,0.37398655530657976
ck_6b93bd8abf87b1d6,0.9808718679975555
ck_12107dacc6d05bd1,0.07759217763291912
ck_f96db2a1f3448d1f,0.5630270930943165
ck_8fd91a3c99e19097,0.8746791607251986
ck_910205d25388a0ae,0.01696883275616215
ck_d229dfa0e4442628,0.01961702994499898
ck_7cdec61e1c488798,0.8357506620492973
ck_f66f06e24ff32671,0.7638011815033612
ck_350bf14e90b503f5,0.41597066612344674
ck_61fff5fdaadd394b,0.16905683438582195
ck_e934f984bad2ff91,0.9787329394988796
ck_ff6a6d3547dd2d37,0.6858219596659197
ck_65ad9b15979e3247,0.5336117335506213
ck_bbe1a2ea5a403ad8,0.9227133835811774
ck_6f3a28eecd2c4031,0.6160114076186596
ck_a89b66665714058f,0.2494601751884294
ck_918c92182b6817cd,0.7718883683031167
ck_64f5eb4be9e7b8fa,0.8909350173151355
ck_d021fd497ea35fb2,0.4760847423100428
ck_004de16f7d8a42ae,0.6055815848441638
ck_a33d2325f86ab12d,0.19777958851089836
ck_89790ff26c844bc6,0.20285190466490122
ck_e6e7257377c37b28,0.86449378692198
ck_a2cc3910a641a808,0.9322876349562029
ck_646e270e0195bf05,0.3071093909146465
ck_baba5d66def0d770,0.8217152169484621
ck_67cdcdda3033842d,0.8693216541047056
ck_b5c3075c811a2216,0.678468119779996
ck_515379973a8044b8,0.4293338765532695
ck_c0ce85fb4109567d,0.8806477897738847
ck_fef850553862aaca,0.54734161743736
ck_55d7217b0aff9fa2,0.1275208800162966
ck_8e139f8925ef7968,0.5466286412711348
ck_9e35b908fca1e4d7,0.1516398451823182
ck_59735f4ab2ad3da5,0.38912202077816255
ck_dc569c1167ccec0d,0.9571603177836626
ck_1dade5592f90a15c,0.5953350987981259
ck_793048d11fb8b328,0.8885108983499694
ck_545b71eb4fa594b5,0.21825218985536768
ck_bd30853e9a57b544,0.6349562028926462
ck_59f46321ecf6d306,0.4947850886127521
ck_260cfe9141d249f1,0.9266653086168263
ck_3365a0ad1a8aa83c,0.20910572418007742
ck_b0ef193195a2138b,0.169851293542473
ck_0f909705e2e60f2f,0.8597270319820737
ck_5a540b75c866166a,0.6498472193929519
ck_87c26b2f41025109,0.9955184355265838
ck_27acc9f320cda104,0.8931146873090242
ck_a27bc31eecd9cb9a,0.30717050315746586
ck_115d86fabde77b65,0.012813200244448972
ck_eeca179341d56f8a,0.9661641882257079
ck_8e5999c436cf037e,0.12267264208596455
ck_510e7c5df1f95d90,0.9677123650437971
ck_f1acf73363925958,0.6688123854145447
ck_3c177f5970b68bd3,0.3334487675697698
ck_9cdfaa1c30cc9d32,0.16298635159910368
ck_c8efa1538b37c359,0.6645345284171928
ck_a8a2e296f9804bd7,0.3023018944795274
ck_91a0ca45f429568d,0.5994296190670197
ck_5fdf8a0bdbd3ed62,0.4993073945813812
ck_0f4e2ec66d50da5f,0.38417192910979836
ck_28c53b214b2ee882,0.8877571806885313
ck_003148504557f720,0.688307190873905
ck_01d840cffb870615,0.8925850478712569
ck_555848d51f4b5f35,0.5922998574047668
ck_df20cc23b8fb8e22,0.41163169688327567
ck_f9604adde929beff,0.2306376044000815
ck_d66952b03591bdec,0.35041760032593194
ck_ddcac1ab765ff61a,0.7049704624159707
ck_347386629d96c664,0.5880016296598085
ck_ab01db9117acfe3d,0.4379507027907924
ck_58e5359efc52e0ad,0.4747606437156244
ck_1a524b5cc8da71b3,0.633041352617641
ck_e9287b6d909d731f,0.018170706864941943
ck_bb41a66e3d90263b,0.7891016500305561
ck_e95c8cc1864bd584,0.47586066408637195
ck_7a3f2961e9a8b6dc,0.6715624363414138
ck_378a9df82b1e0bee,0.9068242004481565
ck_42633573639a3f02,0.9967610511305766
ck_2a5a4c18c2c7274b,0.8762069667956814
ck_77549c1a41f837c3,0.5759014055815848
ck_a26704b5b26258b7,0.35221022611529845
ck_9874ad160efddf50,0.9191688734976574
ck_9111e3a04b14dfba,0.7704827867182726
ck_651e076ee43aea85,0.7813403951925036
ck_391639c0f13932f3,0.027276431045019353
ck_02dbabda93c8c13d,0.5705846404563047
ck_0adcb1fffcb0a34b,0.279731106131595
ck_7a43ef9c7b1c67b5,0.030352413933591366
ck_4b9dd69946438d0b,0.11368914239152576
ck_90bf017cdd37b66e,0.6114687309024242
ck_61c74163eb36556e,0.29494805459360357
ck_13376c59b5bd6943,0.10649826848645345
ck_62337eccb1672737,0.575860664086372
ck_16077934338472bf,0.2532287634956203
ck_0d4dfd93086e7330,0.465003055612141
ck_3865b7525b910893,0.729028315339173
ck_7e2ae8b69ebd5675,0.2580566306783459
ck_b4384b6c11766ce7,0.29248319413322466
ck_3d7fa32dfb9fc692,0.7241597066612345
ck_f4a6a7cadd6e0603,0.8558158484416378
ck_212525e2828a6c45,0.4752902831533918
ck_33ad8d53394ba77a,0.9111835404359341
ck_a5051eafe8b51224,0.4189855367691994
ck_f65e5ff7da565f91,0.6850275005092686
ck_5c37f7563fa7591d,0.2670808718679976
ck_f1e0a006068aff29,0.21872071705031576
ck_c646cdead6fb79d0,0.26225300468527196
ck_f8b3cdffef535330,0.9141372988388674
ck_e5cdbe3aa12c97f6,0.3299653697290691
ck_986e4e61440506d0,0.896272153188022
ck_6da9c5912e15d9a8,0.23302098187003462
ck_51d842e6dae74c71,0.2045019352210226
ck_5fc65c24e0736d5d,0.9920757791810959
ck_babb95a76c69509d,0.43308209411285403
ck_86a2d852a9715432,0.6230800570380932
ck_db4083a0d043def8,0.9145447137909961
ck_96953b8945b7d403,0.49126094927683855
ck_7831ca5c31fb3859,0.6683845997148095
ck_60ac5e5f375daa38,0.617844774903239
ck_05d44eb1f5f085ce,0.35791403544510086
ck_432cc19c7eeaa46e,0.44169892035037683
ck_7fc513033af061af,0.7854145447137911
ck_ada6ede84c111719,0.5430230189447952
ck_6343e0d3b1c2962b,0.4326339376655124
ck_010264ae04f2e902,0.909085353432471
ck_e9dcf535f8c289eb,0.6995111020574455
ck_37143d9cc296e6fa,0.7773680994092484
ck_61fa051192f3e810,0.8375840293338765
ck_f9f93d1d41be1468,0.9651252800977796
ck_c4f4f28457be8a74,0.13159502953758404
ck_323a71f9452d21cb,0.9433896924017112
ck_170f4688e0acd875,0.9077408840904462
ck_869b1878d09d230d,0.919148502750051
ck_2f6b33bf46976229,0.5370543898961092
ck_b11e22e75d9b99de,0.4177836626604197
ck_123d75ffb75b606d,0.5710531676512528
ck_94295287a04c85d2,0.905357506620493
ck_1b0434f096795328,0.17753106539009983
ck_0a4e191cd0a57ce1,0.3838663678957018
ck_d2fbd0df99634676,0.46866979018129973
ck_d51df5e9fbbbcc94,0.8007537176614383
ck_2d3d7d64a6f443f8,0.5837237726624567
ck_731943c682c9394e,0.7322672642085964
ck_5ccc0c94e5e1f849,0.22257078834793237
ck_c3476080516db25d,0.3342432267264208
ck_5010ffb1c94187b5,0.05318802200040741
ck_7ef666d67bc70223,0.15874923609696479
ck_c1b493527224a27a,0.10776125483805257
ck_5d1e25d7acc5af9a,0.3876145854552862
ck_ec30b61cbf517db8,0.29331839478508864
ck_79323eb5d2e5efae,0.14697494398044408
ck_4085cd3bf2661518,0.4833774699531473
ck_2ca91214c357c072,0.8746384192299859
ck_7f3132d6be389657,0.8470360562232635
ck_e7a6b925c8f39a85,0.8239763699327766
ck_c886adec7bac250a,0.6713994703605622
ck_c3f360c2d0ea0a37,0.19148502750050928
ck_a7acd5b015823793,0.5534732124668975
ck_9d64187c0800f84e,0.8742921165206763
ck_5d4ed73b9efd7d11,0.35339172947647174
ck_874eca6776b34dec,0.3622733754328784
ck_96a9221a87be93c3,0.5299042574862498
ck_68dd79a51eabf5e6,0.7836219189244245
ck_8311cb6755b2016c,0.07814218781829294
ck_16fc77b2bcf5ec03,0.9747810144632308
ck_ad9e2088a33c8c72,0.023039315542880422
ck_7176bbc97b1e42a1,0.06598085149724996
ck_80dfa54b30f65fff,0.9741495212874313
ck_31c54d540b128843,0.3250560195559177
ck_43ea894480567274,0.8249949073130984
ck_9c9e8a38bd5a6c88,0.2897535139539621
ck_1c2dcae19539e148,0.8310857608474231
ck_b0fa8b84e94d8ae0,0.4009981666327154
ck_4ceb43ccd0a81c2f,0.26298635159910366
ck_ba845332b730b596,0.035200651863923405
ck_73d3e8c6077f61e6,0.8053982481157058
ck_b5d0d223ef56473f,0.5703198207374212
ck_949f08f8e80e93ea,0.1639845182318191
ck_73de0b49709e5f8c,0.2571806885312691
ck_b5935e9722a39819,0.6012018741087798
ck_96247fee0eb44420,0.36365858627011616
ck_a6def1e4b2d57e0d,0.8209614992870239
ck_aecdc5a96321a2d8,0.5818292931350582
ck_bc61c59970f8de49,0.6596048074964351
ck_c43b4175fc9ac5bd,0.9628233856182522
ck_8ff7a9b23a55fd62,0.4897127724587493
ck_20c99b645f462449,0.41810959462212266
ck_a5ce2ae36fb410d9,0.3091260949276839
ck_96fb9bf556842bbc,0.2624567121613363
ck_b5e4c6dbbed1b773,0.6303931554288043
ck_2085433978e72ea9,0.6022407822367082
ck_2c6b174b063ec637,0.14923609696475862
ck_b20b81b88dabe28d,0.21786514565084542
ck_243c18dbf150831c,0.3534324709716847
ck_2bb6a17e8eee35cc,0.8598899979629253
ck_66147fb994495396,0.8217355876960685
ck_73f124f075ede0fc,0.13585251578732938
ck_2e315f1b1e533dab,0.27720513342839687
ck_16c7bf94ed3e7a6f,0.014483601548176819
ck_4a0eae220a762ac5,0.4052963943776737
ck_dc16f939c2f44ad8,0.7778366266041964
ck_817926b449754917,0.373253208392748
ck_0c0dde42ab64ef87,0.5155632511713181
ck_cb3a40594da6a2ee,0.48064778977388467
ck_d0dc156441fcfdcb,0.7226319005907518
ck_66f0945add423e9e,0.029985740476675495
ck_a74f6a3030f5d495,0.6459564066001223
ck_1ae460f331e49ae2,0.7084131187614586
ck_2d177b2f4f0b40c9,0.883499694438786
ck_92e474e4368c4791,0.4756569566103076
ck_3dee83fa2d109484,0.09058871460582604
ck_80e5ea27848069fe,0.22841719291097984
ck_ed0c4a83701ca230,0.5518435526583826
ck_0b8b7c5c581fd161,0.34453045426767165
ck_60bf8a2870956fb1,0.10556121409655736
ck_73a54b56a2bf35fe,0.9513750254634346
ck_2296d7a563424883,0.37113465064167855
ck_bc19c383560c7477,0.44756569566103077
ck_861d8e3d88f1079e,0.8309635363617845
ck_3f090fc96c24eb28,0.08156447341617439
ck_9a6a1f8102febfca,0.39832959869627216
ck_541b6ad5d2fa5a39,0.3525972703198207
ck_a760d38d1bc4de97,0.1640456304746384
ck_7dca4d7ee10b4eeb,0.4019963332654309
ck_15220e78d1545e40,0.21751884294153595
ck_ca24bb0de508efb0,0.6815644734161743
ck_56b389627d8f02c5,0.9852108372377266
ck_48a6754977a44db0,0.28567936443267467
ck_333a43ec339a04cb,0.8474638419229985
ck_f22aacaf86a65d7e,0.7086168262375229
ck_04bd8a1ffaf3ffd8,0.051212059482583006
ck_2737a72de6b700f3,0.7221633733958036
ck_c35e03b0dd0c3454,0.5350784273782848
ck_e0571312f395cd94,0.48692198003666737
ck_09fab6b9825001b2,0.24573232837645143
ck_18c3a095606209e8,0.5258708494601753
ck_2a97db9377d01e36,0.21662253004685272
ck_f29dbbfdd2786bd1,0.04613974332858016
ck_35d6c510ad29362e,0.9565899368506825
ck_5468fa99c945d785,0.7664290079445916
ck_6f8102f62c876cc9,0.7831126502342636
ck_91955aab3424ad16,0.3002037074760644
ck_9a43c0c73a39d759,0.6350987981258912
ck_60b023af6d1e30bf,0.9389692401711143
ck_9704c5cf8659cedc,0.6869830922794866
ck_7e5f02b51b9f78bf,0.7955999185170096
ck_7d3a88d1aa649708,0.9463434508046445
ck_8250eddc1ecb07a0,0.8419433693216541
ck_d979ef95ee44023d,0.3383173762477083
ck_5e5461dac83531ac,0.10873905072316155
ck_d1bb8890081e0a31,0.4209411285394174
ck_32246c62640648d9,0.08808311265023426
ck_77a40c7d2f862a32,0.8068853126909756
ck_1c8b94efe9238f5b,0.3514972499490731
ck_eaf3b6d11bc3cb11,0.16284375636585863
ck_a4a7ef3ad799c380,0.579405174169892
ck_d5bd8f68da073cd8,0.9093501731513546
ck_6e6258227fc8db7f,0.15874923609696476
ck_c35d444e05799db6,0.5849663882664494
ck_74665e1209140ae8,0.8113261356691791
ck_353a272478f7e903,0.30268893868404967
ck_a2c9796ea229a4e2,0.3366673456915869
ck_e0171f91cb3411fe,0.41305764921572624
ck_703499f5410280f7,0.07251986147891629
ck_ae3a763997f8f385,0.6721531880220003
ck_f7ff94c3df5ac874,0.6809126094927683
ck_f3c16d8f747db046,0.8435322876349562
ck_7ef019ed77276496,0.3311061315950296
ck_d6a4faadab58a3de,0.48472193929517216
ck_ba7b78d31d74c794,0.4110613159502954
ck_36287d063350ce9d,0.8266245671216134
ck_5177fc7137ff26ce,0.04644530454267672
ck_dfd4e79aaa967b63,0.24601751884294154
ck_fb44d15fb93a7157,0.6521287431248728
ck_fca478361870a4ca,0.7817885516398453
ck_e57b94fe57341058,0.4635363617844775
ck_5448c946cc4758fe,0.48961091872071705
ck_c5ece5ffb8800ad4,0.17873293949887964
ck_11cb98211b2ed134,0.970360562232634
ck_f655399ac75c4450,0.7119168873497658
ck_c817259019588d30,0.47958851089835
ck_8740a14d8096c6e1,0.30545936035852517
ck_0c5ba86f4e05b38d,0.3296394377673661
ck_ccc917533d4b73d4,0.18879608881645957
ck_9eb80edfa43203de,0.5270930943165615
ck_d1a1cf4cf61d6801,0.4036463638215522
ck_b17c239f160e6017,0.37889590547973107
ck_410c3e13b48e0415,0.17276431045019353
ck_ab553954435e8854,0.9313913220615198
ck_bdbb4230c91e1604,0.7899572214300266
ck_8fd4937eadd64fb6,0.15838256264004888
ck_e0e90b196bef3c11,0.032063556732532084
ck_3dc4d464386f0eb2,0.905826033815441
ck_51bbbf8f8e8ad005,0.9997962925239356
ck_c05737ab74cf03c6,0.8869219800366674
ck_dceabbe04d99afc2,0.12666530861682623
ck_5b86fd14e85bc9c7,0.9701161132613567
ck_d4febf0083800424,0.7722957832552454
ck_77d9f86dcf251739,0.6145243430433898
ck_b4dcebc543deaafb,0.765003055612141
ck_cb856e75c949b0cc,0.002281523731920962
ck_61b067de8ffc1ca1,0.8333265430841312
ck_c0e8560ccfd9dd9d,0.06665308616826238
ck_173e1198c341087b,0.2189244245263801
ck_b4d55bc809000276,0.5422081890405378
ck_839bf139296b5cea,0.9152169484620085
ck_78cd402a2a4f2e35,0.20140558158484417
ck_c2925c50ebacbdba,0.01890405377877368
ck_5e3bc76eddbdb0a6,0.17773477286616418
ck_b7793edca26fc512,0.4890405377877368
ck_d79bdf04d6f31cd5,0.05866775310653901
ck_4b97d19ed946f503,0.5374006926054187
ck_37139b41c5370523,0.7421063353025056
ck_8c346eeefa9ce692,0.5732124668975351
ck_2ab7eddee2d8c49e,0.22739865553065797
ck_29da59ea3bffb9d8,0.8197188836830313
ck_c1d05ef0ec6e4be7,0.12583010796496233
ck_3882423b449f6291,0.9775106946424934
ck_5647030283171ed5,0.9538602566714198
ck_efbdcd9c181e72ca,0.07744958239967406
ck_192fdad892782daf,0.8629659808514972
ck_0bf2e13b9f2601ac,0.8490935017315137
ck_3d6046a533057795,0.1555306579751477
ck_279a1d3a3836e5cc,0.6799755551028723
ck_c375e929becde422,0.16371969851293544
ck_a59e90219939a1f0,0.12065593807292727
ck_4e9fba1ec54c3ff8,0.38066816052149116
ck_bcbd8588a13f5eef,0.350091668364229
ck_5f9a7ff990341bdd,0.05467508657567733
ck_e0403d507519b7d2,0.46170299449989816
ck_c9490cb61aff5112,0.8405988999796293
ck_41dd44308e6a665a,0.8295579547769404
ck_76c23726cd7ca947,0.31867997555510286
ck_9be551300209fa83,0.14192299857404767
ck_a98848eec6c9581e,0.7138317376247708
ck_61176dafb33b2d8a,0.9396414748421267
ck_92de019e05971ce3,0.6326746791607253
ck_5d644224135d7c65,0.5986555306579752
ck_c767fc454fa215d0,0.15168058667753107
ck_5df85a8924e11f27,0.41723365247504585
ck_da2729307af06ed5,0.623487471990222
ck_7c6b577174af7a78,0.497575881034834
ck_893b8afbe11301e1,0.44662864127113466
ck_e06f6fed020ae014,0.5005907516805866
ck_386680372fb54857,0.1312487268282746
ck_7a7f3c4fe0c9d2ca,0.3349154613974333
ck_f908b527c4db422d,0.6958851089834998
ck_ec2eee6a133e9a6f,0.8997759217763293
ck_d98934f9fe0b02b3,0.6051537991444286
ck_398a1ed77b0130e5,0.4928906090853534
ck_d960af7a55b892b1,0.7341821144836016
ck_4637e54a9f79e2e7,0.30387044204522307
ck_02b9f418524f6650,0.7593807292727643
ck_d4b23804cebb045d,0.07791810959462213
ck_35b1939c48182a9a,0.3620085557139947
ck_2dcbb71e39d64305,0.7710327969036463
ck_47a884dec960ff2d,0.8443063760440008
ck_71fd8c346fde5cca,0.79822774495824
ck_98e1992ac8e7d2de,0.6357710327969036
ck_ae7780327e210522,0.36213078019963335
ck_e6c584b4b1ad6d9d,0.3356691790588715
ck_344b2e326a6c3dcc,0.5064982684864535
ck_9aa899a5230b0963,0.9065593807292728
ck_e48d14d5b70ef5aa,0.5437156243634141
ck_59d380a0973b3951,0.23353025056019558
ck_11318f7c041a5ba9,0.30008148299042575
ck_7061786fe2f22f5a,0.7956406600122224
ck_e77529651c416cf7,0.40226115298431453
ck_7f79878197340435,0.6607863108576084
ck_b0a0fb0ee9ebf106,0.16826237522917092
ck_70c7679199776a90,0.28282745976777346
ck_b9facd2210daca5c,0.8905683438582196
ck_9949f53c155b8dde,0.6587492360969648
ck_1c607e24f2c4397a,0.8547158280708903
ck_aefd1ce3ce093cbd,0.020330006111224284
ck_5a29b7018e43280c,0.31389284986759014
ck_69eb0b2ccfbe5f95,0.5783051537991445
ck_fe037765aa465c58,0.3474434711753921
ck_5e512ef5362a3dd6,0.3965573436545121
ck_544a9e80b7fdc279,0.3059075168058668
ck_7825494e654d5695,0.5579140354451009
ck_f1f2c3c623553f0d,0.0033000611122428196
ck_52730906e5b461eb,0.9391322061519658
ck_01e0689157fe9617,0.8567732735791403
ck_9da82e567074da9d,0.7280097779588511
ck_6a17384072f904c0,0.478610715013241
ck_8d84d771a21942a7,0.1281727439397026
ck_39638880292782a7,0.6848237930332044
ck_7d51c86e0eec72ac,0.5895294357302913
ck_45f4c821c70d134f,0.8988388673864331
ck_0af3c13ba56ce57c,0.3185781218170707
ck_0789a05e061b2784,0.8940110002037076
ck_6ba091eb42ffa9fb,0.8749643511916887
ck_265accb3c5c32620,0.7503361173355063
ck_179039559ff7566c,0.5007537176614382
ck_17c0a6a92b5765cf,0.35424730087594214
ck_59371c9140239fd7,0.19985740476675493
ck_f9c4f8b4ce2691f0,0.6174984721939295
ck_a2637e4872cf4811,0.8391933183947851
ck_1de43fd6c6c22a5f,0.8355673253208392
ck_6e4f31bd108571f0,0.32436341413729886
ck_da06d97db0b18851,0.21599103687105317
ck_e0346d5081e640e8,0.16604196374006927
ck_c1c7d4e62c9fcded,0.8695661030759828
ck_2595669e421299f6,0.604237115502139
ck_3b6057d51fd4c7d6,0.7126298635159911
ck_c5f8ab515840a0fe,0.5385007129761663
ck_435cb24538c6f77c,0.5068445711957629
ck_d84b5403da4cea7b,0.46626604196374005
ck_c2b61a98d1c8f6dd,0.9295579547769403
ck_c9dcd92b2f836b61,0.8695661030759829
ck_9eb5b3f5f672c2b1,0.014707679771847629
ck_e4cf189a8d31649a,0.053147280505194544
ck_6b114f2a48152b96,0.16616418822570786
ck_3fb95862b70f505c,0.43831737624770833
ck_7f780f465c29398e,0.4685271949480546
ck_ee387f9da79e67ea,0.8431859849256467
ck_fa3b1e85d27af2ee,0.6539824811570585
ck_e739eaaa7a1822f2,0.8946221226319007
ck_dfa0ac11fcb1dabd,0.2816459564066001
ck_6e8751b571ea54d1,0.5064575269912406
ck_2d695f8358383092,0.7170706864941944
ck_e7dce27edb700f27,0.7455489916479936
ck_e322da8b213eab52,0.10822978203300061
ck_d0b32e039abb8200,0.21138724791199837
ck_b354003302b272ca,0.15530657975147688
ck_f7485cba392bc294,0.9526176410674272
ck_d6a290ff8362c7b9,0.8669790181299654
ck_c56a44fe315c0389,0.3655734365451212
ck_f77dfe6512eae322,0.7657364025259727
ck_35fe969c58b9e70b,0.7305561214096559
ck_4c518637db2322d5,0.9370136484008964
ck_cb61902798ecc4fd,0.8179058871460584
ck_56e6cfa32156a916,0.023609696475860666
ck_343e6ed2b9d35c01,0.6822367080871868
ck_51440f64f7250ad7,0.7324506009370544
ck_295bca29c34cfe2e,0.5140150743532288
ck_dd30558576b45e7b,0.37268282745976783
ck_3a30132a57181fe3,0.44000814829904256
ck_4a733aeb833406f4,0.1547158280708902
ck_1b0b7c3d35ab1259,0.7141169280912609
ck_962c3bbf27cd4b80,0.6723161540028519
ck_9528e1d6b1707870,0.5856793644326748
ck_b3263e7f31aab45f,0.5536565491953555
ck_e69195a3c885053d,0.02780607048278672
ck_a907fa8795cd4baf,0.04911387247911998
ck_205c3405045bd835,0.5293338765532695
ck_e81fc223bed3c46a,0.5121205948258301
ck_363751deae40edfb,0.8438378488490528
ck_6176baea8cbebbb6,0.22293746180484825
ck_633e6579f5c74a5c,0.9479119983703402
ck_ddc11fc481eef58d,0.569566103075983
ck_e975002c979e12c7,0.7820126298635162
ck_8e039b23acaaac00,0.8602159299246283
ck_1d6990d94a4d2ad6,0.19757588103483398
ck_e7b583acaa3171a2,0.8814422489305358
ck_c0133f60d39b2fb5,0.40244448971277247
ck_7d6bff85e7a694bc,0.4135261764106743
ck_d305b4d82f63f647,0.28977388470156856
ck_22bd0fc71f95e048,0.8228152373192097
ck_9a65fcfc7916f93f,0.04147484212670605
ck_d61c837b0106085a,0.6227948665716031
ck_be86a1db08dea456,0.6763903035241393
ck_90489c405e6886d8,0.3576492157262171
ck_0add2c321d579d75,0.6055204726013445
ck_482dea6eed92cbbc,0.19959258504787128
ck_c24b47184534cc2c,0.9954573232837645
ck_fa04ac31e596e7d6,0.27184762680790386
ck_084322dc5a3a86f0,0.7349154613974332
ck_ccb72a33cc1877b7,0.5735995111020574
ck_afaf374009d3b248,0.21313913220615197
ck_b53084ffede19a8e,0.21026685679364435
ck_4760216154c8cac2,0.9376451415766959
ck_37ad3a65db673e70,0.5085557139947037
ck_0c2932cc0d553694,0.42008555713994705
ck_86b853c52f20fef5,0.22462823385618252
ck_38703b7546d35a80,0.24624159706661233
ck_218b7e6e6dbd2da0,0.2317376247708291
ck_402db4184982fdf5,0.33784884905276025
ck_f917c82af80e4a79,0.7635974740272967
ck_3c6417a233c68c73,0.5646363821552252
ck_98068c397d70dd3a,0.5822163373395803
ck_b1cbd6679c0f8d95,0.14163780810755755
ck_9e962f9bb0e7bac2,0.506294561010389
ck_b08247c3ad567d92,0.9445711957628846
ck_3ef7a03ebb81cfe3,0.1281727439397026
ck_5d7ae0e3562e99bf,0.8778773680994093
ck_c91a628236baf91b,0.6822774495823998
ck_7f8e816ca51755e3,0.9559788144224893
ck_5aadd286d188f5c3,0.1717661438174781
ck_a037aff5f8128c73,0.23593399877775514
ck_5df6529ce8290906,0.2000407414952129
ck_5f3609511443e5a8,0.3643919331839478
ck_a6f61864fac3c8fb,0.5195966591973926
ck_2733fc6ba23ae46e,0.4387859034426564
ck_22bfb9246646eb41,0.9513750254634346
ck_bfc2a57d8fd1610c,0.9522305968629049
ck_49839e761d0e74e9,0.17392544306376045
ck_aa4ba931dd37481d,0.4574251375025463
ck_2f9fa0d61829f815,0.46614381747810146
ck_5b82c774df10d49b,0.06824200448156448
ck_411219470d0a195c,0.718822570788348
ck_d07485ba10514a2d,0.9115298431452434
ck_219bef979ee21bdf,0.3129761662253005
ck_eb1006e7285184a6,0.6843145243430433
ck_fd242b18575e3063,0.7599511102057446
ck_95188150ff059c70,0.7539009981666327
ck_a9ca2f447b984a6a,0.23147280505194542
ck_2dd39723c4088b64,0.2768180892238745
ck_aa2b4c662ff213b6,0.8183336728457934
ck_1867b1199c864db5,0.6806070482786719
ck_850ec97a5a0dab9a,0.8829700550010184
ck_562320295fa35875,0.12613566917905886
ck_bab5759b07fe2bea,0.1386025667141984
ck_b9f1465d803e57b2,0.8031574658789977
ck_8f21f2690c32c691,0.8508453860256672
ck_df87d6f61a63eb21,0.8872071705031574
ck_770475876d0e7e6a,0.3422285597881442
ck_b4c014d5c0cc9eb2,0.11794662864127115
ck_3add4d23124c9290,0.33043389692401715
ck_bce5b7fecfb6264d,0.7727439397025871
ck_604c17cb97dc89be,0.8370340191485027
ck_e52cbcd9aafd26b2,0.2308209411285394
ck_0ac9114076f5bf3d,0.45045834182114486
ck_dcc125b178b79566,0.041760032593196175
ck_4e333c09f0c37dee,0.7144836015481769
ck_ff7e31ff8ba731e5,0.6634752495416582
ck_8d0532d24f1070d1,0.07490323894886944
ck_3689fa41748a6f6b,0.7357506620492973
ck_7509eb97c1948b16,0.203075982888572
ck_a9161cf1ca22a6bf,0.5613770625381952
ck_bed3e3db135b782e,0.7090446119372581
ck_9040edd974ef8e3f,0.9382970055001019
ck_fac32d76ed40f683,0.25891220207781623
ck_3d7b1078e2d57c69,0.14469342024852314
ck_dae09c4e074af5dd,0.7671827256060297
ck_fd84507228467b40,0.8476471786514566
ck_e2a2ce9b8cf44c63,0.589610918720717
ck_cbe716f351d660d4,0.24121002240782238
ck_cba4162ef29a6d27,0.6197188836830312
ck_4f1e962ff8a29732,0.4693420248523121
ck_39a81899dded61e4,0.24536565491953555
ck_25382331551d22a5,0.3483397840700754
ck_6d64e1c07b19856e,0.8911794662864128
ck_165a868bdef28ad3,0.6566510490935018
ck_88774ae52e30e877,0.9242615603992667
ck_fc7a9d0643570053,0.08231819107761255
ck_c2017120b3b88a46,0.5779384803422285
ck_d115ac6b9fd62a7e,0.36858830719087393
ck_439cf7d51ec7de0f,0.3114279894072113
ck_2468a7e9e68a0927,0.302424118965166
ck_7c418947124dee8f,0.6535139539621104
ck_fb0cf32c4a56f740,0.8509472397636995
ck_694eb6c43193afd4,0.5735180281116318
ck_993beb188dd4abb6,0.8888368303116725
ck_77fa39d3b733c226,0.5216744754532491
ck_49969a9abc47cb69,0.5281523731920962
ck_d3f44bbe2f7e9b2d,0.19983703401914849
ck_fcf5b8216d0c18ef,0.0424322672642086
ck_daefe1e2d2bc362d,0.2469749439804441
ck_9c9287cb28950eb6,0.3064575269912406
ck_c1d1a625b885a975,0.5976369932776534
ck_71b37fe47490b4ba,0.15206763088205336
ck_5d16e257c0635f7e,0.9316357710327969
ck_15918075563eb074,0.019515176206966797
ck_9a15fdefc47e8d11,0.6154817681808923
ck_6f04d047d1dde75e,0.04481564473416175
ck_1af2c0b3b8d202c1,0.22081890405377877
ck_174be2231c5fd2b6,0.25045834182114485
ck_bb0713a2a1d65982,0.577306987166429
ck_0daec63bd5b0729d,0.4149521287431249
ck_c0b5cc3e8ad2ff44,0.6807903850071297
ck_35bee1fc12664644,0.9009370543898961
ck_a1c7cf63467df4c2,0.08024037482175596
ck_ecb1e15f0b185ceb,0.8031370951313913
ck_f280d31f54a4710a,0.9259930739458139
ck_30f4b2ee8abe1342,0.800835200651864
ck_66bed631354de5b7,0.22330413526176413
ck_c2d3ecd7278eba2c,0.0802607455693624
ck_e901dec0e09eccbb,0.07463841922998575
ck_5d038ecb3c8748a3,0.1401303727846812
ck_283c5bea94b21e80,0.10079445915665106
ck_7956c251b85f009e,0.9494601751884295
ck_9f5f81d771146aa1,0.3257282542269302
ck_9323e6fc1e168eda,0.9582603381544103
ck_10495d3a635b8d69,0.6845997148095336
ck_1982d571cd36eb0c,0.2625178244041556
ck_4f5d7985bcc2eda4,0.3607863108576085
ck_7df526b2b4410bb4,0.7435322876349562
ck_dbb498b1a346a402,0.06646974943980444
ck_ef059997563e3330,0.5962110409452027
ck_02ec4e06709e6b82,0.30297412915053984
ck_9782c86ba6485f88,0.2976777347728662
ck_d69de468b44143ca,0.133550621307802
ck_6430a8792f400e0a,0.6776532898757385
ck_8285bd3c90af94f6,0.10474638419229987
ck_985c9ca112000e9a,0.5525768995722142
ck_e679fbf4f4f4aa07,0.6705438989610918
ck_016e8c8eaf9d511b,0.7864127113465064
ck_bc996c523944644b,0.7144632308005705
ck_5b8315726f6204e0,0.4826848645345284
ck_78181f8e998e442f,0.4108779792218374
ck_71c68dfd011dbbbe,0.9579955184355267
ck_db32c95ce2b6f502,0.9806477897738848
ck_755010362a9b1bc4,0.35359543695253615
ck_114141d85256c9ff,0.0147484212670605
ck_9d1a5cf5a3b87e48,0.26433082094112853
ck_ab640420858ab5c4,0.8180484823793034
ck_97a8dac48dd62488,0.6946832348747201
ck_879cc3166fe1bada,0.28333672845793445
ck_b0ed11080076e381,0.09443878590344265
ck_7334a9ec656263b2,0.19784070075371768
ck_6494f0ef13ce44d9,0.38559788144224894
ck_724e459b9ece38f4,0.7773680994092483
ck_7fd8b1470401695f,0.9380525565288246
ck_292f81186358b0fa,0.46276227337543285
ck_fa7de64d37287615,0.7588714605826035
ck_d00e09e66ed6458b,0.8755754736198819
ck_b8d210e741be186e,0.4310857608474231
ck_3db59982cbae4410,0.5856589936850682
ck_69887d0a9aaca6df,0.18973314320635568
ck_4feb21e2fb0b3977,0.07465878997759218
ck_08c6cc1e143475e3,0.5930943165614178
ck_fe6e168cdbb46b9a,0.8868812385414545
ck_07f1734be7fac56a,0.8469138317376248
ck_d66d59981307db93,0.8458341821144837
ck_f928dba0d587d7c1,0.0609085353432471
ck_786448fe3004cbd0,0.03788959054797312
ck_29ea329fa40ace62,0.7276431045019353
ck_7ea52b6f27edcb73,0.44764717865145653
ck_18bc51bbf3ef198e,0.7099612955795478
ck_44950df09ff14ded,0.05826033815441027
ck_c1466b52c0a10b93,0.32564677123650443
ck_6cdac067cc4db5c5,0.6336321042982278
ck_53f55c6e8cf2d432,0.4564880831126502
ck_95945f48453ca532,0.5890609085353433
ck_87cce4126e215153,0.2540435933998778
ck_1ecd5516c92caa4f,0.10287227541250764
ck_819b482bca14c068,0.9532287634956204
ck_a61a879dd46fc9f2,0.06451415766958649
ck_af70aa32c009c3c9,0.5072112446526787
ck_f4fe78e249092ab1,0.37396618455897335
ck_12c46bc52bf45b36,0.44927683845997146
ck_f05f5e4b40afa52f,0.5368099409248319
ck_0f8cb09d3f4fc980,0.6910572418007741
ck_80a64a7f0275a71d,0.8038093298024037
ck_683af7b1540a0b22,0.4749236096964759
ck_51fe0b613c076cbe,0.258667753106539
ck_da1a2450219dcf19,0.5112039111835405
ck_2a7eba01ceba6c2c,0.6041352617641067
ck_4e329e29dfa743ea,0.9052556528824609
ck_0274d881d6db82c8,0.1624974536565492
ck_0af5b7d128035b35,0.11772255041760034
ck_ae0a7be6b0a0ea68,0.27879405174169897
ck_de5bb7a4d091386d,0.9069260541861887
ck_2bb7c17168a9d17d,0.702933387655327
ck_0ffdff7b2f5fdfe4,0.40633530250560196
ck_718a8390b3d42d7d,0.379262578936647
ck_7c4f12d70f184533,0.11692809126094927
ck_d3e2c26b8adff099,0.7932165410470564
ck_ac9d3d9754104cf0,0.07396618455897332
ck_3b1766a1d51f8f0e,0.9459971480953351
ck_a9bf75bea912027b,0.6544510083520065
ck_687eab3ffe1f8cfa,0.7362803014870646
ck_25dd0b02af5b2f37,0.6608270523528214
ck_1747fcc466f0ae38,0.07201059278875535
ck_f6e9d14dfb6f3c28,0.6875738439600734
ck_c6a7bbd0adc4d5f3,0.7578936646974944
ck_46656a23f4456d22,0.9701772255041761
ck_7519260415c2998e,0.395946221226319
ck_754f30ea19df857c,0.8227337543287839
ck_ba88a244d5f7380f,0.2256467712365044
ck_f268416945316815,0.17492360969647586
ck_21860dd2159dff28,0.10770014259523325
ck_7a86ef4e2beaec38,0.10945202688938685
ck_0414507baeea936a,0.5840089631289469
ck_60796eb60fc3043e,0.24202485231207987
ck_1e0841ed17fe0562,0.39877775514361374
ck_0d641d32658d6e0f,0.15852515787329396
ck_b36086ae6d87eec1,0.21401507435322875
ck_962e65ab33b5c311,0.9896924017111428
ck_b046a42684468e63,0.31126502342635975
ck_ab3426435b0017d6,0.4899572214300265
ck_fcfe06e44d09a344,0.7047463841922998
ck_0f6d916c92189516,0.3080464453045427
ck_d4c8f0d957c3965d,0.42179669993888774
ck_2ca83dbd728af019,0.14076186596048074
ck_2857a4ce9f72fbfa,0.1268690160928906
ck_a60e6edc48e3d0ac,0.9184762680790385
ck_0cbd3b27063d4415,0.7655734365451212
ck_612089ec90c37219,0.770319820737421
ck_ec4e597f17f473c6,0.11067427174577307
ck_1c93cc58f314bf71,0.7194133224689346
ck_2b359a979520276e,0.24501935221022614
ck_1496568ddc3b2d56,0.24257486249745366
ck_41d91dc9f5063566,0.6116520676308821
ck_4c5ff58afe3d7a67,0.028661641882257078
ck_81709736281fa3eb,0.23970258708494602
ck_d89abbab3d4957aa,0.2811774292116521
ck_52453401f88935da,0.5021592992462823
ck_a477654d34783e06,0.21071501324098596
ck_72dd0dbdf808cb00,0.385414544713791
ck_c183dff3781746cb,0.8783458952943572
ck_c8b7f241810b45e5,0.12452638011815033
ck_f88028c3f306bc70,0.5907924220818904
ck_91d48d69e4f5d9c2,0.5686901609289061
ck_b74b9ba6d7c9aab7,0.8526787533102466
ck_03e904682dc73bba,0.5493583214503972
ck_fc6fed6ea96a004a,0.41855775106946425
ck_51efdd240e34c642,0.50829089427582
ck_e78ab4ff52b5fd2d,0.3386840497046242
ck_4af7b97c24d89a45,0.6893664697494398
ck_295c0072eca7f7a2,0.3210022407822367
ck_8abd1a50a9227463,0.8050519454063965
ck_ecaa6f13304e3dc5,0.2631696883275616
ck_de436e7b319be1fa,0.9938887757180689
ck_c802cf8f61466027,0.6643104501935221
ck_3d83e0a3c1cfbf8b,0.5928498675901406
ck_28d2003c2d16e4b6,0.21289468323487473
ck_8ddaf745bbb9cd62,0.11660215929924629
ck_493b6256091014cd,0.9231004277856998
ck_a2245822cfea997d,0.18737013648400896
ck_f7305b3c64cf8a03,0.39704624159706664
ck_9937dad93a0ed3c1,0.39951110205744556
ck_d654449f9231ad76,0.3562232633937666
ck_850e2b59bc535490,0.7239763699327766
ck_e55e5bdfc0242aef,0.8533509879812589
ck_d35c51e981b98c5c,0.13420248523120798
ck_27cdf9c5e6f0915b,0.4929720920757792
ck_d328db1e1052d820,0.3182725606029741
ck_0ea30eff5f361cba,0.2490527602363007
ck_9994323f97109f4b,0.9928906090853535
ck_09054e97bdf9624e,0.07194948054593603
ck_723b4afc388113c8,0.2756976981055205
ck_588f6e6a6a6d93e8,0.6489305357506622
ck_e1d563fab4d6116a,0.848645345284172
ck_53aca610e20598bc,0.3713179873701365
ck_c8131ddc7ed33448,0.08824607863108576
ck_899f88464305824a,0.636626604196374
ck_1c17c65804f8889e,0.09688327561621513
ck_45a16ce12893cf9b,0.6838663678957018
ck_f9d481aa4f9b2808,0.9583214503972297
ck_1d5d74169cf892ef,0.5926257893664698
ck_aba32acb61c1aaca,0.7132409859441842
ck_ec4dd3675a8d28cc,0.43350987981258915
ck_5dcd443fe0bbdeac,0.22874312487268283
ck_3a47e3f54475e854,0.0037685883071908745
ck_a9aa5c344c315532,0.47918109594622127
ck_9652283c9f61fcec,0.03727846811978
ck_752dd3d2487f78ea,0.28184966388266447
ck_a821980ac4db9943,0.8677327357914035
ck_93e0d6befb67f7a1,0.4157669586473824
ck_e7a3881c3e36bd51,0.9462008555713994
ck_12631b78f8a03df2,0.06561417804033409
ck_57b8226610b48854,0.6288653493583214
ck_352657008983fd4b,0.6642289672030963
ck_0841a5c24fd3dd28,0.5530861682623752
ck_db9b9d5d30f74070,0.9416785496027704
ck_a9dded7f6294e44f,0.587512731717254
ck_91a16336ce3217dc,0.4609289060908536
ck_371bd9388b287677,0.05988999796292524
ck_f285e5e1912a7c62,0.33018944795273986
ck_368b65fca69fc415,0.8613974332858017
ck_d27a73596b6500c2,0.6474638419229987
ck_2d963f9b2c4d11e1,0.6877164391933185
ck_7c500e219af39486,0.6817274393970258
ck_7d025dea5951cba7,0.21743735995111022
ck_32f632706608859e,0.8187410877979222
ck_53816231f3ffb48d,0.3226319005907517
ck_9dbe184e81c1ca8d,0.6323080057038093
ck_d74123617f22a21e,0.6524750458341821
ck_275386782b1606f8,0.051212059482583006
ck_0b0e79d33e50cba5,0.3163169688327561
ck_ba93cb604f792915,0.7747199022204115
ck_a86cd653472eccbc,0.18971277245874923
ck_87771861e0447210,0.8808107557547362
ck_212380e0371d8a6d,0.5266449378692197
ck_ef0d702d7b0ed745,0.10505194540639642
ck_2b8f33e22f939372,0.9544917498472194
ck_480347ad92037105,0.46687716439193316
ck_20124c3a16c53ce4,0.5510490935017315
ck_c9e1e3229baae708,0.7421878182929313
ck_b1befe967f7a5ebf,0.5531065390099817
ck_4672167d7c989bbf,0.6232430230189449
ck_f0c44ee5e3a42e3d,0.4817070686494194
ck_c416357d20238a4e,0.4244245263801182
ck_d0f470f8078c91df,0.6825015278060705
ck_3a70b4ee59084715,0.6080057038093298
ck_179ed66cdfc1ce27,0.14196374006926055
ck_387e5a7f163c7837,0.6863515991036871
ck_08fb463e69f647c8,0.9835200651863923
ck_732f725747393ec8,0.45163984518231814
ck_7cc5e0fa3ca5a713,0.7754328783866368
ck_ad4a4daa826ac68b,0.8227744958239968
ck_472e0be7a3b533bb,0.4019759625178244
ck_7190177963eafdd9,0.4132002444489713
ck_647ac26c5900f082,0.2259930739458138
ck_272ae2179bbd8e58,0.34909350173151354
ck_09b0d8af304646bd,0.0605826033815441
ck_ca0cc8ea9f344408,0.37785699735180284
ck_332ad134fb909869,0.8425341210022408
ck_fca2798914627dc8,0.8389488694235079
ck_4450b55f462ae134,0.18024037482175595
ck_d67d9dfb60b286b9,0.15265838256264005
ck_a9d2bb4f2bde7052,0.15997148095335098
ck_929bcae878a3ecb3,0.9228356080668161
ck_59a9e000fa275e1f,0.5929313505805665
ck_57f17254e2688637,0.8042778569973519
ck_0508908697f60ce3,0.8859441841515584
ck_946afc2943298d26,0.11588918313302099
ck_7176d12b18f2cc0e,0.36392340598899975
ck_5c47b49c26cce286,0.6611733550621308
ck_b6a2bdb2d335e1d0,0.9903238948869424
ck_1d58f6caaa4d012c,0.8039315542880423
ck_71c917295020ccc7,0.2773680994092483
ck_bc89644ae3688995,0.2900387044204522
ck_e7c212f16d6df272,0.2483601548176818
ck_c6d2e11a368184e6,0.11267060501120392
ck_eed7f1f7548df15b,0.2886942350784274
ck_75b69034000ca7bb,0.7176206966795682
ck_38da3bf629458682,0.5467712365043796
ck_90114c891239d821,0.16221226319005905
ck_8ee08f6777cc155b,0.2722957832552455
ck_bd86132499defcd0,0.4008759421470768
ck_b95fbf2b5640aa82,0.3011203911183541
ck_c530235393360e3b,0.6301690772051335
ck_be52a7ec43241ba4,0.811509472397637
ck_d96eb3cc55f2772f,0.41937258097372176
ck_dd34f0a844fb115d,0.8549195355469547
ck_17cc7b411f448e66,0.7310246486046038
ck_856ea65fa27d06dd,0.404705642697087
ck_056d5f0301c30902,0.8272764310450194
ck_e662b14b2bab23a2,0.893236911794663
ck_209f574c8d92274e,0.07529028315339173
ck_62720b81617896cc,0.7168873497657364
ck_041614694b77e599,0.4159095538806274
ck_461e3f7b97db8d16,0.5189447952739866
ck_1b74b798eebeabdc,0.45565288246078633
ck_0ed2739384f1d644,0.3498879608881646
ck_5a4d19f1b83feeb8,0.06384192299857405
ck_463937167965a1f8,0.5682012629863515
ck_9d7151dbdf100e0e,0.6170299449989816
ck_20a7d1ce6cc27312,0.13110613159502954
ck_6031211ff118cf0f,0.0486860867793848
ck_a6fc92aa91e99b77,0.9668975351395397
ck_0aaaa9d2f75a0518,0.44182114483601553
ck_ec26e327cc1848b2,0.08160521491138725
ck_0e6bebf8ae9b9b03,0.2576084742310043
ck_e107537a4cb738f4,0.04473416174373599
ck_e8ea56e122a5a487,0.6231411692809126
ck_98149ed45d38c4d3,0.7789162762273375
ck_0e719b3a6906b8f1,0.0037889590547973114
ck_0c6e7bd357e4a348,0.11678549602770422
ck_d3b2b250da61db19,0.9878590344265635
ck_8bb6b0a292754576,0.8372377266245671
ck_87d70f5fe48a6128,0.5763699327765329
ck_ea9edf9c107d429f,0.4385210837237727
ck_059806c52cebe4f1,0.8880831126502342
ck_a72d6df666e1c21c,0.22803014870645755
ck_1d2b80ab6c4944b9,0.29183133020981866
ck_60557f077abc42ca,0.8665308616826237
ck_e5f5cb7dd6ce4a37,0.7299042574862497
ck_4c4a939154446053,0.0964351191688735
ck_50ede3eb561a202c,0.5059889997962925
ck_6d03a542922b2ae8,0.4942961906701976
ck_d6fe761ed0db3270,0.6292727643104503
ck_7f0cd6ea3096f985,0.8171521694846202
ck_23edb6d938a3b87b,0.07390507231615401
ck_799aaf9f2b9ef621,0.17628844978610714
ck_f8f6a03613b6dda8,0.014402118557751071
ck_7cffb189f4f514ec,0.9945406396414749
ck_c081e1967dcd811f,0.422693012833571
ck_583d6ca78c97d91e,0.9446934202485231
ck_9332bbc7125219a7,0.09661845589733144
ck_956b5af6d7d86c65,0.983784884905276
ck_2d634e3f24681c0f,0.6747606437156244
ck_7b35d218ed0c5a60,0.2145243430433897
ck_ca5b1057f8248f73,0.6420044815644734
ck_ec5ea81cf813597c,0.5537380321857812
ck_eaebaf4d28400fb8,0.48252189855367694
ck_ae2ab6be219219aa,0.047932369117946634
ck_d99a8b4c820eb46b,0.5031370951313914
ck_bcfb7ffb7cd428bd,0.31205948258301086
ck_3dd542c2d31be2c0,0.2811977999592585
ck_c7dd84401e29a7fc,0.7537787736809941
ck_c4bcc7cefd40f8e2,0.13852108372377267
ck_c251898b5d51e3b0,0.39621104094520265
ck_36d37be780c1291c,0.11346506416785497
ck_99b4f266b61ae7ee,0.451863923405989
ck_c37f03995f0f0169,0.2718679975555103
ck_65a23ac8e44eb901,0.32118557751069465
ck_644b1c1149eea9e0,0.48089223874516196
ck_9cf44eb0237c2429,0.5300468527194948
ck_20541686a94fb71c,0.5421878182929314
ck_c18245be844680f3,0.6163780810755755
ck_56de216eda6b7fa6,0.18494601751884293
ck_406c4442dee45cd1,0.0379914442860053
ck_df1585c7d72a96e0,0.025626400488897944
ck_b8e8dba20676d87b,0.5836830311672437
ck_0ee6965e68efc177,0.6029130169077205
ck_c2a5c54ad8d0d297,0.549765736402526
ck_bf6fb7e6470e95cb,0.08569973518028111
ck_27fa694569140345,0.05889183133020982
ck_e04166b0ce66393a,0.8134446934202484
ck_8742114f4f0cb22c,0.7964758606640864
ck_6eceeafd56b42576,0.8974536565491954
ck_34f9951b0eca1965,0.7563658586270117
ck_384ccecd342a24ad,0.1766958647382359
ck_49c98bebd1338879,0.08950906498268486
ck_6c26c12071c91ff6,0.09462212263190059
ck_01e5986ebb9a78f1,0.4418415155836219
ck_121db7ba3be29ee8,0.741984110816867
ck_039e6d5a330cea1a,0.5032796903646364
ck_ae8c9163cf957d7e,0.3933591362803015
ck_3f5e8f3f1df0c8c7,0.5399062945610104
ck_b1c51fdafcd80122,0.35663067834589535
ck_12e2b5ebfe8986b2,0.38724791199837033
ck_d55eb81a4d543c59,0.1983499694438786
ck_f85155ca5c312c7b,0.7634345080464453
ck_133d8a1ac7c0e301,0.9893460990018333
ck_04212a9bb9b28696,0.9976166225300469
ck_4cc11c7d3ca61f73,0.43774699531472805
ck_2df4854186ec515b,0.4551436137706254
ck_aa9b28e7fc43af79,0.9507231615400286
ck_47cad6c3def4c9e4,0.07649215726217153
ck_fbff7b5da8111567,0.2520676308820534
ck_bd25ea782e375b22,0.8674882868201262
ck_7989376f8cf64a9d,0.46594011000203706
ck_675c0ca1ebb1051c,0.2522917091057242
ck_1436f6e11d4008f9,0.15047871256875128
ck_812cb3a4482cc618,0.30763903035241397
ck_6e606f73a1094afd,0.9055408433489509
ck_1b708e2a4a0584dd,0.31798737013648404
ck_a60d6b324bae0330,0.23185984925646771
ck_706a4f673a9fda3b,0.9357914035445102
ck_a75ece9a9044eed0,0.058789977592177634
ck_9aa45c4e03c8c57a,0.7776532898757385
ck_9fe9bdce982b312c,0.5603992666530863
ck_c6fbdc5ba68a8466,0.5706050112039112
ck_ed0cc1b1c28f9511,0.7329598696272154
ck_a4e2607b4c8021e8,0.18268486453452842
ck_e02f93f51cc8caf3,0.3344265634548788
ck_7084ed3cf20781b7,0.6468323487471991
ck_cd4c63155570d6ea,0.025748624974536564
ck_d1b9e5d32d2d789f,0.30554084334895093
ck_68f56f6560a7a933,0.13023018944795275
ck_8bedacc6233c6269,0.2831330209818701
ck_ab7cb50407d6b13e,0.6508046445304543
ck_f17ed7e0fd687742,0.8380118150336118
ck_b0fe4b92fc70f72c,0.07451619474434712
ck_84d62b8196da2452,0.6962314116928091
ck_9e298cae167f4693,0.20303524139335916
ck_405b20ef9ad0ba5f,0.9238541454471378
ck_813e02e1ababd177,0.6815848441637808
ck_f234ab47061ba7c0,0.08299042574862497
ck_22b587c18363899a,0.4683031167243838
ck_4e862c2f48c38aeb,0.19621104094520267
ck_b89cb90a420c9075,0.2208800162965981
ck_be2251640f27a3c9,0.85591770217967
ck_46bec0bff167ed3f,0.5323487471990221
ck_c0032232c2868328,0.3248523120798533
ck_030cf09525dba4ba,0.6798940721124466
ck_6ecf56236789fc09,0.9842737828478305
ck_38d4ed52cbe6d123,0.8289264616011408
ck_2d923d957ffd4d53,0.4198207374210634
ck_3af1eb88728ed8c7,0.5818496638826645
ck_2f8120ca80a1592c,0.0635363617844775
ck_6cabb1a133f0b151,0.7542065593807292
ck_bb6cf7e7b707731d,0.961601140761866
ck_c8307fecafa90140,0.7934202485231208
ck_75f968be67f46d24,0.468079038500713
ck_df6fe4ec5a233213,0.38669790181299657
ck_b53e88c0e927d896,0.12556528824607863
ck_f0093064aa28f4d0,0.36526787533102467
ck_ec9976cabc63ff92,0.5431859849256467
ck_30dac0a58c5590cb,0.8878590344265634
ck_348a525791ae6475,0.7054389896109188
ck_b898d912d1181ef9,0.21258912202077818
ck_f5b1200dc6f95760,0.70354451008352
ck_54978a073e7a0b1a,0.18906090853534327
ck_55933936536a4071,0.4349765736402526
ck_d6ba7ffd2ae08863,0.41986147891627623
ck_404e2217fd87fdd2,0.055673253208392746
ck_dfaafdaefa5716b6,0.4070890201670402
ck_556c62e92d4e7e5b,0.7266653086168262
ck_7ce44f4e06d58111,0.7933387655326951
ck_465cb8ce232c7670,0.1656752902831534
ck_237508ca4fb37268,0.7691586881238541
ck_ba4a6b9aa63964ef,0.5193929517213282
ck_4802a0a7a1882c88,0.9316561417804032
ck_9478dfe4114c30f6,0.29722957832552455
ck_5138f6c575dec64c,0.16298635159910368
ck_aebb42afe430e2e9,0.13709513139132207
ck_004efa95555437e9,0.3685068242004481
ck_11af112667c98394,0.13147280505194542
ck_44e9a18a8645c9d3,0.059156651049093505
ck_2605fd571219e28d,0.008657567732735792
ck_dfc933493561d84f,0.6306987166429008
ck_67674348e68d1f25,0.6391525768995723
ck_dd97429277a2fa00,0.9020778162558566
ck_d3eab7a06eb48348,0.6490120187410877
ck_0b9fcff9667ec05a,0.18553676919942963
ck_fc4bfd6e739bddea,0.807272356895498
ck_43292f70a03ddf2b,0.6466286412711347
ck_5ff6108056a3fef5,0.5198614789162762
ck_767e0be086b5f601,0.723996740680383
ck_b8465b1a5666155b,0.650234263597474
ck_ab2e3fc56f5b3aae,0.3610103890812793
ck_1833c81d693c1e07,0.9782644123039317
ck_0308e0602b856445,0.09869627215318802
ck_ccbdfe744acff8bb,0.5389692401711142
ck_b294aa27a0b586d7,0.2062945610103891
ck_a3747201f377626d,0.9819922591159096
ck_edde1d7d1db24725,0.7775921776329191
ck_ae3b47d6e1063704,0.12265227133835813
ck_3aabf5e0f4defb41,0.47647178651456507
ck_f034adb57391f3d7,0.8108168669790181
ck_533672fb40531607,0.8410877979221837
ck_2a244f1ae08ef83c,0.568079038500713
ck_a35d81bcc54ece2f,0.8727846811978
ck_78a61215675b38f0,0.3347117539213689
ck_e013d88ea7939616,0.31709105724180076
ck_e5018f9418e0102e,0.5269912405785292
ck_d4e024fcda401a31,0.6852108372377267
ck_f736cffbdb82db34,0.0027907924220818905
ck_1507f5aa50cdf3a0,0.15355469545732328
ck_18270fee7c8fcee8,0.051537991444286
ck_95ffa1a805a1c9d1,0.10272968017926258
ck_11132d245b94d045,0.1882053371358729
ck_7b93a622e40d8b14,0.7882460786310858
ck_3854c08d17704347,0.7900590751680587
ck_7717fcb100dc4b5f,0.7515991036871054
ck_ba54e0a1c328119b,0.9778162558565899
ck_a7afdac4ecbf2de4,0.9393155428804238
ck_ecfb771ed2352085,0.5290690568343858
ck_68be4fefc85a6b64,0.9219392951721328
ck_dac7c50bd6d0148f,0.7862904868608678
ck_87cf36a03bd63c24,0.9404766754939906
ck_8adb40b168b59d7c,0.6927276431045021
ck_8d2f62930777416b,0.7958239967406804
ck_9958b58da9e3c21c,0.5854756569566103
ck_9440335375701f44,0.7704013037278469
ck_e2f88e202b6f700a,0.7280301487064575
ck_4c7c50684827a2cf,0.45443063760440006
ck_8a6ea4a79b1c7a8e,0.4199633326543084
ck_186dbff4b24a3bbf,0.8261356691790588
ck_220fda3c11c59b6c,0.789284986759014
ck_3acccc69f8b1fd14,0.6375636585862702
ck_9de191bf79afd676,0.3104094520268894
ck_6de6b1663f9457f4,0.08172743939702588
ck_062754f8b79b86e5,0.30105927887553474
ck_aa153a89a52f7eb5,0.6999796292523935
ck_34a6bd3be642f15c,0.4137706253819516
ck_9371c700d9830326,0.5581992259115909
ck_a99e0c258ad7576b,0.3765736402525973
ck_0a7ba51d626e932a,0.7429822774495823
ck_852c50bbba1ead13,0.8764310450193523
ck_43dc13b6b6d31297,0.7329394988796089
ck_7d81b59d615a6649,0.6991851700957425
ck_39a3f1da060e88bf,0.19113872479119987
ck_6fb2d142c09ed3ed,0.48975351395396216
ck_6e5752b87324b58c,0.8331432063556733
ck_9441d48a12e8a4bf,0.87781625585659
ck_09e9c51eb538b255,0.6021389284986759
ck_8d0cd981ed3a183a,0.7248319413322469
ck_57c07c45269ca8c0,0.04039519250356488
ck_ccfc9ab888ba933d,0.762904868608678
ck_9658a6ef471053f0,0.5605214911387248
ck_dac3852758f4ea89,0.14618048482379303
ck_b1ed2278f5f14d82,0.3481768180892239
ck_333544d173524f70,0.8477897738847016
ck_fd4582e3853ef23f,0.28134039519250353
ck_614d936cef98db04,0.4653493583214504
ck_6bc351a3d57aac54,0.4660419637400693
ck_af5842fa7202ff25,0.8072519861478916
ck_81307759252571be,0.47914035445100833
ck_b4d2f02d2cd45720,0.948136076594011
ck_1bd753a4681946c8,0.960297412915054
ck_46d8c029d46867b2,0.0811977999592585
ck_b7da6640fa2f49cf,0.94259523324506
ck_9ea3d5a5a91fef9f,0.6204318598492564
ck_7b922518f667f76a,0.05058056630678346
ck_2a5b31594206eb30,0.9416785496027704
ck_d9506476ad3f9e08,0.42686901609289063
ck_c8791f7ebd4d93c7,0.48761458545528624
ck_b5a3e20fd210017d,0.37351802811163165
ck_8e54386f4fe22cad,0.40095742513750254
ck_75296704f5806f56,0.5987370136484009
ck_0fbbc7a6af300368,0.40729272764310454
ck_d19bf4dc0627113d,0.24766754939906294
ck_7951bd4eb99a0175,0.15023426359747405
ck_059e4fac6b7f704e,0.2393562843756366
ck_2ce8931af02a2ce3,0.653962110409452
ck_9e665618a4860306,0.25369729069056834
ck_6fce5a893613fd2c,0.009227948665716032
ck_9e3fbd04e3532f32,0.8002444489712772
ck_55f2ef0de3420e3e,0.6645956406600123
ck_8d87658a6f5d204c,0.9345895294357304
ck_6d6ac1f5dd882aa5,0.3159299246282339
ck_55d0c7012d7ef236,0.4343858219596659
ck_7738eb085e5753d6,0.06879201466693828
ck_0e6e05c3cc8c8242,0.4903442656345488
ck_8d27ff8383d48132,0.15917702179669996
ck_9afc3bb849f3a64d,0.31450397229578325
ck_27eb86a9898cdfe3,0.3424118965166022
ck_1d40e4fc541abe93,0.8021185577510694
ck_4fd9dc00e1913587,0.9910572418007741
ck_b26cdb2b7b165d2e,0.7948258301079649
ck_a79a27767a02e31f,0.5966795681401507
ck_f0c18cb9f951a71e,0.2753717661438175
ck_50460e0189de6274,0.9822367080871869
ck_5e5280539257c986,0.38959054797311066
ck_eeb854318b3a6f0a,0.389794255449175
ck_943f66f28dd24750,0.054084334895090645
ck_984dd7452aee372d,0.8470767977184762
ck_ecaa6de0aca5e9a0,0.41346506416785495
ck_8f1cbc432e2774f8,0.6200448156447341
ck_d91d9f8445b9769a,0.9692198003666735
ck_73c18e03e3c7612e,0.239376655123243
ck_aded05ada490da20,0.22892646160114077
ck_f744e208183971f8,0.8809940924831943
ck_02d4cef6358ad3b7,0.8117335506213078
ck_08ff5bd467226a5f,0.010205744550825017
ck_f824b326d5089885,0.9405988999796293
ck_3420f2fd520890f3,0.914768792014667
ck_1838cf8d00f5b1e1,0.4380525565288247
ck_a85182ad90b6f1e1,0.12134854349154615
ck_fecb39c82c43e76d,0.1434100631493176
ck_162513e73782929f,0.40293338765532694
ck_2c27b77c59d8f23b,0.8382766347524955
ck_4221e07b17388fd3,0.7205744550825015
ck_adfb8472d5c3d669,0.7104501935221023
ck_0742fe64055d686f,0.1409452026889387
ck_5060aefcc8b6f958,0.2985944184151559
ck_643f549b4ac78a26,0.8694846200855572
ck_dba767885bd6ad69,0.11998370340191486
ck_0dda35c0c64c7073,0.9746995314728051
ck_38ea56d43afa5660,0.37663475249541656
ck_d813e15ac91f487c,0.8244448971277246
ck_4c840e5585a7b167,0.675860664086372
ck_cb8551453a7bb929,0.17991444286005298
ck_05a00b1dd5a03359,0.04807496435119169
ck_837cc7fd48453a01,0.5456101038908128
ck_49dd816b31fba6b6,0.8977999592585049
ck_86a61d9a39768e87,0.6404563047463843
ck_cd0e76f0e7bb38cc,0.515420655938073
ck_dbe58392635133ca,0.5830719087390507
ck_3caec7dd6f8d02c9,0.6932776532898757
ck_bfd9bfc5b6ab4a54,0.8441434100631494
ck_2103399bdb2898a6,0.39454063964147484
ck_329f7de7279e74c5,0.24758606640863717
ck_9bf0d28119fc42c8,0.8074964351191689
ck_f781539b1042dc83,0.29394988796088817
ck_9986c7d781ac6b4e,0.32972092075779186
ck_a627734880aca848,0.04108779792218374
ck_2106e509d77fdb4a,0.9055815848441637
ck_420d1a9c604293ce,0.27205133428396827
ck_fce0610c527e2b56,0.8160317783662661
ck_073da541ec3f9d3d,0.08547565695661032
ck_aa5f3ab48c17fed8,0.9031370951313914
ck_0fc1086e1c9e04b6,0.35084538602566717
ck_5c33bb46c1a5945b,0.6499287023833775
ck_500948a8d4bd8e13,0.861315950295376
ck_19becd44f2c3d2b5,0.7727439397025871
ck_7d0fe77dd5ddb656,0.7103279690364637
ck_f158d9e5f101bb35,0.6306376044000814
ck_cdd7c77823c2257f,0.5720513342839681
ck_6c7b41374f9b2e55,0.4388877571806885
ck_417090dbffb1a63c,0.5256467712365044
ck_dd0e17605f970319,0.4170503157465879
ck_3646515079e6be55,0.6307190873905073
ck_89c8b06aa8c84b2d,0.7982073742106335
ck_e4d6dedd97233c07,0.6154206559380728
ck_bc82fb1895fddde5,0.25502138928498674
ck_88a8b1d442ca3686,0.6536972906905684
ck_5791f8f76a629a4f,0.6474231004277857
ck_9cf5e88e97c8c7ea,0.3243430433896924
ck_58fd684aa5a6f289,0.010715013240985945
ck_9800c21dfbd8e811,0.23972295783255249
ck_8ae64df60ab6ccda,0.6205540843348951
ck_e535fb0f0c00418d,0.7988184966388266
ck_48011996d54855ac,0.9351395396211041
ck_ac79c72a8fe3fdef,0.5546750865756773
ck_b8cc2df5192bc49b,0.7517620696679568
ck_e96a5e1f08f8a867,0.5777551436137707
ck_84df6770549e43fa,0.08331635771032797
ck_e5f7b99ba6ec5767,0.525300468527195
ck_8347455ab53ff620,0.37914035445100835
ck_a84f2cdf695a71d6,0.48781829293135054
ck_90456160115f9ef4,0.4686494194336932
ck_ebd178b3f3a9c50c,0.6425544917498472
ck_e1140be6157bacbe,0.13821552250967611
ck_744ffc11d32b96bc,0.340680382970055
ck_e12a9f7d027e3387,0.12743939702587084
ck_cbe525da0b69f18a,0.6161947443471175
ck_aa59702537557ff1,0.8721124465267875
ck_0348cc6908f7f3af,0.18307190873905074
ck_120e995d50956bee,0.6872682827459768
ck_9fcde1ff46cbbea5,0.7063556732532085
ck_54b0b070689c50d6,0.07757180688531269
ck_966a167758fddfd4,0.6953554695457324
ck_d5194f2e92fd6427,0.09321654104705643
ck_2ee84f3fa27f2cb8,0.07801996333265432
ck_57d0a7eb7eae2eaf,0.5956814015074354
ck_6a2c4edd82e10969,0.014178040334080263
ck_96e4d38ef670eaff,0.4618455897331432
ck_52cc2fd5095b169d,0.43100427785699735
ck_4b088920f3a844c1,0.6758504787125688
ck_8f3ccbd20d59f1f4,0.4195966591973926
ck_e5e5dc431bed6f9d,0.43416174373599514
ck_e8b5bfa6838e28d1,0.3373803218578122
ck_4bfeb78b47b7c6a1,0.7909350173151355
ck_a705c61bd679496f,0.3290079445915665
ck_731869a0c39cb2fe,0.5130169077205134
ck_259eb102342057ea,0.31531880220004077
ck_47a6005fabc33551,0.4057649215726217
ck_682262b455a9edd4,0.03515991036871053
ck_e839d104854945f0,0.5495416581788551
ck_761989aa4c47d746,0.7570992055408434
ck_44211dc210139ed3,0.745711957628845
ck_9915ceedf63a5289,0.7254430637604401
ck_da59ab47cb6284ad,0.07999592585047872
ck_e5cdbfcca2456652,0.0765328987573844
ck_13f2560c6a1ec62f,0.7040334080260746
ck_a0543e9b3abe1001,0.9179058871460584
ck_11c7a58e09e6547b,0.3793848034222856
ck_69587a134d43a4ad,0.751680586677531
ck_28dc0de0ae291f37,0.40651863923405995
ck_298922703c5bbe05,0.7274597677734772
ck_fa5ba9ed9ed6a343,0.7002444489712772
ck_c08e64d424e56c05,0.7249949073130983
ck_598e036a28262aeb,0.5592177632919129
ck_3f7c870510083a51,0.38109594622122633
ck_364f8203a3e98d36,0.938398859238134
ck_7333cedb61506ead,0.43752291709105723
ck_1d96d7fd65f208b2,0.5788959054797311
ck_63133a79f23e2627,0.5367080871867997
ck_901d820e0b72abae,0.3265023426359747
ck_5dd80b3c01457bd8,0.3615603992666531
ck_c0b8067c144ed6c1,0.4562028926461601
ck_cebb8aa8c8f62c60,0.31059278875534735
ck_79749eca42ff1f5f,0.5282949684253413
ck_2cc1d9b587f6da31,0.740211855775107
ck_ccc7916b56d42195,0.18007740884090445
ck_e43e53cc7b8b8e41,0.6770014259523324
ck_4ab74a6e7450416c,0.524180077408841
ck_6e44024e9de301c6,0.07924220818904054
ck_dd78cb6ae2866cc6,0.8754328783866369
ck_c363d3b050baf3b8,0.7832145039722958
ck_2d46291975f0dd08,0.04746384192299857
ck_76ebeb5aee42f041,0.6606335302505602
ck_8395f004cf4d4c08,0.11193725809737218
ck_de7259c3741db179,0.5886331228356081
ck_3938e92585df2b34,0.6275005092686902
ck_af69bfcf4f07d932,0.24436748828682012
ck_1723900ab9afe374,0.6757588103483398
ck_3d58628d1c853c8a,0.2039519250356488
ck_12a074db100481cf,0.5409044611937258
ck_8716cbf892c50e29,0.2443878590344266
ck_fbf7351958ad9615,0.28926461601140757
ck_a50370907e6b397c,0.8335913628030149
ck_937402a60df0821c,0.0402933387655327
ck_8ce9c5807acbef48,0.35031574658789977
ck_acf7d65eaaa4c31c,0.3636382155225097
ck_ec3eb6dd0967cac5,0.8254023222652273
ck_fc832b0c90c9bdb9,0.9677531065390099
ck_8129e81cde280131,0.08038297005500102
ck_52c0ef68aa2fb8cf,0.8008148299042576
ck_06f042e9b1b662fd,0.7459360358525159
ck_0bf35dcf7b38f650,0.38235893257282544
ck_615763afc2e17a7f,0.22283560806681607
ck_e72db9d4b2fc9997,0.9922794866571603
ck_13757bf0eeb353e2,0.20503157465878996
ck_abaf371ec8249c4a,0.7570380932980241
ck_9b7167da0920c37b,0.748278671827256
ck_2e824b0b27494a17,0.44781014463230806
ck_9a0b605e9c3220c4,0.6016092890609086
ck_a5276af466b681de,0.026033815441026686
ck_9e0383e1fb6e214d,0.8652271338358117
ck_6a27c44b691dbfac,0.34453045426767165
ck_af39767cf583905b,0.2928091260949277
ck_243b1b9fdd3f9a74,0.03320431859849256
ck_c0422e638a9c6046,0.5405377877368099
ck_e0f3ea3373dfc4aa,0.7038297005500102
ck_d56ee1654378ffc7,0.3042167447545325
ck_20cd2f5666719baa,0.03603585251578733
ck_4dfa1c1e9b69fcc8,0.4390303524139336
ck_5d22e9ca1d15180b,0.9241393359136281
ck_f4a7ac178fd55f0e,0.20767977184762682
ck_fd5609bd23a1eaf8,0.5232022815237319
ck_49c3bf13dc9471ce,0.5750050926869016
ck_724085c3452d4693,0.8481971888368303
ck_e5d1462846154a75,0.4786718272560603
ck_c69ef0f3e7d6acf9,0.644550825015278
ck_a2d0417791d4132d,0.4596251782440416
ck_00a07fc2a9183c3a,0.0870034630270931
ck_781b8288e54ba8f8,0.9054593603585253
ck_d74a62ab3804a81b,0.3727846811978
ck_abcbde211b6267f8,0.8836219189244245
ck_16dbafc035574654,0.09071093909146466
ck_018f780215ecaf38,0.504196374006926
ck_0b259620eac51618,0.37789773884701566
ck_4f875342394c110f,0.6819107761254838
ck_399e45e5fe9beaee,0.4725198614789163
ck_36224a2d394ebfe4,0.8454267671623549
ck_c189b551bd111332,0.2337746995314728
ck_125c5a720ecb177a,0.7577918109594622
ck_76d010aa02eb477a,0.057812181707068644
ck_1071d14c46c92379,0.9606640863719699
ck_61d244b2cde483af,0.224465267875331
ck_2ff1860da2004c84,0.03994703605622327
ck_c5b583490198672d,0.26431045019352206
ck_1294f7af22fade11,0.8343654512120595
ck_e3a22799716df39d,0.6459564066001222
ck_c77e22834ef97005,0.9442452638011816
ck_73d3689728270a2b,0.027194948054593604
ck_295565fbf77ef885,0.2749236096964759
ck_80c0a7f54ff4895d,0.13477286616418824
ck_f1ef5cf7f10b16c8,0.4856182521898554
ck_a958b2461ffc21a2,0.756569566103076
ck_0e7899a57cd617d6,0.22222448563862296
ck_9d4fed252718f58a,0.5103483397840701
ck_83c2c34add971d76,0.16406600122224485
ck_9ccc030ba2de9fb2,0.17867182725606032
ck_cd691e3466fb3742,0.4885923813403952
ck_49df70f908dfd069,0.7894886942350784
ck_362ce13eec1e33a0,0.3206966795681402
ck_2452a30397dfc54c,0.22965980851497253
ck_a443d49c2b4863b0,0.34925646771236507
ck_c8b2e2cb349dd0ff,0.1206151965777144
ck_354909fecf5da8cf,0.29818700346302707
ck_841f598bbd54c83f,0.6158688123854146
ck_cd6fbd4e8724f994,0.5096557343654512
ck_e0b3158111370118,0.3559380729272764
ck_4c2f2eb657c2c60e,0.28938684049704627
ck_ef346071f0b7654b,0.7448156447341617
ck_f3bc10e3decefce4,0.258993685068242
ck_189b6fbe9b9192e7,0.4126094927683846
ck_5245cbc5ff4d4fa6,0.3213689142391526
ck_cb42e3be6fe87f60,0.3286209003870442
ck_966d4d713cbc7792,0.19949073130983908
ck_1c8c969667cbaab2,0.9615807700142595
ck_d35e3aa9ef5d405e,0.894642493379507
ck_a1c39df50a5873b3,0.3970869830922795
ck_a152165caf295b51,0.5590547973110613
ck_891eaedae139828e,0.3985333061723365
ck_1a46b56f4734d52e,0.023324506009370548
ck_5e36042cfad96c99,0.9394377673660623
ck_02a8582c2603e675,0.4285597881442249
ck_6def9d0429e4ed4b,0.2698309227948666
ck_e137400825a1e3e6,0.6529232022815238
ck_d91ab840848a54fc,0.004501935221022612
ck_becb6e1c608e0078,0.372275412507639
ck_6fd8c86ac719d7eb,0.8733346913831738
ck_3ed4d13f12fd9d0e,0.7716846608270524
ck_007337aa99a4891e,0.21340395192503567
ck_60c3d8306527a08d,0.0652882460786311
ck_95458880a54df0b1,0.901955591770218
ck_b48cd8593533fc1d,0.9511916887349766
ck_021c6a4a7e3f1f0e,0.07610511305764922
ck_764d40f865e710af,0.19272764310450194
ck_4b84357ae8ec7777,0.7120798533306173
ck_3397c7856b4669a5,0.06677531065390101
ck_920bb003b42e6310,0.11792625789366469
ck_8f59f11b512d5b7c,0.7974740272968018
ck_a3acf4b986afa98b,0.9276634752495416
ck_e89d25ed7bdeeaea,0.2633530250560196
ck_70e6bca473bf6902,0.06864941943369322
ck_186161ce152836f5,0.1809737217355877
ck_9191579254663f5d,0.400651863923406
ck_1e6628879e9d653c,0.6178855163984518
ck_b498fa91a0776ff6,0.6595436952536158
ck_cfc2384f22954830,0.8501731513546547
ck_17673a1c2867888a,0.23047463841923
ck_523dce06515b072d,0.33393766551232434
ck_c20638a325ead2e4,0.10539824811570585
ck_d3877e1f907cc148,0.6481564473416174
ck_e9a2495dea8675e2,0.684436748828682
ck_7e561caa5fa1f3f1,0.4525361580770014
ck_455672e652fe1abc,0.989142391525769
ck_7f8f864fcc90ca82,0.4440619270727236
ck_1ad36046aaeb816c,0.5089631289468324
ck_de056e37c82e8e00,0.524831941332247
ck_7484c214c889fe7f,0.6533917294764717
ck_32430e678c4f9f53,0.18730902424118967
ck_6276ece8f80ea799,0.2731309839071094
ck_ae8e5dc4b725bc25,0.8583214503972296
ck_f01be92dc78a2dc7,0.802750050926869
ck_233397a8bd40d38d,0.19877775514361376
ck_f8124911450fdf31,0.9727235689549807
ck_aa0a3179f1111674,0.05355469545732329
ck_2366b29ed9887a5e,0.10433896924017112
ck_1f22f04dfc08cf27,0.13171725402322265
ck_b62276c3426d680c,0.41042982277449586
ck_d099fca88691f66f,0.47645141576695865
ck_166bd1dcbaf4d6fa,0.025646771236504377
ck_7b1660e942436e12,0.4838256264004889
ck_4a9a791a1d409a3d,0.487044204522306
ck_b003e5b54df65db4,0.6094723976369932
ck_64b4dcbf436f0b75,0.13298024037482176
ck_26e9a7bb2061a58e,0.9198614789162762
ck_08b77ad5f8f73007,0.5372988388673865
ck_366616a725afc6bd,0.7584436748828683
ck_934fb5064b6eefe2,0.10592788755347321
ck_c6abd5d57b1009d2,0.2509268690160929
ck_edcfa9e1cf29d813,0.4873293949887961
ck_c30201ebd003fdc7,0.5117335506213078
ck_c54643d94d3ce355,0.8210633530250561
ck_02adda6e91e49650,0.4346913831737625
ck_5b73d7c5255e58a3,0.87455693623956
ck_129ffae92dc01408,0.07628844978610716
ck_fa321945ebedb916,0.5970666123446731
ck_8da980cb2e1e2bfb,0.6106335302505602
ck_0576b00d728bdf19,0.6920961499287024
ck_c543d82e22b3c8a5,0.2509064982684865
ck_0027ba644f9ae2cd,0.8088816459564065
ck_8dbf61df902a6bbc,0.2485842330413526
ck_90eeca1cda79fd41,0.17954776940313708
ck_86d7127391d4e01f,0.03575066204929721
ck_73762038c7ff2f6f,0.05512324302301895
ck_a1484e6215fac651,0.973579140354451
ck_cb83b9f806e90dc6,0.9080057038093299
ck_8c6f059c95872126,0.30260745569362396
ck_3174419a81e7caf2,0.05988999796292524
ck_6a0f8f8fa4a3c2bc,0.5613159502953758
ck_b5777605668bfca1,0.274231004277857
ck_27e4de495abb4d15,0.4587492360969648
ck_7f6fa79c7a107161,0.16031778366266042
ck_c36ed9f8e6792ea4,0.6012018741087798
ck_67a1aa88d2ea554a,0.46883275616215114
ck_09748dfe4df3d540,0.35455286209003867
ck_27fd85b1e38b675a,0.10910572418007741
ck_2369689bd795ee10,0.21920961499287026
ck_4eb1c12f7d092bac,0.1310653900998167
ck_01fbafc42c8e33f5,0.3376655123243023
ck_93c4e05699b3b7d0,0.24015074353228766
ck_afc484d1b6907983,0.11146873090242412
ck_1b2d9cae92a1aab1,0.8899164799348136
ck_73b729cb161487f2,0.2933387655326951
ck_fe3c1d0ac090d960,0.8281931146873089
ck_408efac1d3885ff8,0.7355876960684458
ck_ccb4dd9d0a48a76e,0.19148502750050928
ck_2987eab34ca7805d,0.4446119372580974
ck_1dbf1f15193197db,0.6411285394173967
ck_4ed711fe4053e74d,0.7997962925239357
ck_6c54adce174f45f4,0.6338154410266856
ck_a6c740041faf0bd5,0.1925239356284376
ck_b05c4d33c4f43639,0.6799959258504787
ck_032880f1114dd51c,0.6083927480138521
ck_22311b037456a76e,0.014870645752699124
ck_5866b413549765bf,0.2974740272968018
ck_0e808afe2570ecac,0.4366062334487676
ck_634276b05f4381f8,0.7561417804033409
ck_5d8773badd0d4740,0.22267264208596457
ck_82b5b79ce3517102,0.9757384396007334
ck_b378b8d8100ee4b1,0.4666530861682624
ck_54e581f71be5430d,0.3531065390099817
ck_798ba4b8aa544fea,0.13049500916683643
ck_3fe86b6331ff95e3,0.846323080057038
ck_81275d9d4c559e6f,0.18957017722550418
ck_99a4e5ef02d89493,0.5694846200855572
ck_54e2eb018d947790,0.7595436952536159
ck_966901ea9c77cc02,0.13041352617641067
ck_27d69ff4e0cb428c,0.8062130780199634
ck_2cee2dd7bbfc09a0,0.955265838256264
ck_4136b00924695ab4,0.018883683031167244
ck_59a164c40c03a45f,0.5250967610511306
ck_3e24b026bc66789b,0.06632715420655938
ck_8105bcf69a75ee47,0.17958851089834998
ck_7a1782cefe26a456,0.5835608066816053
ck_970c7dc195161272,0.03768588307190874
ck_a48ec0c00ae20e82,0.6806274190262783
ck_54b374ade34e1dc1,0.3119372580973722
ck_74e5dec189761d14,0.17152169484620086
ck_4717f24f2c6f40e1,0.5335506213078021
ck_fc8cd8a8209e802d,0.5250967610511306
ck_71db4131d7efe218,0.4695864738235893
ck_45424ea6f0bc4650,0.8864534528417193
ck_3716c6181a5035bc,0.8136280301487064
ck_26de14b96bdad4f6,0.13220615196577715
ck_99c0a41ac9c73857,0.5338969240171114
ck_645f15bbbcff3b4f,0.987044204522306
ck_b7e25ddd41514d4c,0.334202485231208
ck_d5c14e877ca7b755,0.4293542473008759
ck_05ea4440dac6cfad,0.36504379710735385
ck_c58bafff7b1955cc,0.4274190262782644
ck_f0cf85b67a9b840f,0.735180281116317
ck_ce1500a7f0d03fba,0.03900998166632716
ck_d4972a775aadbbc8,0.3863719698512936
ck_3eb6146c262e0fc3,0.31385210837237726
ck_afb23858a4ef42ed,0.9931146873090242
ck_2c1def5c91c52a5b,0.9530250560195559
ck_72e550559487b919,0.06374006926054186
ck_0284dc2b4f856b3a,0.7747199022204114
ck_03be334935e999a2,0.5103075982888572
ck_e35a4b4a3cb4cedf,0.35726217152169487
ck_5abe57dfff4b735c,0.21472805051945407
ck_f5f87f772388efa0,0.5573843960073335
ck_5a22cb36d612236e,0.08832756162151151
ck_8ff1e6028e764472,0.9730495009166837
ck_2ab28149b0986642,0.9299246282338561
ck_c88fc1bac79fa6d3,0.8992870238337748
ck_5b137d74bba6b1b4,0.04624159706661235
ck_11f362dca2dfaf5a,0.6108779792218374
ck_7f960541e5174565,0.4154410266856794
ck_d5458ba39ae94498,0.405500101853738
ck_0a921a73a90c2e39,0.7167040130372786
ck_6ad56ef40086dbe4,0.046934202485231204
ck_b68199ecccf2350c,0.04275819922591159
ck_6dac66c8198c07d8,0.32574862497453655
ck_9b9ce7bebc235fe8,0.5202281523731921
ck_6b817117d87063a8,0.13603585251578731
ck_900d62b3184378c7,0.11615400285190466
ck_eafe9b89857149b5,0.3105113057649216
ck_e74716a525ee5b24,0.19855367691994297
ck_4e9a6f06ab134102,0.21755958443674883
ck_b0d33b5a3716661d,0.1696272153188022
ck_8703543bf3134306,0.42387451619474437
ck_923d6a0f83accef1,0.3864738235893257
ck_52e37e2170532e2a,0.8563658586270118
ck_c1c5ea839c58958a,0.6884701568547565
ck_660f0006780e87e7,0.6016907720513344
ck_830b2c5d1818ac07,0.7139539621104095
ck_b080ff636932d1f1,0.08739050723161541
ck_38730aace405f2ae,0.9977592177632919
ck_9790138467a06223,0.17793848034222856
ck_10de0b0d86b17839,0.5841108168669791
ck_c3e37a4d3382c32e,0.037380321857812183
ck_dd8edfefa1eba531,0.14318598492564677
ck_8153cdadd300d234,0.0026685679364432677
ck_74d0e7c2c6b63d36,0.9568547565695662
ck_c478aae3031bb328,0.5222041148910165
ck_cf301f2194975866,0.23852108372377268
ck_f4de03f44e3a5bd5,0.36789570177225506
ck_b06ce826e593b210,0.7763903035241393
ck_2fc70b6baf6a0e26,0.2239152576899572
ck_d208494cf5c90047,0.6884090446119373
ck_086d29ccae565e5d,0.20095742513750253
ck_d5ef6dc116dee408,0.28282745976777346
ck_fdf0c5b722d83464,0.11544102668567936
ck_de8494b13adeffb5,0.40050926869016096
ck_556786868599143b,0.7682012629863517
ck_4940e78cbdcfecf3,0.16895498064778977
ck_d32fbbfe32c00416,0.35520472601344466
ck_bc7710f7e9fae649,0.21556325117131803
ck_416f7ac57da081a3,0.2914850275005093
ck_6fb39b60c67d5475,0.3766143817478101
ck_e40a156511345d6a,0.11122428193114686
ck_49ab879b5aa7fccd,0.8630678345895294
ck_bb643194d1cbc47c,0.9914850275005092
ck_b3ce8f1bcedfa043,0.41434100631493176
ck_558ebde8c29132a4,0.6386433082094113
ck_e6222925762273b8,0.7200040741495213
ck_bd80546b4807dd59,0.46649012018741093
ck_bd21164bd2bbb635,0.3438378488490528
ck_ea835557d7043667,0.6991851700957425
ck_1411a80a157ff39c,0.3802200040741496
ck_ab973888c20c9120,0.6812589122020779
ck_95b48972061abe82,0.10006111224281931
ck_fc4a43f8876bf10f,0.8405377877368099
ck_f34fb7ccf82f41e5,0.423813403951925
ck_5af9934a56801ac0,0.4427378284783052
ck_fc7445ec76389a58,0.9383173762477083
ck_1eeacc26f02fbba4,0.36734569158688124
ck_4f325dd15c9bd45c,0.5880423711550213
ck_5009a6c8bbaf15ba,0.6646160114076187
ck_0f3de7f074bb33af,0.5548584233041353
ck_2cbc2f93a32eede8,0.7860052963943777
ck_4bb90a61c21a303b,0.399857404766755
ck_3ade9eac7d7b0dbf,0.8075575473619881
ck_4859a58629622915,0.8498472193929517
ck_5fed957287ebca03,0.061845589733143205
ck_ec01ae5351500355,0.44149521287431254
ck_703b41624ae6a5b6,0.4234263597474027
ck_97c38e7f61c27e47,0.28024037482175596
ck_db2c0908150cb2cc,0.4926461601140762
ck_64ac5e6fed86ab60,0.9774088409044611
ck_da1c853b0a061e83,0.6693623955999186
ck_9a36916b60178ded,0.9553880627419027
ck_3715bfa7fed2c675,0.3933387655326951
ck_dd3feb77d7d4f6d3,0.09806477897738847
ck_982ebb24174a4ade,0.2697901812996537
ck_f6b7a10d47dd9a1f,0.2917091057241801
ck_1f56fe99f250cdf4,0.5902831533917295
ck_deb3ac0606d6f6db,0.452189855367692
ck_e666629e5a41b39b,0.7404359339987778
ck_756d2c13d02b3e09,0.3768180892238745
ck_7bc752ae7cf5d55f,0.08555713994703606
ck_fc0cc4b25e6a8194,0.13336728457934408
ck_9b2b0e286de78a1b,0.4488897942554492
ck_24b0803447211bf3,0.5862497453656549
ck_82eed68d05a42128,0.5593807292727643
ck_c8a03c516ed5b05c,0.8140354451008353
ck_e914974cee1bccb1,0.6535954369525362
ck_0c533ff2d0f9962a,0.6360562232633938
ck_c12805fa5d970a83,0.6734161743735995
ck_fc2cb29918631f10,0.8443063760440008
ck_c20e89afe575549b,0.483968221633734
ck_e1ff9e31becc27ae,0.7160521491138725
ck_18116d0ac08f1996,0.9672642085964555
ck_885a83975cea5e64,0.17962925239356284
ck_a0c3059a959ba5d1,0.6047871256875128
ck_75257ca7d7da2861,0.8433693216541048
ck_2210f7a0d13bdbef,0.7094316561417805
ck_9cbd9ecf8374f65f,0.1482990425748625
ck_18f67c00ba21fbde,0.2965980851497251
ck_2d28f14d3973d8fb,0.029639437767366064
ck_8b3401b44aaae728,0.08763495620289265
ck_9d8e9ef37797d3af,0.9156651049093502
ck_9f50920c894f64e1,0.09007944591566511
ck_4737e0d56c6fa0a1,0.24017111427989407
ck_52c311f29ca3aca9,0.02917091057241801
ck_6a4981bc721df37a,0.22483194133224693
ck_823539d936c55fc6,0.01870034630270931
ck_df5aedb4118020bf,0.9539621104094521
ck_a911a066ff0f7b56,0.6348136076594012
ck_684609767df4a14b,0.7503768588307191
ck_f2350bf355dc919e,0.1856386229374618
ck_8452b6cf97c65a5e,0.39525361580770013
ck_084cd84501012218,0.914585455286209
ck_ace6b72e5bf3e93b,0.8293949887960889
ck_2afdd69094c955c5,0.6166429007944592
ck_fa7d5be26bf7b31c,0.881544102668568
ck_4b041217690fca2f,0.6075168058667754
ck_9fb8e3d38cdf276d,0.953350987981259
ck_c1ee56d65a42f59f,0.41904664901201877
ck_fdeaa1cd085691f0,0.4928294968425342
ck_5de33a7a87e9aa62,0.809126094927684
ck_7476e7fe1ff45545,0.504888979425545
ck_b0a947b498e47018,0.6253819515176208
ck_e3894ed88a7977e4,0.6538195151762071
ck_c7e07ebfb0bc15f6,0.9119576288449787
ck_3a3daa8b376f2a18,0.1421063353025056
ck_87809324c2675b0a,0.6515991036871053
ck_7eb4f33260f1dcd4,0.5955591770217967
ck_ab9f0e08af030060,0.6759421470767977
ck_5b8fc4a76f340797,0.28608677938480337
ck_0e7bf10ef49aa818,0.7358525157873294
ck_a44462a3853ac67e,0.9807292727643104
ck_2d14bcd2e0fc043d,0.060725198614789165
ck_df1f2dba802296be,0.9694235078427378
ck_466a7316eaf149b1,0.5206763088205337
ck_50df50af592b0c06,0.3215522509676105
ck_5f9e34c849704b95,0.3500101853738033
ck_7836bf6def26aa87,0.8986759014055816
ck_ba175b1bd8efaabf,0.31006314931757994
ck_1a0aac7f7b94b1be,0.9100020370747607
ck_6768c4b2aa8ce586,0.44271745773069876
ck_eefcf0ed15897898,0.4126909757588103
ck_7a6cb27e390b6ceb,0.49352210226115295
ck_5275be4e1577c1c7,0.7100427785699734
ck_6bc0e5b8c0b7d2bd,0.6732939498879609
ck_4874bdec79f9106c,0.515522509676105
ck_a678731156ad7bd2,0.8980240374821756
ck_db906debc36a5d1e,0.5539009981666327
ck_e87897767c612942,0.4124261560399267
ck_45ed5ee496ef8a67,0.20973721735587694
ck_ae20e28f9854f3ee,0.8426563454878794
ck_9ee044b73943a90b,0.675677327357914
ck_dab34cf6f0626c9b,0.6340395192503566
ck_64a02b7b96149810,0.1838663678957018
ck_c417d06f3e94685d,0.7899572214300266
ck_3e0149cdee4cb294,0.721755958443675
ck_0e6046fc30f81705,0.42552454675086576
ck_c383aeabd53e9c89,0.6912609492768385
ck_2ef76f1f36e8b869,0.8640048889794255
ck_43948784650bb9ac,0.3347524954165818
ck_bdb966f43ac350ee,0.573436545121206
ck_5bea0e0ee0b094cd,0.5967203096353637
ck_dff090f03ca5529e,0.5166225300468528
ck_a4691b57f837d88e,0.7023222652271339
ck_99ee90946395d74d,0.9619678142187819
ck_cc81dbc83a8879fd,0.15559177021796702
ck_f3dc0725621b3a35,0.2737421063353025
ck_1bb212d1288b9689,0.46231411692809127
ck_9e7278fc7679f002,0.5404766754939907
ck_3ded7a8720d7e311,0.11104094520268894
ck_798157bcdb9453e1,0.11012426156039927
ck_9fba80f56f357fe1,0.2523528213485435
ck_f1e1c8491f16f912,0.250234263597474
ck_7b1319a5ca2f63c6,0.986433082094113
ck_124432fd5c92af7e,0.9666938276634753
ck_148cb0c723284dc0,0.49596659197392545
ck_b56c62c950eda009,0.11586881238541455
ck_a0498755cd8d7188,0.13805255652882462
ck_5379452a9d74efae,0.023100427785699734
ck_6c2453229d608183,0.3091057241800774
ck_f9d8b4813a88c1e6,0.2707883479323691
ck_c2c7d1e45a521857,0.45648808311265027
ck_4364a83a11743888,0.21715216948462007
ck_2cdf5fd97ba75e06,0.9011815033611734
ck_71bc01291e0533a0,0.3821348543491546
ck_a725d7aed2a0bdc2,0.1840497046241597
ck_a9b0c4dbd7db6a91,0.7360562232633938
ck_a4258806a533efa9,0.7052556528824608
ck_905e460591d9a278,0.8683031167243838
ck_20de8abfd8960ee3,0.809553880627419
ck_252b0a0f1119b220,0.04228967203096354
ck_95e4bef65c36af1a,0.00802607455693624
ck_5ab68b434ad53fea,0.08924424526380118
ck_13677a1957078827,0.1456101038908128
ck_d251e9fa09e542dd,0.9994499898146262
ck_700cb620f300dd47,0.20403340802607456
ck_39a68c55a1bd3ace,0.8122428193114688
ck_61a59a7944d6c53e,0.907781625585659
ck_db6d1c6d31da967a,0.3879405174169892
ck_650020c500b1b50d,0.623528213485435
ck_d812eb6930192793,0.09191281320024446
ck_92f6ebc11ebca89b,0.6951517620696679
ck_d87e26eb5bc84b01,0.15386025667141984
ck_66439e697695224c,0.1278468119779996
ck_f21efd504faa654c,0.35895294357302915
ck_15eed0f5652f0352,0.2083723772662457
ck_bcdbf57d98dc0d27,0.5002851904664901
ck_873ceb8004d3a9f7,0.7924628233856184
ck_70bef9ddd4bab005,0.21692809126094925
ck_7560f1891d66f294,0.01977999592585048
ck_f439f16f8693883f,0.33970258708494605
ck_14f9535e53f9c7a6,0.37952739865553065
ck_5984be472d2bc267,0.8957832552454674
ck_ed01be7504dc4187,0.8055612140965573
ck_dc3d8b5c17b67ae9,0.13905072316154005
ck_9dc23031b6b494af,0.5675901405581585
ck_fbdac0221bc03f66,0.5688123854145447
ck_863708a99b92ef0d,0.5287227541250764
ck_22b52654776a1ea8,0.983031167243838
ck_a0714f98001efa0c,0.42383377469953143
ck_9c56114f84e9a541,0.1727031982073742
ck_e155cf506b2fb699,0.6663271542065594
ck_65ed7e72f24731e7,0.4716642900794459
ck_822d6e8e43befc72,0.9221837441434101
ck_b1182471d9ac6b26,0.12711346506416785
ck_821446adc95e6da5,0.35636585862701164
ck_ff182f033134dbb8,0.8014259523324505
ck_9c5feef7647b0588,0.18734976573640252
ck_df935d8bdd44883e,0.4143002648197189
ck_01eb24c18ad11fca,0.5782644123039316
ck_00d6730134a1eb51,0.806477897738847
ck_79ba8e85678d0224,0.3300061112242819
ck_97e3b04a1350f6e4,0.7844571195762885
ck_74e9747954a46eaa,0.8760236300672235
ck_397d5fcc9972f909,0.7461601140761865
ck_9ede89e8a43c3f53,0.7896924017111429
ck_303b33910d67f306,0.5008759421470769
ck_3c17841636f6f7dc,0.6154817681808922
ck_78730527f8ba1438,0.8373395803625993
ck_5ee32bc6bb5d1d4c,0.776512528009778
ck_a13fee8cd925d0dc,0.15119168873497657
ck_6f847263379f2e43,0.6447545324913425
ck_9b9d9e579e7b55b2,0.8321857812181708
ck_87c1d0a79e79c84b,0.7463230800570381
ck_bfc453eabb472f91,0.8007740884090446
ck_978c21bb5fe3171e,0.5775718068853127
ck_dd882323474431d4,0.7173966184558974
ck_533c4f7400d5ab22,0.7949276838459971
ck_5f217bfe28954e75,0.9837645141576696
ck_ae96d35465b3b4bd,0.11432063556732533
ck_512ebe97c0af94dd,0.5844978610715013
ck_f558fe02bb0219b8,0.46312894683234873
ck_84092e23d5ef4d51,0.6166225300468529
ck_17d3022ca12eacd7,0.3438378488490528
ck_8a8f81bf3558fd9c,0.47808107557547364
ck_0ada6fed1864e7c4,0.7358117742921165
ck_21fe7bc59dcd78fb,0.04919535546954573
ck_e136e20c1c74fe38,0.5159095538806274
ck_e7a530e09d113dd7,0.9165003055612142
ck_7cb0c9ded4d63027,0.740069260541862
ck_102db9615e722c9e,0.8241800774088409
ck_129e39ddfde92eeb,0.008066816052149114
ck_d730ff21bfd7769d,0.5566917905887147
ck_54459b45d2be8459,0.15597881442248931
ck_7f1c20319eb60aa6,0.9987777551436138
ck_939fede90473e412,0.016642900794459157
ck_e0f9506a6d5f4a1a,0.46842534121002244
ck_9a4967cdf49265cd,0.8509268690160929
ck_b9eaf03453ac7d5f,0.12902831533917294
ck_522477be6376b450,0.4787125687512732
ck_9b6282e3bad50710,0.8601751884294154
ck_a0e3a2facd508e49,0.7928498675901405
ck_97ffae702f7c3d08,0.07015685475656958
ck_344a95cb7115ec67,0.03650437971073539
ck_1f2760764afa45e8,0.46009370543898964
ck_720cd658d11ea428,0.6863312283560806
ck_04e32ee9834c088d,0.9110816866979019
ck_2bb1389e5e72c8f4,0.7954369525361582
ck_961e7dbc217cfbbc,0.4669382766347525
ck_f3bce4eccfa6d6bb,0.15917702179669993
ck_e0ccfa0d689339be,0.4067427174577307
ck_98217aeafa0bfefd,0.6941943369321655
ck_a02aeec1914c158a,0.6483194133224689
ck_20a17e8f206a14c8,0.6558158484416378
ck_114c32aad4b6183f,0.7482786718272562
ck_79f5198f0decef20,0.06319005907516806
ck_2209de229b4c71c5,0.8501527806070484
ck_6ee939b7f396975f,0.42430230189447954
ck_202f0c14b07ace01,0.7658586270116114
ck_fa24db9d416ab904,0.1128335709920554
ck_cf6aa24b92c4d33c,0.9505601955591771
ck_45f57fb8194cefc8,0.7117539213689142
ck_d5eb179dc45394c6,0.7774088409044613
ck_efb24be983342f75,0.5640660012222448
ck_245f5d62ead5ef28,0.8138521083723773
ck_15fe2a47fa7e92ea,0.24257486249745366
ck_b6527a85fd682554,0.20890201670401304
ck_11f9390a11ce9ff5,0.6390914646567529
ck_ffb4d892c5158201,0.5765736402525973
ck_d4c1da5a1427fd6a,0.7216948462008557
ck_2c041b1efb1c5063,0.5207577918109595
ck_ecc18f40b33be769,0.8709309431656141
ck_0525349f3945375b,0.7919128132002444
ck_0bfe62e0c7eab9c9,0.4482990425748625
ck_b7c37d410b1646c2,0.6237930332043187
ck_4b15b0746318cf42,0.8969647586066409
ck_e5ee006ecd8ff661,0.7096149928702384
ck_ccc83cf66365357b,0.6045426767162355
ck_34a33ffe8339f66d,0.9567325320839275
ck_4e39e3b165edab58,0.9387859034426563
ck_1a71f8081ae00190,0.9730087594214708
ck_ed8f1200fc049c40,0.9640456304746384
ck_8a5a57858e8c77f3,0.42090038704420457
ck_fff9fdc2adf5100b,0.9862090038704421
ck_c76f1bf40f3b787b,0.11395396211040945
ck_1a6ddfeef82b1b1a,0.20796496231411693
ck_478d2667aa9896d9,0.3600937054389896
ck_641c8e7694b21f3b,0.5721939295172134
ck_293581d879f6663b,0.9673049500916684
ck_1bfa8abdb22be8f0,0.9082501527806071
ck_05ab5b03d0bf9ce4,0.9048074964351192
ck_35694db37f0cde7a,0.11322061519657772
ck_fe33eb743d714c03,0.32047260134446937
ck_abd10fbcbaf2b038,0.5707679771847628
ck_46d51648c1bf80e5,0.8150336117335506
ck_5c8390017fabfaef,0.6374821755958444
ck_87d55ca333f22072,0.09038500712976166
ck_c39c6a1453e2b92c,0.029007944591566512
ck_69ff1b0aa143a168,0.026176410674271747
ck_e57c79eaab35ded7,0.3632919128132003
ck_463ae759e2b6ad1d,0.8993073945813812
ck_0dae4a7eb587f3ba,0.4266856793644327
ck_9b12fb56529ebc4e,0.28922387451619475
ck_1af547077ba2dd03,0.8745161947443472
ck_de13de941bebc7cf,0.31193725809737216
ck_83dde7da2bf647ac,0.5174781014463231
ck_c80a94d4660041fe,0.6962314116928091
ck_f39cfeb277ef6528,0.11676512528009778
ck_1cec1ed1512a2d3d,0.17229578325524547
ck_7955a359b6448799,0.21042982277449584
ck_8c0955dad13c3ca1,0.15231207985333062
ck_6d4cd2de601a2308,0.6648808311265023
ck_f4536ba8dd2d551d,0.1934202485231208
ck_b379c198d6db2d62,0.47414952128743126
ck_76ea90ebc74bcdc7,0.5583825626400489
ck_734f06bd4aa92781,0.8465878997759219
ck_677e1d0c14cbf569,0.20008148299042575
ck_259271c70f3fbcbe,0.7180281116316969
ck_c0b744eb9e7d4eb7,0.7061315950295377
ck_3d41faeb96802f68,0.010205744550825015
ck_8f604fa70fc3c8e3,0.7642289672030964
ck_0b3c3bea0e0ed339,0.5498268486453454
ck_be5df076b8a86409,0.06783458952943573
ck_6a475fe324d7d790,0.36439193318394786
ck_3ba3fa5387bacee8,0.015726217152169486
ck_324b9939d9c1c31e,0.16555306579751478
ck_a7fcf7b592f68ca1,0.48789977592177636
ck_5b2728f7cca414ae,0.025748624974536564
ck_5f4a25ffd0b85a47,0.7443063760440007
ck_63d4f5076fe4406e,0.1446934202485231
ck_af528d66c86f0cb8,0.877632919128132
ck_ac7cdb9b8da7b5dd,0.5699327765328988
ck_3bece63711407e25,0.4152780607048279
ck_d4e0b2a12fcfc35e,0.25139539621104096
ck_ee3e7c9d3a9c74b4,0.8133020981870034
ck_50d7c4dab837bf66,0.11138724791199837
ck_ebcb93a2990fc914,0.7900183336728457
ck_2329cc9702cdf7a0,0.7660012222448565
ck_db1fa53d588bf99e,0.24927683845997148
ck_44e57a0bad5a0745,0.3747810144632308
ck_472c81a144f4631b,0.2214707679771848
ck_1658429acd5306ba,0.22138928498675903
ck_466103ec5bd9444b,0.19468323487471992
ck_9757163e25262b74,0.3638215522509676
ck_34ed59bc2c9b0186,0.19759625178244042
ck_b7bd3a7f263f4f29,0.7267264208596456
ck_149662b09d632e41,0.475351395396211
ck_a9ffd6b3957bd41e,0.2827459767773477
ck_ab80466ef615e85c,0.34180077408840903
ck_f2c824d3473db24c,0.2707883479323691
ck_a4a01fd45936b078,0.7678957017722551
ck_8f6ce158c2902877,0.053860256671419846
ck_5189a302cfa7cefd,0.053412100224078225
ck_430a3d03be588201,0.5132002444489713
ck_b5f9dd00914b4db4,0.4527602363006723
ck_52dec82e9cf6135a,0.2432470971684661
ck_95e444a01e2ab4a5,0.8164188225707883
ck_e37cee7b123692af,0.6033204318598493
ck_d68d42858a55adff,0.6730087594214708
ck_3abfc010091d679d,0.4567732735791404
ck_cee4e4e1b62bf82f,0.5157669586473823
ck_9ccb17c35e636c5e,0.28902016704013034
ck_f72a5a3b0d6c1177,0.15728254226930127
ck_7508aa554fae6afb,0.8182521898553676
ck_003aa842b7ca1d77,0.8604196374006926
ck_83b2b192f41ee2bc,0.8509268690160929
ck_64796b6b2c3c7f06,0.417335506213078
ck_6438ae81d43cb196,0.5833978407007537
ck_2bd73d9098504760,0.8733143206355674
ck_aa8b9b36a099e4c8,0.6357710327969036
ck_e5ece47d0dd10526,0.7428600529639438
ck_16077ac345472e6a,0.1827867182725606
ck_a4d6e152b0076964,0.14255449174984722
ck_d90b1d03ae151f62,0.48822570788347935
ck_18b36d342b530af4,0.41175392136891426
ck_2a01e610348b84f8,0.6717865145650845
ck_0a93ed76bf36c8b6,0.7238948869423507
ck_3d56b477fe2370b6,0.43167651252800976
ck_17ab3068fa303682,0.4276838459971481
ck_592a3520d841d11b,0.7798940721124465
ck_84d07028b5fca2f6,0.5893868404970461
ck_f4a2bb10afa85743,0.42583010796496235
ck_4fe4b072f03f2c1e,0.0930943165614178
ck_9ad08fcc183ea1e7,0.21700957425137501
ck_130d3848b9dcdb05,0.24147484212670606
ck_bb399ed6bf28c230,0.5826441230393156
ck_a31a64a39a2c4941,0.06388266449378692
ck_c49f25dfb39909cf,0.449765736402526
ck_55f50a9ae2db8ff7,0.1442860052963944
ck_09faa4e771cf876b,0.2940721124465268
ck_df520a7a6e405889,0.8681197799959259
ck_8c8c98cc694ac900,0.5260338154410267
ck_7f0c4f609673ef62,0.18105520472601344
ck_f51fe59cd445d2cb,0.28060704827867183
ck_b3fb83f0d772a831,0.4371766143817478
ck_d6e7e257751c299b,0.1721939295172133
ck_0d362ddb4a1cb6d4,0.6780199633326542
ck_a574a08edaf81781,0.12134854349154614
ck_a823f5bcb0e4b9df,0.011000203707476066
ck_f792586ad0381eac,0.4425748624974537
ck_54bfd70022c66983,0.13735995111020574
ck_fe0a9372c9372de9,0.22939498879608883
ck_5691cd6fdb6d8147,0.4375432878386637
ck_a95f212a02433d23,0.10790385007129762
ck_f5adad75e1c06731,0.5488694235078428
ck_e09c97520eb0533c,0.814585455286209
ck_a1e13c0d58560340,0.04638419229985741
ck_cacc2ca410cbe80b,0.7381136687716439
ck_c0dde2a6ef1e08c5,0.05856589936850683
ck_a04403073c90ce38,0.10788347932369119
ck_03d3026107175dae,0.597718476268079
ck_50176dae5b1b716d,0.5833978407007537
ck_6c084bfcb38e96c3,0.8046037889590549
ck_36d2be9012f7909e,0.7154002851904665
ck_958acf84c6137a22,0.6916683642289673
ck_114722e12db90a73,0.6857201059278876
ck_203c2a22c0c165ac,0.271155021389285
ck_2c44ca550e5cfa82,0.5524343043389692
ck_df0a8f20ab8f14f4,0.8009981666327154
ck_826a27ff7555192e,0.6764717865145651
ck_09a988ebcf062297,0.7295579547769403
ck_5c82444b3b9160ae,0.6441637808107559
ck_f6a4a7ed27fe76fc,0.8020981870034631
ck_17de46314b5c6a92,0.483316357710328
ck_335e63101b1e6c4c,0.9122835608066816
ck_c5eefc0697451de9,0.6143613770625382
ck_49a0efb5d4067b6f,0.5515379914442861
ck_c1f4509c8f5dac5c,0.1977388470156855
ck_57658eda1c59bc52,0.08199225911590956
ck_0d5c0736ec76385a,0.05267875331024649
ck_e0239e6ae30795a7,0.8415766958647383
ck_e4459115cd8e5e4f,0.6217966999388878
ck_bb4aec09d4968dda,0.9257893664697494
ck_a1b4c96faed3e0db,0.3839885923813404
ck_8247b79ac67aae7d,0.32037074760643713
ck_fe2fc7d6e5d83f09,0.17732735791403545
ck_f6aea576cde8d592,0.03939702587084946
ck_b7e7f7d0cd886412,0.8386229374618048
ck_ca7b993e8286af7f,0.1710531676512528
ck_47de038381a9cd65,0.8892238745161948
ck_d38f941d09eec820,0.34294153595436955
ck_d9ba2a6c0d926b4d,0.3428804237115502
ck_cda72f597330d0f3,0.2854552862090039
ck_16d2d27fadeeacf7,0.1548787940517417
ck_be05447853d423a9,0.024302301894479527
ck_cd92852d7376a4a8,0.24921572621715216
ck_2faf7ecccc9fec58,0.03243023018944796
ck_db8733fd92f20cd7,0.33359136280301493
ck_a9989a3a94c26634,0.4559380729272764
ck_957fb25437c75e41,0.7743735995111022
ck_e6a6caf6e7de17c2,0.31863923405989003
ck_f7bc569b37e8bdda,0.2752699124057853
ck_703b375dd86a6124,0.5565084538602567
ck_d3cfb3603f2c6ca3,0.7322061519657772
ck_07cb2b6f2a4303e1,0.5172947647178652
ck_31631e2028d4f855,0.24139335913628032
ck_1631bab0ba1256db,0.7199837034019149
ck_5fdafeaec036f016,0.4231615400285191
ck_6eda4c36aecad602,0.18523120798533305
ck_bd1bf9e3e29de281,0.697107353839886
ck_bf378ea558a4125f,0.9567936443267469
ck_7aa2deeda0e57412,0.9811366877164392
ck_d229cf7f5a3f38ca,0.3412711346506417
ck_9e109edd124492a5,0.28867386433082093
ck_779491819995625d,0.824791199837034
ck_b89c6fa2ad0a12f5,0.4680382970055001
ck_1d01b4a609918c4e,0.9452026889386841
ck_714c5d7cb17bc9f2,0.18360154817681812
ck_269f1746f2609ed4,0.3464045630474638
ck_4be03a2aa62b93c7,0.03261356691790589
ck_cf920313f6dd28fa,0.38618863312283563
ck_fb00aae4e17740c5,0.18111631696883274
ck_085d8c42739e2b10,0.9948869423507842
ck_c72a7d0d03cf3e17,0.8324506009370545
ck_8f6ca5d3b17eac6e,0.3420655938072927
ck_d9573100bbff4014,0.8802607455693624
ck_79d6793d1d0cf43c,0.14021185577510695
ck_91fa5032f7aff0f1,0.8339172947647179
ck_87110d84872c0fed,0.23738032185781216
ck_8220da627e9992a5,0.24039519250356486
ck_2ae44938847f3852,0.3701364840089631
ck_b0f191e44f9b6f35,0.7589325728254227
ck_3049d744b527f4d0,0.38005703809329805
ck_47d3e8d1dd3fbcef,0.4823996740680383
ck_ddf787359d2b5deb,0.01857812181707069
ck_b27a9e39726b26d9,0.3437156243634141
ck_80c4e9274cf976b6,0.9882460786310857
ck_c6afa913168ce8fa,0.5170910572418007
ck_52427b3f8478db19,0.4541047056426971
ck_3b810f15ca0eaa55,0.18940721124465268
ck_0c9e420f97baaa06,0.9655734365451213
ck_f8540cf3a8b2f8c9,0.6961499287023835
ck_1402d24dd623df72,0.4155021389284987
ck_eb4f4267e24d042c,0.6832145039722959
ck_6f661b428d6fb8e4,0.19307394581381138
ck_519a26ecf3d29c90,0.6913220615196578
ck_e886ba71d4a6fd73,0.8574455082501528
ck_437f9ecd2016a1a8,0.14864534528417195
ck_f01af1b0c977cc06,0.25496027704216745
ck_614f777c2eb5d537,0.23251171317987368
ck_b804e784cde9af8b,0.1417804033408026
ck_c2dccbc1b24b137b,0.9165817885516399
ck_1df4a1781a0f6999,0.5507231615400285
ck_bd2cdd53fca26171,0.7180688531269098
ck_424c254249a109f0,0.1701975962517824
ck_cf2ca4f286e289ba,0.49187207170503155
ck_6c33cb15b0d8af54,0.3029944998981463
ck_311d395fa9b8550a,0.29476471786514563
ck_9f792e7e721ff7f1,0.1333265430841312
ck_4c37586080edb7fd,0.1300468527194948
ck_7c4f42c5397113b0,0.442126706050112
ck_fc418f53ce4aa579,0.9870849460175188
ck_1ba28fb7ef726ce2,0.5642697086983092
ck_d932f98bf6b83956,0.9056630678345896
ck_248b3659a9239240,0.28050519454063966
ck_6a92cf5f4cf5de38,0.5569362395599918
ck_65519d0fb137e0c5,0.3571603177836627
ck_ddc3fc99eaba2064,0.7707272356895497
ck_7310cda3bc65a73f,0.05597881442248931
ck_c01c85bd631d4054,0.39796292523935634
ck_b4954d16b9749829,0.608107557547362
ck_f301f6758e170d66,0.49633326543084133
ck_9bf95f8c47e7c7b4,0.3427174577306987
ck_c91b7fccf6aeb4a5,0.5415766958647382
ck_785fa45e86bc5e95,0.255123243023019
ck_2a65f1cc23f1180e,0.09859441841515583
ck_a49a2c1f881a3560,0.28910165003055616
ck_def344d68f06d749,0.6481971888368303
ck_abbd1465fc730d78,0.4191485027500509
ck_07a5610ed28162fb,0.3947239763699328
ck_7ecdee2d7127be8b,0.8462008555713996
ck_67858bc00e81490d,0.033978407007537174
ck_b4ad165ace910222,0.4031167243837849
ck_30753ffe481a1b8c,0.927398655530658
ck_c401a26725b17177,0.12670605011203911
ck_819988d8a7f26415,0.09674068038297005
ck_3364a1d9261b3638,0.1100835200651864
ck_c484c5bda389bf20,0.010837237726624569
ck_ae416325fef92c9d,0.9510490935017315
ck_5517b9a865960542,0.06653086168262376
ck_a0e96fed380440b2,0.4480545936035853
ck_e83409471d2b0b44,0.9240171114279894
ck_127273af97d7827d,0.4295172132817275
ck_aaa9861c91bd14dd,0.31613363210429823
ck_a378c58294001a36,0.9806681605214912
ck_abb9d65ff1f95b64,0.10727235689549806
ck_a5ecbefa849ae569,0.40327969036463635
ck_aa9953c0ca2bed7b,0.15163984518231818
ck_40bc6de252865f32,0.23094316561417805
ck_9fb11688dcfe1513,0.6705031574658791
ck_ba68841ca2ba073d,0.5880016296598085
ck_1d3e561a7d20be0a,0.9787329394988797
ck_99a92d710a29c1d0,0.15239356284375638
ck_ede2e887697ffac0,0.08123854145447139
ck_e6de67c0d82a7b83,0.16756976981055205
ck_6b38763bf5ddbcef,0.06697901812996537
ck_8dd44eead7d765a5,0.5813811366877164
ck_30bf5b0056eea9e9,0.9388877571806886
ck_2981d16f8a51a8ed,0.7203911183540436
ck_fc60f42c68c7024f,0.8652882460786311
ck_8e2b2251ee224aa4,0.3833367284579344
ck_1906f0dfaf6e9bad,0.9553880627419027
ck_dcbe6814fc4ca0b4,0.8593399877775515
ck_f7e958a286ae3b57,0.35567325320839277
ck_713649668a7ca824,0.4827867182725606
ck_6f73cdbf9305e2ea,0.34180077408840903
ck_dd1c490050cd9051,0.5291709105724179
ck_e30db36e376606f7,0.8255041760032593
ck_740d8fe8028b5a2e,0.7366062334487676
ck_ebbc9418cd41f692,0.15854552862090038
ck_7b3cc6cc3f250f39,0.6898961091872072
ck_1d30eef7110809e5,0.8840700753717662
ck_77e0589ab339ca66,0.6803014870645753
ck_15ccbf8ff7d14086,0.23473212466897536
ck_246989b0c288664f,0.5993685068242005
ck_fc2a6e27b10b10e9,0.01411692809126095
ck_8afc1112c12f5402,0.2851700957425138
ck_a76e8d83b9141364,0.8167651252800978
ck_51d3e8dd7465c015,0.12240782236708088
ck_e7b4016909405981,0.037380321857812183
ck_e7a3cfb9bf908e80,0.61863923405989
ck_2bb49dc2388cdc1e,0.14206559380729275
ck_94f4266ee7871345,0.2596048074964351
ck_b2c896beec146477,0.559136280301487
ck_fcf5d4a4748cdd53,0.39413322468934614
ck_fd0483639811f62e,0.7986555306579752
ck_9a21d183524734aa,0.5051130576492158
ck_1df4b46c0a4c317d,0.5911794662864127
ck_638df9e8a22dfe0b,0.5200040741495213
ck_65acc43a6dc3e65d,0.16714198411081685
ck_7c67b73196e3d0d9,0.5032796903646364
ck_b0ee3a98175b462d,0.3325117131798737
ck_20fad010969f1abf,0.055571399470360563
ck_54b087bd873af8b8,0.46394377673660625
ck_8007824431fa803b,0.3109594622122632
ck_23aab322810b9fec,0.6074149521287432
ck_c8001bdb9aafc8a6,0.5016500305561215
ck_3a34c3ac83cf84b3,0.5611937258097373
ck_60187ac2c473a662,0.9753921368914239
ck_6a0ccd7357979f0f,0.7715216948462009
ck_27f20337bef5ffe0,0.5023426359747403
ck_f9fc468915afe49c,0.7568751273171725
ck_1eabc15a94bd9009,0.15601955591770217
ck_26896c494b2768ef,0.5031574658789978
ck_348c874eaf0354f4,0.8114279894072113
ck_be9c46acd216b45d,0.7073945813811366
ck_a3cce46d15cc20a2,0.8538398859238134
ck_70804f60d9704128,0.8681605214911388
ck_a019151ca8e7527a,0.47217355876960687
ck_571133b2aa8ead51,0.8079853330617235
ck_0afa4449f20d5196,0.17712365043797107
ck_4d503c41cf4e5034,0.7363617844774903
ck_d6fb9cc5171e3e9b,0.9607455693623956
ck_05ed92a7c3e10e5d,0.41729476471786514
ck_bfb067986660afe3,0.7893868404970462
ck_c1a31690c8573226,0.7435526583825627
ck_cb88ef3dc1f42225,0.5217966999388878
ck_21e3b3bd998745e5,0.8883683031167244
ck_cf52e46fa54e4540,0.0809737217355877
ck_b72c7ac4208052ab,0.1435322876349562
ck_e6465c56b337e6c2,0.2262986351599104
ck_5f87eb05d18186c0,0.12701161132613567
ck_263f6c5ff26b5e98,0.2997759217763292
ck_e0b7e2c0bbe228d9,0.16143817478101447
ck_b657ae3c146cb7bd,0.3372988388673865
ck_abac514d8167ea58,0.6302505601955591
ck_024dcab126876002,0.6776125483805255
ck_5d8481e2b38bd99d,0.7439193318394786
ck_edf229c17d25dac1,0.9018944795273987
ck_6cb7c97b72d6b5d3,0.36926054186188634
ck_c96ae2c28086a059,0.0905072316154003
ck_2f241b97c0f8389e,0.535180281116317
ck_9158bdbb63ee8987,0.4511713179873701
ck_e7b40b60786c1530,0.30863719698512937
ck_66d38518f68e6194,0.07152169484620084
ck_8c9b57ad2a991416,0.6859238134039519
ck_cc91bd7152d3e9ba,0.19262578936646976
ck_0d846660c7957a88,0.32130780199633324
ck_60896cdac2212bea,0.7850071297616622
ck_dc4db8b932df49de,0.6770217966999389
ck_2dc31db181150e20,0.11157058464045631
ck_2f138fce1171e277,0.21087797922183743
ck_68b8b859a6ef505b,0.7096964758606642
ck_c3fe0c6c5e1f40f6,0.4227948665716032
ck_15886fe84866de92,0.7586066408637197
ck_ea269b35406473e8,0.207455693623956
ck_3ce7cad1f69b71d6,0.3507027907924221
ck_054ed4288ee58d6e,0.795518435526584
ck_3d4913a86f207fee,0.21882257078834794
ck_23ff85f9d2355e8d,0.31812996536972904
ck_d87ab3261322216a,0.3157873293949888
ck_fac046ce336fe39d,0.11106131595029538
ck_beb97e498e6cf8e8,0.6771643919331839
ck_1f517e0ebf397b51,0.17319209614992873
ck_0af57ebaa45877a1,0.08339784070075372
ck_f99bc1732ce5e999,0.7392136891423916
ck_abb056a9deab275a,0.4768588307190874
ck_0bfc394c5faa65cb,0.2601955591770218
ck_ddc865af1dd5670e,0.7705642697086984
ck_68b5542459638b56,0.8177632919128133
ck_0b1d84252c0b46c2,0.05125280097779589
ck_520ec32c4f253604,0.4260541861886331
ck_79ffcfee599d77c7,0.6096557343654513
ck_eb224c0fd146253f,0.6926257893664698
ck_0e477084434da450,0.6849663882664493
ck_07840bba5570785b,0.5939295172132817
ck_6b67fe8e310ab865,0.5775514361377063
ck_e2a1068c2fa22525,0.5694235078427379
ck_b9c6b32f6bd92a3c,0.22204114891016502
ck_c1e7d1021ae58f00,0.053249134243226734
ck_5d7801201749ffde,0.6842737828478305
ck_c8806749e263f70b,0.10325931961702994
ck_c9eeab826781dc91,0.7024037482175596
ck_309a432c160a17b3,0.4444489712772459
ck_b22e3337b8e3dbb2,0.09875738439600733
ck_79c30169c71b8033,0.9557139947036056
ck_5a6593d954085775,0.15359543695253616
ck_70b9b79ea1aacba8,0.4805051945406396
ck_63743141ffa11f45,0.452515787329395
ck_dfd3dbd0d97a642b,0.7589733143206356
ck_635646a661f05b4a,0.6911998370340192
ck_4b123d6931b6d0d7,0.9435730291301692
ck_f2b0e7a47f442557,0.9417396618455898
ck_1b1df006b81d38ba,0.5873905072316155
ck_360237c1bd30f4bd,0.6584029333876553
ck_5e84bca0e362da20,0.6963128946832349
ck_142dba210ed2f3b5,0.6239356284375637
ck_a3564236069e3524,0.9001222244856386
ck_cf36d8b070ded782,0.35453249134243225
ck_ddd6625c5eddad70,0.02098187003463027
ck_ad54292a0b2f44ef,0.419942961906702
ck_45cd5ef6b359e9b4,0.287044204522306
ck_982c2392238b7be3,0.9048889794255449
ck_083e4ac78685c3bb,0.733041352617641
ck_729cc0b46cc2e546,0.911040945202689
ck_f2b8995fe5402759,0.015909553880627418
ck_73e24f5a8da289b3,0.8066204929720922
ck_bd85f30c36f5998d,0.6847830515379913
ck_ee4ff3aeadf912c1,0.4692605418618863
ck_63d2978706e193d2,0.6178244041556327
ck_6a0684436a1e66c3,0.9376044000814832
ck_182dc4a2f5a366da,0.0214911387247912
ck_e6fecb82fc2a82de,0.27068649419433694
ck_cfb06f07394dfe64,0.20224078223670808
ck_7bbe1dc8add17ef0,0.5438582195966591
ck_5cacad76e02c8e3d,0.9365247504583418
ck_ca68dec0c7df5a12,0.5145243430433897
ck_e4c0fc52c82065d3,0.6713587288653493
ck_f9197b070416f443,0.2704013037278468
ck_2a07c7021b71cf65,0.5834996944387859
ck_4fa85cebf707de2c,0.1449989814626197
ck_0063d2a9507467e5,0.06950499083316358
ck_ec986285fff05b7d,0.2543084131187615
ck_279d43303708109b,0.24870645752699125
ck_a406bf11e48cf8c5,0.4812385414544714
ck_064b2aa3f0bfdb6e,0.7625178244041557
ck_95790440bc4bd2d0,0.7198003666734569
ck_70066eea13b4c34f,0.25752699124057854
ck_19468fe07e26f992,0.9838052556528825
ck_86bfe328e0a533b9,0.9445100835200653
ck_ace3b96c977a7560,0.8928091260949277
ck_642344e5c652d8df,0.4596659197392544
ck_074be35c951ae10a,0.7164188225707884
ck_f14dce41036486a3,0.9940313709513139
ck_5cf67a3a747e684d,0.8311672438378488
ck_f7285b92648c1c81,0.1549195355469546
ck_bef3193f124fca5c,0.8491342432267264
ck_05c4dcbb45de1f8d,0.7517009574251375
ck_d7c28eaa05bb7144,0.5040741495212874
ck_320df984791a1b99,0.2208189040537788
ck_f45bad1606fa00a7,0.44233041352617647
ck_6f81c199e986d9fc,0.44581381136687714
ck_d0c9633fed57c344,0.7201670401303728
ck_a3c25d6cc7478068,0.13797107353839888
ck_4185506d12cf9fa0,0.06101038908127928
ck_7a02ee1bfba7353b,0.23020981870034632
ck_1b52590757c0fbeb,0.6944795273986556
ck_a0e5656e1cf9cbf5,0.11643919331839478
ck_ace21f6daef94f6e,0.37425137502546346
ck_646d8d0834782d6a,0.9118761458545529
ck_1f136a4476b5e775,0.6607659401100021
ck_325c7643cce02da3,0.5785088612752088
ck_9b5e7fe28208f5d1,0.19093501731513546
ck_05d81b1a150f31c5,0.19602770421674476
ck_0e9ec486bff403c5,0.4627622733754329
ck_ee13c091bc379188,0.6725402322265227
ck_f7a7f8f5903617c5,0.3547361988184966
ck_96c3a3517153390e,0.17172540232226524
ck_538dad7f096458ad,0.6340802607455694
ck_8758fc6622bbb7df,0.33570992055408433
ck_f7e53af3c91fec64,0.5446119372580973
ck_80b50fad7f255e1d,0.24208596455489917
ck_9645e7adc08631b5,0.20598899979629254
ck_e007aedbf37d6ec7,0.24854349154613975
ck_2951d76c41de2569,0.506335302505602
ck_9439bff87e616d4a,0.307781625585659
ck_a73045e96af0e4fe,0.3018944795273987
ck_7b382e533e2e925a,0.4759828885720106
ck_730226c2d216cacc,0.5672030963536362
ck_bdf837d761a7cec2,0.9163373395803627
ck_0b34197335ba3341,0.21998370340191487
ck_49170c4b31a20f5c,0.3003463027093094
ck_cd553ba6589d8bfd,0.36673456915868813
ck_56b992c6f136fa5e,0.5660012222448565
ck_8beae3d7328fa41a,0.3147891627622734
ck_1a065ea906ae3d6a,0.22536158077001428
ck_e9e3381d5e0e5051,0.02786718272560603
ck_a6d4f998dadc90c2,0.8045223059686292
ck_d36733da917115a6,0.6164799348136077
ck_e738e920bbd74a7d,0.119617029944999
ck_af65eb885a51048d,0.19706661234467304
ck_73f4eb09af29b1c0,0.2688531269097576
ck_8fc641b1750a2542,0.8728661641882256
ck_41b954c7a948c060,0.3845997148095335
ck_25fc3010e8a0f6d7,0.2608066816052149
ck_a2624e0387974e0e,0.5231615400285191
ck_5cb9d7b2329d5ab6,0.4743328580158892
ck_6c83aa1d100a7cd8,0.8941739661845589
ck_67025c64588abd1e,0.46046037889590546
ck_f5dde68f6f0468e1,0.09594622122631902
ck_46bfb2cfc29a6d2e,0.4769403137095131
ck_49dddb894d33f6db,0.6390914646567529
ck_f738b633b8862d18,0.30994092483194136
ck_3d6c3c00d854f5a4,0.8925035648808313
ck_cdb8061d8d1a6c5f,0.7511509472397636
ck_5e1b81848718bdc3,0.5999185170095742
ck_8def763034187436,0.46803829700550015
ck_8f8e4fb9c6190272,0.6090853534324709
ck_368b968b5f33431e,0.2843145243430434
ck_ba7e347251ea399b,0.7924831941332248
ck_9075432001a64e75,0.4589529435730291
ck_73c5371635aca173,0.9476471786514564
ck_81793387b38047cc,0.17451619474434713
ck_0cf220816e320ac5,0.26553269504990834
ck_820219bb9c761b52,0.909879812589122
ck_70a932ab39d86a24,0.00896312894683235
ck_2c4be237a7ed79c7,0.3805459360358525
ck_acc764b49ef02826,0.9110816866979019
ck_74c3c3452e4e7cce,0.07321246689753513
ck_34dfb57e5bf31d2f,0.7004074149521288
ck_6ec39903f765956d,0.37048278671827256
ck_5986119e7d81e831,0.40792422081890406
ck_2ddfc948b8eac752,0.9219596659197393
ck_921ff5ceaf40a968,0.7231004277856997
ck_fb3b68b4424b5f92,0.7656141780403342
ck_c3db1b3ad4f16679,0.5685271949480546
ck_124a197be41687f5,0.7089631289468323
ck_c58d9151834f5bad,0.451863923405989
ck_389607982eb6b701,0.9304542676716235
ck_fb0c138c003e933a,0.2872682827459768
ck_50d0bb7edd8c69c0,0.7574862497453657
ck_c6cb651149dc9a8a,0.3250560195559177
ck_81e21354e477eceb,0.44797311061315953
ck_7696e38b3e4197b0,0.17551436137706256
ck_586001d3ed9e7fbc,0.04459156651049094
ck_bba413492dc46f2a,0.40002037074760644
ck_95b894380ad2702a,0.4437971073538399
ck_277621473369614f,0.9991647993481361
ck_a50621b5eeca84b4,0.28372377266245674
ck_bfa7ba218b988cde,0.8188429415359544
ck_5ea89567dfe78e4b,0.6151965777144021
ck_6c679602a6476ab2,0.06402525972703199
ck_d3885e286b3b11d2,0.518455897331432
ck_cdcf6671b37c9c92,0.5333061723365248
ck_b5c93e6d34f8d366,0.0930332043185985
ck_c24f61925dc158d5,0.8135872886534936
ck_cd09375e6c81d2c4,0.7429007944591567
ck_a95afc7a00303a26,0.2627011611326136
ck_8e89ca8b39f3f8ad,0.12711346506416787
ck_9a84b396aada3fa8,0.8926257893664697
ck_5124a2e415384945,0.7926054186188634
ck_d66bb1f063357f99,0.141658178855164
ck_0fd9312411b0ac55,0.3952128743124873
ck_ad8cbe6e27e47ede,0.6822570788347933
ck_8398adeaf41f9cae,0.4605214911387248
ck_dcf851e7bb5855d0,0.03143206355673253
ck_9affb0f26776b642,0.08521083723772663
ck_f0424b3b36bdbef0,0.6621918924424527
ck_66746d1090d6d9e9,0.11643919331839478
ck_e5f8c8a5824db594,0.5842534121002241
ck_3e91dcc209431984,0.3575269912405786
ck_126a82e8d42e5ce6,0.4395192503564881
ck_38e4a74ab256e2eb,0.7418007740884089
ck_1225a97fc413a419,0.855591770217967
ck_9b5ec0f78e160e65,0.18028111631696883
ck_7c5529bcc079600b,0.35781218170706863
ck_29640fc2fe81c251,0.6438174781014464
ck_160e9ba0a3f7c1fd,0.5199022204114891
ck_bff090cb4ab76b9f,0.6204522305968629
ck_aa06ed358e43db69,0.8299653697290691
ck_7264486eb512d84a,0.5078834793236912
ck_f5a32e6160b28379,0.4514565084538603
ck_4ba8bec14c2217e1,0.41326135669179065
ck_610815786d729d2f,0.5977795885108983
ck_e267999226b6321b,0.26651049093501733
ck_f3996a3c8eea1ea0,0.5590344265634548
ck_e9b75ed7567a3f23,0.4424933795070279
ck_d21612d48bb4f7b8,0.6537380321857812
ck_1f871df76c6a995b,0.4547361988184967
ck_953bd5de48ccd70f,0.9614381747810145
ck_02a9104419a6dbaf,0.5587899775921776
ck_1eeeee651e05d535,0.7491749847219392
ck_e2ab04136a442a98,0.4892035037685883
ck_f0d806624ef3d359,0.2811774292116521
ck_4b68b38c1b3326a3,0.2569769810552047
ck_74e60495f8861156,0.35730291301690775
ck_398f3f4cf05c721b,0.32568751273171725
ck_f761b7650a0c1a85,0.7934202485231208
ck_7dadef33f5e2d94f,0.981503361173355
ck_6ff6883633b8c7ba,0.018720717050315746
ck_4d2159603045109e,0.15762884497861074
ck_a38bd07a5fac5c9a,0.31165206763088205
ck_f517f06551e69507,0.8424730087594214
ck_a7ea00a1760ad561,0.9829700550010186
ck_31fc51d5a3dfe16a,0.5047260134446935
ck_bac5233623b25ca4,0.46879201466693826
ck_385188ab27784fe3,0.8191688734976574
ck_9947a323bab5cacd,0.8403137095131391
ck_7973edc9f22ee7b6,0.39488694235078425
ck_f97c477986043755,0.32079853330617236
ck_1a3fd2cc4b4de196,0.38468119779995924
ck_e18ac29ea62cb435,0.6343654512120596
ck_9720a472a3e0140c,0.29722957832552455
ck_668c7fc7d7e47c0e,0.6303524139335914
ck_214af0806470ef48,0.2948665716031778
ck_a46c1773f01f0be7,0.5567529028315339
ck_f2bdcfb4203ffdee,0.434854349154614
ck_40e84e6ffe788a4c,0.680057038093298
ck_dfc6f5712d8d6678,0.921572621715217
ck_01ef1036b2e66a4b,0.18431452434304338
ck_3acfec10eec32f9c,0.4223059686290487
ck_084a85145c15ed77,0.7549602770421674
ck_fcdb4fe2f095fba1,0.5827867182725606
ck_023908db0a193076,0.7903035241393359
ck_fec0ff92fd622253,0.6686697901812997
ck_c009c97d5fafbced,0.8434100631493175
ck_eb9f0c06ee017ee5,0.26257893664697496
ck_d7792b429620fc24,0.41311876145854554
ck_5e9e149a3b69c726,0.9016500305561215
ck_ce927322ef8f651c,0.42079853330617234
ck_b8fd61a8e82bce32,0.9592992462823385
ck_9aafc33fba1474cb,0.13866367895701773
ck_ce81ff9b8b35562f,0.7078223670808719
ck_25bfca1d8eaa152d,0.19806477897738847
ck_170c65860e2a7e23,0.36987166429007945
ck_952da7ca9f33decb,0.7289264616011408
ck_1ebd574406235957,0.4376655123243023
ck_589109a188adc2c1,0.3401914850275005
ck_f0cbd5383bb07778,0.5639234059889998
ck_242521e261148fba,0.12079853330617232
ck_509cece86a558de4,0.26044000814829904
ck_0dd7c5925d28755c,0.5939295172132817
ck_a7e669cf1c3985aa,0.6679364432674679
ck_acb84dc2351eeb76,0.21456508453860257
ck_b837c7dac2a9b931,0.4619067019759625
ck_18eb1f9181f95df4,0.10403340802607457
ck_b0b9047dddb1ec84,0.9312487268282745
ck_43aa136bdb0a2832,0.9130576492157263
ck_3e47f8c56c811700,0.6866571603177838
ck_77c587d24695ea15,0.36742717457730706
ck_20578ac693ea4e93,0.8293338765532695
ck_b9f6040eebd1605f,0.866958647382359
ck_ca9d86f65cfdf018,0.800142595233245
ck_a4fa8833995c716a,0.7000611122428193
ck_f589f1e29301b5fd,0.9248115705846406
ck_961ddb8ff55d868e,0.009900183336728458
ck_5662492a54e6688b,0.8676105113057648
ck_ad48826c1c26eb78,0.9777551436137706
ck_621c9ddde6bf2eca,0.7799959258504787
ck_417a3500b2c717b3,0.8396822163373396
ck_c7e129058beb3ac1,0.7181910776125484
ck_ec1c902b9b9b9c5f,0.48374414341006317
ck_317360ec0a67d27e,0.7252800977795885
ck_3e3ea5d8c4a229dc,0.778244041556325
ck_d11d27de7bf0b973,0.8624363414137299
ck_d37d56e931105db0,0.5215318802200041
ck_4863077723cd6ce1,0.09026278264412305
ck_479a065d5903e9c3,0.33401914850275005
ck_e66ae4fd586fedea,0.5994703605622327
ck_192bbfd0d5720134,0.4365858627011611
ck_3b436cb29af99f3d,0.6092890609085353
ck_7c7ca54969eed187,0.866775310653901
ck_826ee896c9f1144d,0.9422693012833572
ck_ba1f6dd43fc8a0b1,0.48950906498268487
ck_49685deb63e4e8f8,0.5607863108576085
ck_687ab5d5554bfa79,0.6248930535750663
ck_41346ccd9242cc8f,0.1657771440211856
ck_8f8e5e2b9dfec3d1,0.7577714402118558
ck_94d5ce61a0c50465,0.5029741291505399
ck_6b954c75aad8c012,0.6549602770421675
ck_748af92828c9d288,0.05901405581584844
ck_dddd14091ce812c2,0.2500712976166225
ck_723323f6870fab59,0.6035241393359138
ck_dbdf8d0708cc6718,0.3087390507231616
ck_f04938570a154de3,0.004237115502138928
ck_58afa1550b3b5294,0.6083520065186393
ck_3b150afde386ecff,0.5349562028926461
ck_666b95e75d99ec4e,0.9437971073538398
ck_e00332597cf1eb24,0.6794051741698921
ck_9a9e3dac79280d7f,0.7556325117131799
ck_e8d37262e859d9a1,0.12418007740884089
ck_895bb39d24bc1c4c,0.17227541250763903
ck_b367449195e36499,0.1368506824200448
ck_d23f9a50d1135ce1,0.7765736402525972
ck_670dc4910cf476c2,0.19625178244041555
ck_3ecd8a5ce65e21ca,0.25434915461397434
ck_8584fea2df4c6317,0.6218374414341006
ck_0789ff4562202b20,0.3200651863923406
ck_749e0e50c3907be8,0.13051537991444287
ck_c3ff6790cc6d7e34,0.30042778569973516
ck_75fb7e56432ee4b2,0.18816459564066
ck_529fc3170fd11abd,0.8069464249337951
ck_34a69b3b4a681796,0.8412711346506416
ck_255f0e5888ae9e23,0.8349562028926463
ck_65be698386474170,0.4264004888979425
ck_5eec9ed855c26000,0.15247504583418212
ck_5ab39bdc9610f6f3,0.8820126298635161
ck_1b5b75762f033462,0.1280097779588511
ck_d3e208671cf37f91,0.9593399877775515
ck_5068ee554ceff971,0.5474638419229986
ck_d7d50fb57fcb2d0e,0.08789977592177634
ck_ba6e1115fceaa067,0.7687105316765126
ck_d07bfb16a4a7dac0,0.9592585047871257
ck_ead68310311690c8,0.9769810552047261
ck_ee53ce862bc9c111,0.3001018537380322
ck_97e56e6037024dff,0.04611937258097372
ck_80b04344c98ec072,0.23900998166632717
ck_5954f45a2ab45f43,0.8167243837848849
ck_18ddf7e836256e3b,0.5883886738643308
ck_89a1a780144d808b,0.728519046649012
ck_a7331e8b808c39aa,0.7709920554084335
ck_a1fd0ad03ff9b776,0.6436952536158077
ck_c0cf50eef030b401,0.08814422489305358
ck_074f20921189e7d6,0.10181299653697293
ck_e2aa7be60794593d,0.7989407211244653
ck_72771757dfb7f7a8,0.5986962721531881
ck_a9cd84a6dddfe584,0.6172540232226523
ck_142c00f9f8557504,0.6430841311876145
ck_221b5d40358230f4,0.5759014055815849
ck_a2d7a563f520b7ea,0.22890609085353433
ck_66cd34bc568d95e0,0.7180892238745162
ck_a17128972d3e507d,0.9228152373192096
ck_bda299466bb2136e,0.5216337339580362
ck_2b699066665abe8a,0.8112039111835405
ck_0ac9848bd4ba0c14,0.11432063556732532
ck_98d2f9a6ba3a3077,0.9256671419841108
ck_a872df31b28a5f7f,0.8418618863312284
ck_7e73e1d44ce82ed9,0.5163373395803627
ck_1a415416f620d49d,0.5072519861478917
ck_c95c786d2f8b8edc,0.2693012833570992
ck_e45012f22b7f91d5,0.34656752902831534
ck_aa0b083e2a6813eb,0.8371155021389285
ck_4666232ddbf77756,0.3655123243023019
ck_e08e9c8ec5f23d8b,0.6196985129354247
ck_31d4c0518e5f52c6,0.4323691179466287
ck_c1ab40638f04cb02,0.39576288449786107
ck_4c1fdd1669c7cf51,0.07590140558158484
ck_11662cc7940ffc82,0.7351599103687105
ck_2e679af24adedac8,0.412161336321043
ck_454b9e21b7f25a4c,0.3524546750865757
ck_355c4f29089731e8,0.9337543287838663
ck_507e40760a24d2d5,0.7281320024444897
ck_0943e0f305078e34,0.9946017518842942
ck_abc54ed7111e9ed1,0.1854756569566103
ck_a60fe02fc04407a9,0.639702587084946
ck_244b897bb4d57c1f,0.3999592585047871
ck_8c84fcde93a04334,0.9113668771643919
ck_9eea37d2de633b27,0.23642289672030967
ck_b2cb9e6610eca967,0.4607863108576085
ck_09aadb4c41b166f1,0.7077816255856589
ck_8d94fbb4828ef326,0.25361580770014264
ck_089e3a07abbe3b8f,0.5047260134446935
ck_dfee9de05e3971cf,0.4022204114891017
ck_6abf8302ce052451,0.8567325320839275
ck_6ffa90143838a4a2,0.2766958647382359
ck_325caeab5c7a9c3a,0.15031574658789978
ck_1964ee9db929a173,0.9226319005907517
ck_942b95988a6245a6,0.7289875738439601
ck_913ecdeeb8e21a9c,0.2507639030352414
ck_ecf9794349eb4b3b,0.8686290486860868
ck_b6cb8d6ae828eed1,0.6472193929517213
ck_2f82ea66c4f53b33,0.7505805663067836
ck_6e676daa4855b58f,0.8849867590140559
ck_2a37fef48b44e9c8,0.26887349765736407
ck_3bd12d468fdc2450,0.44730087594214707
ck_1a28b6a40a6bd3b4,0.8139743328580159
ck_61b79dec96d15713,0.14206559380729272
ck_31d5e3daced93d3c,0.5446526787533102
ck_e6c8611c0cf233d7,0.17190873905072315
ck_f04761b4a937ac3b,0.3274393970258709
ck_38c1c75cf055031b,0.6735383988592382
ck_59a561f3df01441a,0.676838459971481
ck_04e40f556a5062ef,0.2455489916479935
ck_8409716d174635b6,0.5745569362395601
ck_3019afee83342701,0.7369932776532898
ck_b51a58e7f032c9a8,0.3939702587084946
ck_5043e474f848346d,0.5098187003463027
ck_4388abce33ecd01b,0.8755551028722754
ck_c93def7392f0aff5,0.8613566917905887
ck_72e7b1acc19df820,0.6360154817681809
ck_f253130dc3ca5b3c,0.055856589936850685
ck_eb264d1b180d4b4c,0.9344061927072723
ck_c2504f5a113433ee,0.016928091260949275
ck_c16ab1e4dafb4910,0.858341821144836
ck_4bc42878fa180991,0.5069056834385822
ck_1c771a7c78f6622c,0.581320024444897
ck_d523f0e50a2747ad,0.5176003259319617
ck_9060f4e7ab7a1b0c,0.3049297209207578
ck_6b55ec4e87a5e22c,0.9270930943165614
ck_55fc62a5f89a7251,0.3743124872682828
ck_bd2545c62f258231,0.7473619881849665
ck_1ccdc69d0bb712b4,0.4592992462823386
ck_710f867a3bd5898c,0.08472193929517213
ck_f91d48c40337d375,0.7034222855978813
ck_f76d929541ed41dd,0.8808718679975556
ck_e26a6659c237b650,0.730943165614178
ck_184983177b73dea5,0.31971888368303114
ck_6d0d081bfa8a0022,0.5084538602566714
ck_2f6e64f638da0f97,0.3555713994703606
ck_15b93103ccd38609,0.2375025463434508
ck_094d10439b7b4eac,0.2941535954369525
ck_d2ca47180a926ba2,0.24628233856182524
ck_a69ca7b9d70972bb,0.3095742513750255
ck_68914e67343a7d32,0.7051945406396415
ck_8176616132458c0f,0.18692198003666738
ck_eee99af3598311b8,0.6439600733346914
ck_94410eedfca91304,0.5397840700753718
ck_cfb11a0a2325bff5,0.2085557139947036
ck_75217ee144b715f8,0.7434711753921369
ck_d56fc799542299b8,0.11360765940110001
ck_4c352dd3e7c81269,0.3913628030148706
ck_e23e50e02cb3904d,0.8242208189040537
ck_b921af37d500e139,0.5961091872071705
ck_82181b935360dcbc,0.9874108779792218
ck_22a7cf3b99c5e5fd,0.7228152373192096
ck_f67ee7910d532216,0.4904664901201874
ck_5f48762a14a0326f,0.18187003463027093
ck_1757fcb0e6e3f88e,0.7911794662864127
ck_2c2f080ba185016e,0.6575269912405786
ck_4c25570eb72711b8,0.12599307394581383
ck_a3be871ca22ac416,0.3504379710735384
ck_ab70961e7c6695b2,0.5573843960073336
ck_a1cdebfc42a52448,0.241658178855164
ck_f1b80b821a20186d,0.40488897942554497
ck_ae668e4564cd2aa1,0.2166021592992463
ck_0e2bc3a5afa439d8,0.7977999592585048
ck_3dc378f37d0b74b8,0.6037482175595844
ck_9f9555197480d1cd,0.6647178651456508
ck_bf4e7d48770a4a8b,0.8353839885923814
ck_614ef655f0685060,0.1805866775310654
ck_04d2ea38ee27770f,0.3839885923813404
ck_e03a9d8ac94161d5,0.41000203707476063
ck_d4007b5b26d9d854,0.08028111631696883
ck_2dd147ce6d61749f,0.7050315746587901
ck_ff45764ea7d6619f,0.8433082094112854
ck_dbc487cb0a6c18da,0.9301283357099206
ck_791d5392bbd80447,0.10266856793644327
ck_b4068439c413b150,0.4728865349358321
ck_85df7b7de9700aba,0.29007944591566515
ck_001e42551cd06e40,0.46135669179058875
ck_a6c02ae50932cd9d,0.43224689346099
ck_9fd0be2c018ff5e4,0.7231411692809127
ck_32a495128395fde5,0.8971888368303117
ck_b6f2a2fd232c141b,0.8204318598492565
ck_28dde633692904b0,0.9039722957832552
ck_a1a93c5f375f6021,0.3706661234467305
ck_e3982142336782df,0.8451619474434712
ck_a9812ff3c111ea94,0.36365858627011616
ck_f04062216f95fa00,0.45349358321450395
ck_7c560467daca735f,0.004888979425544918
ck_76ee10d6e2dba70f,0.7710735383988592
ck_3521243bdac61178,0.3705642697086983
ck_28588fb03b320520,0.6013444693420249
ck_580dcec33ec232b8,0.08737013648400897
ck_7109923fd7dab20a,0.2274597677734773
ck_7c872c99481c1e9e,0.529028315339173
ck_46f4e1f5026f4d1b,0.044184151558362195
ck_00d1ebc31ec4653c,0.83018944795274
ck_aac70764dde15168,0.14666938276634753
ck_648c03f9aa4e45f1,0.5042167447545325
ck_5478eb69ef912785,0.9119983703401915
ck_79b8523137bb2603,0.7914442860052964
ck_795c49f312640019,0.005703809329802405
ck_89184bf7b7fe41cd,0.897575881034834
ck_97d4bd922996fa10,0.18706457526991244
ck_1cef30d08f3a598d,0.04937869219800367
ck_2f9fd36a4a40a6a8,0.029965369729069057
ck_40780fc0f8d6f309,0.374088409044612
ck_9083ca9fec2a7f4c,0.2544917498472194
ck_62081bc35aa59931,0.4981870034630271
ck_2e1b46c5fc56b863,0.8894683234874721
ck_3d139692c51b604a,0.878468119779996
ck_b5e54e22e3d6960a,0.2906701975962518
ck_c0c4be3f44311b04,0.18665716031778368
ck_82a8bdd2692c2a5e,0.5335709920554085
ck_bdd2da300b530c5a,0.2737421063353025
ck_ee40498cd97183d3,0.14387859034426564
ck_70b9274473bd6dfe,0.2727235689549807
ck_473d6314ea614b29,0.15371766143817478
ck_7443d6dca8cd1352,0.1643104501935221
ck_3b49768b448b071e,0.14666938276634756
ck_b43f04431c267dea,0.3677938480342228
ck_4424a5223ba2fe00,0.28246078631085764
ck_819bf3e8231f4081,0.4735180281116317
ck_91d417507a8c58cb,0.909044611937258
ck_e88e86b19cada4aa,0.6634956202892646
ck_59684167f9c6bf4c,0.6928091260949276
ck_d5f5b0dc97b9dc27,0.6994296190670198
ck_13d1b192bbff8f32,0.6096149928702383
ck_b21d8630387cabce,0.08107557547361989
ck_e4ac22046699b99f,0.33532287634956204
ck_74b848064f2ff45d,0.29009981666327156
ck_166aa980cc87fa77,0.7456712161336322
ck_98e337806104dd88,0.0498879608881646
ck_66eb09be007f0755,0.764351191688735
ck_3ec9b9d8dd7be11c,0.5738032185781218
ck_8b8b9de339d75d0b,0.7005907516805867
ck_6715139e240007d9,0.2350987981258912
ck_a0255ab46e122d2f,0.07907924220818904
ck_66e81a4190c33510,0.6654512120594827
ck_5d75ea4f5c9080bc,0.9646771236504379
ck_df69858b8a8b3165,0.23501731513546545
ck_e15252ebd7553422,0.3353839885923814
ck_34d6d74bb3ed11e5,0.17500509268690162
ck_c2608f78f6851d10,0.47058464045630477
ck_bb99071e8f58c8a4,0.9441841515583622
ck_06010f0df5b7cef8,0.49445915665104906
ck_8c582eb0f6c0148c,0.11189651660215931
ck_0034d010d28aea78,0.7464045630474638
ck_01c1f06692566ca1,0.5574455082501528
ck_4807726e797fb893,0.5079038500712976
ck_edc9668282e3c8cb,0.6702790792422082
ck_5486768475af7bb5,0.9577510694642493
ck_3fb9813849e51837,0.4939498879608882
ck_861af5a9a9a6d619,0.6427581992259117
ck_da39653add0f1109,0.09075168058667753
ck_74a4244eb1f162e4,0.06168262375229171
ck_9a930faade55b8ea,0.38673864330820945
ck_fb6e06ca88519dcd,0.647015685475657
ck_9776cd8263a9f415,0.6635159910368711
ck_b3dd1198ac5aea73,0.6292727643104502
ck_b6675a04df1a4276,0.3384192299857405
ck_5c7ad6e731b69333,0.8272764310450194
ck_28dc0fdbaec00580,0.8740680382970055
ck_8e7a32f7e3905f4e,0.20751680586677534
ck_8563fed6674afc77,0.4060297412915054
ck_9a2fcccb82da663e,0.527398655530658
ck_6a519bdac0d94527,0.041576695864738236
ck_a0dab7aa9c4a39a9,0.6340802607455693
ck_a3ce05e9e5e32142,0.3454471379099613
ck_7a7e40ee3f97c035,0.6418211448360155
ck_9e9a830785112a73,0.46292523935628443
ck_ab1bb02f6b189304,0.9627215318802199
ck_7b8cb0f90fbdc8c6,0.4443267467916073
ck_b138fc249e659e60,0.41460582603381546
ck_e73caa3771ec5e0f,0.2782440415563251
ck_18a55b06ccccd88b,0.6906701975962517
ck_fdcb1d9265d8fec1,0.8547565695661031
ck_e21a900556b382ad,0.48060704827867184
ck_c6bf67470f526771,0.6873701364840089
ck_b568ba3837afb39a,0.09816663271542066
ck_a2858979dd5645ef,0.1147484212670605
ck_1da9d40837ebaa57,0.470645752699124
ck_9341c7959543c542,0.24956202892646162
ck_c8ad86806b9a2369,0.6157669586473824
ck_5c85d93ecfed4b0e,0.5698512935424731
ck_f07b09879d697b82,0.2203911183540436
ck_fe43da07608b1749,0.34673049500916686
ck_4bca22b5926b9c28,0.0465471582807089
ck_aba573aa942b1d41,0.14891016500305562
ck_57c14e32fa4683bf,0.3196374006926054
ck_891530b489ce402b,0.2861682623752292
ck_5e74fdadb93ff293,0.5809533509879813
ck_14436a409ebcc90f,0.4526380118150336
ck_00013fdfa0bd37dd,0.4787125687512732
ck_7dbe24ba01316775,0.6689346099001834
ck_0e3f80c1553c591b,0.6033000611122428
ck_3edc45db58760d76,0.0214911387247912
ck_29076a13f539187a,0.9159706661234467
ck_b1e81b58b9a545ce,0.5780403340802607
ck_3f8571d4f7420b2a,0.7437971073538399
ck_7dff6abe4bd644dd,0.9232430230189448
ck_2884bab237af16b7,0.3622326339376655
ck_231e6dd1fe708000,0.14542676716235486
ck_33ecaa7b892e73df,0.2091057241800774
ck_b109ec4c63503030,0.48464045630474645
ck_a7f522382509cef1,0.21570584640456306
ck_748b3ea941d8b3b9,0.7592381340395192
ck_29f3a1737a2d9634,0.681034833978407
ck_cee8d42475a0f020,0.5518842941535954
ck_c6b6ebe145a8ffab,0.3563454878794052
ck_21c99e1d6b881894,0.24650641678549604
ck_5ad798286384484e,0.5411692809126095
ck_b621b6ffcc7f4848,0.5376858830719088
ck_ea819e337233475c,0.9023426359747403
ck_9e3896c2668ce06b,0.6758199225911591
ck_501dcf1ead036d2b,0.49089427581992257
ck_8d5eda29a2cffa3c,0.1301079649623141
ck_4d3aa36ff83f1132,0.9607048278671827
ck_8e9faf94e3e6c757,0.1545528620900387
ck_ce0ec41f96951048,0.21275208800162965
ck_f09165d73ee903b1,0.24277856997351802
ck_a432b1bf1d3b3d5e,0.8517416989203503
ck_ea618f720ff0b4b0,0.6148095335098799
ck_7584e7bd755cb28a,0.45795477694031367
ck_e14681aad43e1a72,0.8108372377266246
ck_5e18870d8e30e379,0.615237319209615
ck_ff7c26a62bda8089,0.1317376247708291
ck_cc5a35175d381d5a,0.45986962721531877
ck_3c25029e40aa8a84,0.22138928498675903
ck_771247b5bc16c12a,0.1856793644326747
ck_664b5e02759f985a,0.26769199429619067
ck_692a9e8f504b9762,0.006640863719698513
ck_df8ad2deb0a4ffed,0.4689549806477898
ck_eb48c0bcd12ea654,0.5484008963128947
ck_7c77e597c951cdad,0.7747810144632308
ck_4f75144c6f3b13ad,0.6765532695049908
ck_1bcff399166d7c43,0.23473212466897536
ck_975c2aa3d4a8c51a,0.13192096149928703
ck_bc6f07b06aaa4ce3,0.9629456101038909
ck_80b072b7f3c7e8e5,0.43752291709105723
ck_471e4018a23b4e56,0.4049704624159707
ck_53cddfba570b4a3b,0.46094927683846
ck_630530e50764f229,0.7200651863923406
ck_dcef7887a4f1e435,0.3851293542473009
ck_2795921a055643f6,0.17869219800366676
ck_7456df89f3792235,0.10248523120798533
ck_5014a3b07e1f049f,0.9628844978610716
ck_d4ec44760cbe03f4,0.5598899979629253
ck_96810ad39d4cb7b0,0.702750050926869
ck_3222ea25aa29bfa6,0.0727439397025871
ck_f6c42001b84a10cb,0.7568140150743533
ck_5ac86682385c86b8,0.3610715013240986
ck_4280c33af57eb4f4,0.5268690160928907
ck_05f79ddd8eefaa56,0.602424118965166
ck_3a57a13ce032a6fe,0.07335506213078019
ck_a721f0d635fad68a,0.12026889386840496
ck_a3f821bdf408c326,0.21258912202077815
ck_0ada63008be5685a,0.683642289672031
ck_8c949bdc6e8720fa,0.6788144224893053
ck_c0d2c56f9c722e99,0.9625993073945814
ck_5d2b9e6e087b8dfc,0.9932572825422694
ck_5217b55593a332ca,0.885271949480546
ck_7a7bb9be5a7e48ad,0.7238948869423509
ck_24cd0d779e866287,0.1283560806681605
ck_7367917891a63771,0.6312283560806682
ck_4b31a8862a857e6e,0.9441026685679365
ck_81429c4910ca46cd,0.04721939295172133
ck_b35d803568f82d9a,0.4240578529232023
ck_4b00e75c2d2d0522,0.0832145039722958
ck_77fced07f6dff42b,0.7165410470564271
ck_3c9a06eb07c300e4,0.5855571399470362
ck_b3867f7f494db64c,0.015196577714402118
ck_0c45e54897ab34e2,0.8712976166225301
ck_507a6a580ab55c76,0.5449582399674068
ck_291bffc7809f896a,0.3970258708494602
ck_3753cc5b9d02e2fd,0.031370951313913216
ck_4f63d5245b3ac1dd,0.21782440415563253
ck_9dfb2ae78659240a,0.5992870238337746
ck_90f6f5ced708aa75,0.1486249745365655
ck_8b5b5a6b5539e39b,0.9769403137095132
ck_4719112b55d20161,0.31896516602159297
ck_fec888a7108ca52d,0.9802607455693624
ck_4f5d022c99f118b7,0.43683031167243835
ck_e967ff05514b697b,0.5697698105520472
ck_839ce35819bfa4fc,0.09148502750050927
ck_bdee1221b9addff8,0.2107964962314117
ck_9cde4036d0914427,0.3391118354043594
ck_5ac959cbcc5e98f3,0.13550621307801997
ck_619842688294dabc,0.23772662456712162
ck_7373d7b04c7799bd,0.4621918924424526
ck_c1dd3feb9a0b6471,0.6128743124872682
ck_0324a4812ec319c6,0.3344673049500917
ck_7f3685aa2933b251,0.5299246282338562
ck_06aee5a62a67a84c,0.8759828885720107
ck_3428910b44b9d08f,0.5377062538195152
ck_c3ba7534cefc1de8,0.13599511102057446
ck_1f1273a67cbad5e5,0.9414544713790997
ck_124565a11b2f8bb8,0.6736198818496639
ck_38e46bc861e0165b,0.7756773273579141
ck_c8ad3f01319c065e,0.7906701975962518
ck_3f94a34f5038f7c1,0.9364228967203096
ck_cee56be5a502fbd1,0.8751476879201467
ck_2b90b76cf4d162f9,0.36754939906294565
ck_884b2e463ff1d54f,0.45111020574455085
ck_fab4f2f8531b4827,0.4622122631900591
ck_4fc6256e0e60a926,0.7311876145854553
ck_0a2f8b2f8a5b6f02,0.11338358117742921
ck_9c0deab8a8367c5e,0.034467304950091676
ck_d3a2a4c011fa2554,0.4670197596251783
ck_4108b4038f762817,0.7188429415359543
ck_4df036e2aa7e1056,0.5196781421878184
ck_ec094eb1cbb3efc5,0.02743939702587085
ck_09f8f51bfd2492c6,0.07105316765125279
ck_b60fb9a10d6f4489,0.7297209207577918
ck_3638bc3388dbc1bc,0.88667753106539
ck_7a58e0cc9943c39a,0.38384599714809536
ck_37dab6a0a536ed49,0.8092279486657161
ck_adc576690df5b33b,0.8037889590547973
ck_1383b2b1875000f2,0.06651049093501732
ck_43c1248db37a2eb0,0.03937665512324302
ck_29c11bd68858e923,0.05508250152780607
ck_9401f9e11f65337d,0.6286412711346506
ck_ce5ed372b1a2ed6b,0.45988999796292523
ck_08b4619490e751a8,0.9682420044815644
ck_44b9125526acb05d,0.4848237930332043
ck_ef1a1de20d2124cb,0.5979832959869626
ck_e5e2624b7fc89774,0.5468730902424119
ck_f5100511609b92c0,0.006253819515176208
ck_64f3bb17101b7c42,0.28411081686697903
ck_ea1e5b5128ecba2c,0.10928906090853535
ck_516163fcf04d5e77,0.3850478712568751
ck_7f9a748110d70005,0.481503361173355
ck_d263b55f0a681cce,0.824465267875331
ck_0e962eacf98a813e,0.34734161743736
ck_0406931800e0e2e6,0.5277856997351803
ck_0e9b982afc88a3a9,0.9981055204726014
ck_8bbb625384edebd7,0.051762069667956816
ck_5eaeb87bf6207406,0.9830311672438379
ck_cc3318839c4b0745,0.16471786514565084
ck_08a0355d1f1890ef,0.16987166429007944
ck_af7ffd1a822460d3,0.885271949480546
ck_2a09c7aa870edb6b,0.3262986351599103
ck_bc04f51c23290bcc,0.3860052963943777
ck_d3a8333cb389f4c6,0.350234263597474
ck_88e3dd3039508332,0.6512731717254023
ck_b8c7771de9b57705,0.5234671012426155
ck_585ababa02383b50,0.14192299857404767
ck_e988c108754cee9c,0.20362599307394583
ck_4a691892d9d6cf89,0.3418618863312284
ck_7cdce37d895eefb8,0.3389896109187207
ck_483fb981a1fb4317,0.268547565695661
ck_c1e5182bd99e0e35,0.9442452638011816
ck_9a1e3ec9a1839939,0.4389081279282949
ck_5c3f13de0dbd5086,0.3083112650234264
ck_f4f6f0caaab70040,0.15793440619270727
ck_791be3378dd7d64c,0.19559991851700956
ck_956dd784525f5886,0.6552454675086576
ck_098167eaf124c279,0.3022204114891017
ck_33ecff7914349ebc,0.36877164391933187
ck_e05d44e46c7174e6,0.733876553269505
ck_1b2ce474fa6582b4,0.5298431452434305
ck_ab581082e8f72e3d,0.18072927276431044
ck_e63256667aa19070,0.7495823996740681
ck_f568772b6cb3febe,0.8520880016296598
ck_dd89a282375bbab6,0.8842330413526177
ck_a39d0bca345b492d,0.41185577510694643
ck_d12d2924d0f7a64a,0.16563454878794054
ck_6a548da1728b5823,0.9782236708087186
ck_6d64193681d2a94f,0.8943369321654105
ck_ced6b6dcdc7c201a,0.27612548380525564
ck_d1b0699d26282871,0.670869830922795
ck_58f757e40a9b8877,0.5309227948665717
ck_3272c2c4a37d5220,0.9332450600937054
ck_d94dfde9e03c9d1a,0.8411081686697903
ck_08a6d4903a7fbaca,0.32996536972906904
ck_6c72a36b05fa0f4c,0.756426970869831
ck_dbb4bd4eda97255d,0.7222041148910165
ck_94b59bbc824b307a,0.5507842737828479
ck_0229a07185f15469,0.36530861682623755
ck_11bf1039f8b3025b,0.4457323283764514
ck_36789ca11459131e,0.5003870442045223
ck_8572c5f5c1447c62,0.481686697901813
ck_9e75c6641939f4fc,0.6399674068038298
ck_b45e47c39d4dc7bf,0.5348136076594011
ck_02903c48b6cfd65d,0.17940517416989205
ck_b153386f1729de81,0.6400896312894683
ck_36979996f33498f7,0.924974536565492
ck_3c02d4dbbf6716b6,0.44862497453656547
ck_66c9a19963957531,0.6410266856793645
ck_bae8dae7cfd8baba,0.20236300672234672
ck_bba0ccc6cd968680,0.8634752495416582
ck_3267fe3aac05c71e,0.3499287023833775
ck_40052cac10562cde,0.2510898349969444
ck_d973444855403e2a,0.5169892035037685
ck_012519bb095ad36b,0.9954369525361582
ck_ad7c256ea10c4a00,0.7476471786514565
ck_70a60e095e9b706f,0.029476471786514566
ck_f2734417c0db4ee3,0.09097575881034835
ck_9cb89cc3178e0172,0.38258301079649626
ck_779cc0f2de4d5488,0.8270116113261357
ck_35f8656bf93e3b3d,0.15245467508657568
ck_bdd8eba728800e29,0.5925850478712569
ck_002cf760d173f0f8,0.4904053778773681
ck_b046067c6ca3831e,0.33921368914239153
ck_a4a42d4bff8af645,0.44385821959665916
ck_bce253d2396681a1,0.27414952128743125
ck_00dafc060c8de32a,0.8560195559177022
ck_968a99e097ee78c9,0.7372988388673863
ck_66949171b387bb93,0.6861886331228356
ck_ad305286702b1958,0.07989407211244653
ck_4732da7e0d2dfc7c,0.09812589122020778
ck_17a95bba77217d85,0.5258301079649623
ck_3e2516a3e35067e0,0.22780607048278673
ck_0b615ed566da1f58,0.22627826441230395
ck_d2b3ce1ebabe9f93,0.8382766347524955
ck_a892252e4e0c2828,0.3639437767366063
ck_cf606fd6ebfdf9bc,0.04061927072723569
ck_718865237134ebe8,0.4954165817885517
ck_878522cb775b904c,0.7720513342839682
ck_9ed53de6ef779ae0,0.1344876756976981
ck_3f16e2cd7e6874cc,0.28928498675901404
ck_3c59df37895ead2d,0.1535546954573233
ck_6821459b626d492c,0.27229578325524545
ck_11c7667920541587,0.16219189244245266
ck_23a016cf6b98d89c,0.685088612752088
ck_7137eeb394d200f1,0.7430841311876146
ck_9c4886c5c90ddbdc,0.5176410674271745
ck_1422a7bf7756294d,0.964819718883683
ck_7ebc5fa7f0d3b8f2,0.5711957628844979
ck_fcc2059a8d5c41fa,0.6824404155632512
ck_00ff7389d6a83e29,0.7243430433896925
ck_03129b41457795d2,0.3088001629659809
ck_38ba64efa7c38250,0.35929924628233856
ck_57a6b56b09bff24e,0.5580770014259523
ck_e3b3c5a80a567418,0.38942758199225913
ck_fc40a16adfced018,0.7449582399674068
ck_9d4b5e6b43bad4d8,0.6764106742717458
ck_61129937ee466b49,0.5532898757384396
ck_74112e47b8629c2a,0.8436748828682014
ck_b4703ee97f94d7fb,0.23784884905276027
ck_e560f720a988d8a2,0.907170503157466
ck_708fea345f68037e,0.2279486657160318
ck_25394c1b83e0b803,0.7497046241597066
ck_17ab24fe914ae44b,0.13269504990833164
ck_16c501470d9bb006,0.10177225504176003
ck_628f449e248c19b7,0.8772662456712161
ck_6d64190623dea714,0.43797107353839887
ck_504a45ee08db72b6,0.5446934202485232
ck_6cbb011e0c70bc7c,0.6189040537787737
ck_b3225a98acd04f83,0.13892849867590143
ck_aa37993f1c17cd1e,0.492218374414341
ck_558cfe5f77a55a9d,0.4524954165817886
ck_0d0a1a021efea5b6,0.27225504176003257
ck_daf7aea023b7a8f6,0.11112242819311469
ck_d75f25184ece2b51,0.15278060704827867
ck_466d4b5366c50b98,0.34540639641474846
ck_88f27ab479063852,0.43023018944795277
ck_66779098e78c1760,0.4425952332450601
ck_b150fe4efb449b05,0.27060501120391117
ck_9c3aa9f23d01fa1c,0.2621918924424526
ck_6a01c375fc26705a,0.30796496231411696
ck_002eb6552b504ea1,0.8520676308820534
ck_affa5aa0bff9bb0c,0.3257078834793237
ck_027614eeba8b1a4b,0.0934813607659401
ck_67e075c982add719,0.37783662660419637
ck_399b0d510be98bd2,0.4788755347321247
ck_e9b0bca7368555ef,0.1701161132613567
ck_59c29d9c57b4f994,0.9183947850886127
ck_37176850ed68831e,0.4407211244652679
ck_a0db4ccca08030c3,0.9564880831126503
ck_aa188e5c25f7f42a,0.6711753921368915
ck_7de6997178207800,0.23228763495620292
ck_c729d19053387be9,0.6666123446730494
ck_f2d3e3d90608596d,0.9459360358525158
ck_2db3fb565e0211ee,0.044061927072723564
ck_bed8a480e27e911e,0.8061519657771441
ck_d7ad9921a4d25926,0.6123243023018945
ck_2a59f23fc5194699,0.5503157465878997
ck_63601a58a6120d8a,0.6116724383784885
ck_efd7b9e22c6317d6,0.7015685475656958
ck_9ab42875a0f95b43,0.5045834182114484
ck_85cb5033fca7c846,0.5944795273986555
ck_5249b223000915ec,0.4976981055204726
ck_3efb0e9bf25612c7,0.563047463841923
ck_678e74532ac19700,0.5198207374210634
ck_a980b296c95153f9,0.34072112446526787
ck_01ac687ce0d696a7,0.45972703198207376
ck_52e1418cf1aa9871,0.46333265430841314
ck_7d28da4f1dab09ee,0.9351395396211041
ck_010d0c2e6c1657fd,0.5463638215522509
ck_b524f7a2e752b9d0,0.31670401303727846
ck_cc447fcc24a0772b,0.8802607455693624
ck_2cb3c99845e572da,0.04968425341210023
ck_604c710141327a81,0.05632511713179873
ck_8d5fa65717d2e0c6,0.5035852515787329
ck_31199510b40602a1,0.14263597474027298
ck_49e253ea12f4e922,0.7750050926869017
ck_780738e0d71e7e43,0.3920961499287024
ck_2cd21137a07fdd7d,0.4326339376655123
ck_5e021f2a3b66e256,0.7634548787940517
ck_efbc79246e32c66a,0.6617641067427175
ck_9951bd806c13c7fd,0.7891423915257689
ck_7a52674e2806d8f5,0.6955999185170096
ck_1a319e509f1efa1a,0.0722550417600326
ck_c920901b9a4ba993,0.9752291709105724
ck_b71279e807d0b3a7,0.5509472397636993
ck_47e1032f490bb018,0.480057038093298
ck_192579ecdca7ff83,0.3591159095538806
ck_b1496c474c4a3239,0.295294357302913
ck_5e68ea2c5e893cf0,0.3520676308820534
ck_f2ecab85d4693b4e,0.7187207170503157
ck_89d7bfc81c3df597,0.38655530657975146
ck_7929284327667791,0.7547769403137096
ck_494ec63c5ce8e150,0.14556936239559992
ck_319b059bb2145586,0.7423915257689957
ck_ccb3767c239018c1,0.2499490731309839
ck_a1c7adfe26e09a8c,0.6324302301894479
ck_0e13c4f73818149b,0.7276634752495417
ck_c285a51ed6214f52,0.25088612752087996
ck_916784595f028226,0.8456508453860256
ck_6cd8e0196365c474,0.16219189244245263
ck_57b657aba4daffde,0.7082908942758199
ck_562c76a3753fc7da,0.9358525157873294
ck_66cfc1ebc9a513c8,0.18859238134039522
ck_0f38d4aed68d7d24,0.7050926869016093
ck_d8ddf5e99f7859e4,0.6802811163169689
ck_41bc3efa0fca700e,0.3883275616215115
ck_40799e129fcf42c5,0.8329191281320024
ck_786f079389126e44,0.7567732735791404
ck_bb4c6b713eb0b978,0.6362599307394582
ck_4f01f7eac0efaba5,0.5220818904053779
ck_47d29c01b20cf69f,0.2354043593399878
ck_bf15a1f8d67a30d3,0.6927480138521084
ck_bfecad7586f65e4d,0.5298635159910369
ck_fc9f16df35190eb4,0.8877775514361378
ck_c09c914e416edd08,0.6744958239967407
ck_c54c5d8e4433b0f2,0.01733550621307802
ck_1694c28f44480e98,0.8818496638826645
ck_1dcaa3078dbb7571,0.03811366877164392
ck_af559f990c640e41,0.5081890405377878
ck_9b436162039a77d0,0.8401100020370748
ck_79d62ef181bd0cd8,0.5537991444286005
ck_23caafc2cd34242c,0.3492360969647586
ck_ffe2aa26f597e552,0.7320024444897129
ck_e6ffd0754ac08661,0.055510287227541255
ck_beaacb4a783db21f,0.4818496638826646
ck_9863bff41d24ce9b,0.4354451008352006
ck_323b9cc5c49f8ea0,0.6653086168262375
ck_ab3de3d3e41c2082,0.355265838256264
ck_35c93b2924900376,0.1799348136076594
ck_5a9d5f9901e37e31,0.5708902016704014
ck_782b0be796164335,0.0974740272968018
ck_11960b5f1c7a5e2c,0.12448563862293746
ck_9a66cb13a9884cc2,0.43422285597881444
ck_ba666a425930615a,0.1746995314728051
ck_40140bef4db73741,0.6164188225707884
ck_e05e91cc180063d4,0.9233652475045834
ck_c7f6f45710bc050f,0.19417396618455898
ck_055fb9f2e1c8c934,0.7829904257486251
ck_58bb02d98e2b9cd5,0.2739254430637605
ck_d9f8efa6a7800f76,0.6472601344469342
ck_69691226c68fd50b,0.8495620289264616
ck_6f2f0396e5b1c538,0.9902831533917296
ck_78bc3f1d0f35ea6c,0.5333061723365248
ck_2d5a6b6636a2596b,0.15622326339376655
ck_7878545739af0a73,0.04082297820330006
ck_03c4fa4f3ed3512e,0.004033408026074557
ck_1a9e51d092d62c84,0.9257893664697495
ck_9f3861940d8d873c,0.38959054797311066
ck_4684fdd61c6a0fac,0.39979629252393567
ck_715966f86d5c913d,0.5767366062334488
ck_77f293d44b4a3d2e,0.654654715828071
ck_24dae044dc05f849,0.5646160114076187
ck_00b9818e2064405e,0.9100631493175799
ck_c1c2cb49c3c1b0f5,0.8495416581788552
ck_bed50fc64fbbf8ec,0.5595436952536158
ck_4f6ed5ea5ab7c429,0.5699124057852923
ck_458531c22ec2f9b3,0.12886534935832145
ck_51c50c4c443df31a,0.9403748217559584
ck_732d45bd578dc39d,0.3764514157669586
ck_783fe5bc20cd02db,0.8202485231207985
ck_7f188aaa63d1d442,0.44683234874719907
ck_ef307a6aee38d1fe,0.9510490935017315
ck_e37196b20968b73c,0.6256467712365044
ck_4ef9de711c3d93b1,0.7461397433285801
ck_17946516d5df71d7,0.510857608474231
ck_3534be0f4efd313c,0.2022407822367081
ck_29fbabf855cabdff,0.32796903646363823
ck_191673540d8486af,0.5239763699327765
ck_5f52728d777ff2c5,0.34872682827459767
ck_a045a19369016818,0.9980036667345691
ck_4eadbe7298b15e96,0.5264616011407619
ck_a3a0bd59729fe619,0.4230800570380933
ck_a1e77090b1c6ccf4,0.2526380118150336
ck_69ab9d4784eb77bd,0.5956406600122225
ck_baa47383ffd50f04,0.33843960073334695
ck_e35b2ed08b9e55a7,0.09582399674068039
ck_b6e3af0a5119d9a0,0.873905072316154
ck_a7c1dabf3869772f,0.7412100224078224
ck_80b8fca67a14e0be,0.9185781218170708
ck_dd9c5f0c42878e67,0.025606029741291506
ck_41ef7967faf5ce82,0.015583621918924423
ck_a93560aa348d6225,0.43813403951925034
ck_ffe91d6f0bd93fc6,0.7703809329802404
ck_fbf630c960194033,0.6251782440415563
ck_497ed60723283c0b,0.39201466693827663
ck_2a46b7ca55239413,0.4095131391322062
ck_1a4e5ace078dd782,0.720778162558566
ck_616cc31910f5de50,0.14709716846608273
ck_0d65bc749eb42710,0.22737828478305155
ck_2408db62e4395ccd,0.2409044611937258
ck_5d7721930106dce8,0.5531880220004074
ck_e8a6acea22b20312,0.8492768384599715
ck_e2f792fae128b18e,0.8147484212670605
ck_e6d3ce445b86003f,0.1883886738643308
ck_263334d722ecbc97,0.9612140965573437
ck_8c5b29f6666d4874,0.28221633733958035
ck_7ea0bf310fc20c7b,0.9354654715828072
ck_54d463f7fd89ec3d,0.6790588714605825
ck_79e45040dbdd6447,0.7889794255449175
ck_60b4d59953505682,0.9477897738847016
ck_fb00dd5021642507,0.5310246486046039
ck_f409ff994a210601,0.8719291097983296
ck_2ca0020038bfec58,0.9527194948054594
ck_adf84b9df54c3d80,0.7119576288449786
ck_942dbf632591b65d,0.6843552658382563
ck_454a7e4d859a3409,0.08692198003666735
ck_2139062d4569aa07,0.3911794662864127
ck_e949a0f4df0b3902,0.942961906701976
ck_bb113e3e6716ed65,0.8242411896516603
ck_6a28ea6ce69cb869,0.8097575881034834
ck_7df9910af2bba21b,0.1590547973110613
ck_78aa4b731cbfe251,0.3033611733550622
ck_5839f5cbd8165b1e,0.624689346099002
ck_7158ad9e58769ffa,0.698879608881646
ck_acee218cbe61df69,0.5185577510694642
ck_f8dc8473c2772729,0.9145650845386025
ck_f34c93a8173555b1,0.910246486046038
ck_7cf301d075e4e709,0.39898146261967815
ck_b87e88ee5512ea17,0.23550621307802
ck_bed0c020b10afa3b,0.42548380525565294
ck_ca10102961f99eb4,0.08211448360154819
ck_393287947b5c8d79,0.48015889183133026
ck_2fe6cac002142f67,0.5656345487879405
ck_79c7f0d29b1db1cd,0.5816663271542066
ck_c735b643d3cbf67b,0.3938887757180689
ck_ea4332c8fe48e2a3,0.5780403340802607
ck_d39864119cdd460f,0.1608474231004278
ck_3b963d6be2773861,0.29374618048482376
ck_df39e3b8a9fd0bfd,0.9649012018741088
ck_6236a461dc0d11a3,0.3815237319209615
ck_475ebccca25e30d1,0.2950295375840294
ck_c10c8bcf5bcd516e,0.6275005092686903
ck_49ccc3716a564256,0.05563251171317987
ck_4e4f99102f6938cf,0.06007333469138317
ck_a97b481ade6f7972,0.37755143613770625
ck_3fa559c679751b3a,0.6253004685271949
ck_3eba1fd2c7acc4c0,0.9229578325524548
ck_18c179b4afc4fccc,0.22780607048278673
ck_cc1c0b93d05b7d20,0.8489916479934814
ck_742f7c28ddd019e8,0.6727643104501936
ck_04470bc93b8a0d71,0.28209411285394176
ck_6e8f8ef7a03cc6bf,0.6376247708290895
ck_eb1ddfc353b4da83,0.4855163984518232
ck_98831b57c7ca2e4f,0.08539417396618457
ck_a6c7b8d6e8596d4f,0.46461601140761866
ck_cd7d24e3b095e96e,0.8184966388266449
ck_3f5ae4673a9f858e,0.4096964758606641
ck_05f375fc8ae0afb0,0.30704827867182727
ck_1fc98436281ee39e,0.04263597474027296
ck_6c48c58678f64bae,0.06164188225707884
ck_8c95aeec6a4c75b0,0.23185984925646771
ck_364cde38958b7af3,0.91537991444286
ck_85bf21aa1a00452f,0.23729883886738645
ck_796d3eaabc667c23,0.9868812385414544
ck_ac449ee0c315edde,0.1315339172947647
ck_6f9fd15ac6b163de,0.19629252393562846
ck_4087065be2a45ad7,0.7201262986351599
ck_ecf006bbc78ee3eb,0.8848441637808108
ck_8ca808cc5a49cb5c,0.40442045223059686
ck_94b90ab8b2dfb50f,0.5589936850682421
ck_59fd11b3232de9dc,0.9703198207374211
ck_67f3794d93e2dd67,0.8943573029130168
ck_b7f5acf5df1bb13e,0.18050519454063965
ck_fb04ecbaebb774bd,0.7926461601140762
ck_68ef3e7301c621b7,0.588673864330821
ck_41406cfa209b6bda,0.30861682623752296
ck_b0f8f5408662337b,0.016378081075575472
ck_0d2901bfe585c391,0.8683845997148094
ck_3398551e81dbf3db,0.8174781014463232
ck_61c3e3e277629646,0.5651863923405989
ck_2825e34dd3e7ea2a,0.12409859441841516
ck_20d7571ba830009d,0.36184558973314324
ck_c98b16f9a72a6568,0.001140761865960481
ck_e7c8a9e4641eb9ed,0.30063149317579957
ck_254a7c97c36dab8d,0.6896924017111428
ck_e98429675b46272b,0.022489305357506623
ck_c2fc0ac460786d02,0.7978610715013241
ck_fba15647b3a140d9,0.49843145243430437
ck_15ce50f2704227be,0.42717457730698716
ck_8c748aaa4a4554f9,0.5933998777755144
ck_e00e82a9419ff086,0.7969647586066408
ck_832341c98254bd84,0.6339784070075372
ck_27466468d06db4eb,0.4424730087594215
ck_9d7b9e3ff1f3e71e,0.12578936646974945
ck_42c6973d3a6fe983,0.3514768792014667
ck_877c85bad118bc62,0.8375229170910572
ck_75d2a2715259c4d7,0.34137298838867386
ck_37d3e5c681a2214d,0.8993685068242004
ck_bf285dd49f372de4,0.6986555306579751
ck_a5bdd026fa9c50fd,0.45538806274190263
ck_88d9244a9cf7a77e,0.9307598288857202
ck_5881b174e49b04ee,0.2051945406396415
ck_5b16d67c5ea89930,0.4946832348747199
ck_b75b936aafac56b9,0.5284579344061927
ck_aed2681e1646a0df,0.6487064575269912
ck_f63cb5e8cc702bad,0.7857404766754941
ck_1805fcfc4a9e4ffa,0.9410674271745774
ck_25c355da356c730d,0.4807089020167041
ck_70396398e4a96449,0.22670605011203915
ck_0f743bd13373748e,0.838439600733347
ck_4b387765f0e916cd,0.01525768995722143
ck_e971faae8a10a260,0.33797107353839895
ck_9eb08369e983abfa,0.046445304542676716
ck_c30c5844512e429f,0.8060501120391118
ck_59e77e3a81f1fa0d,0.29663882664493785
ck_ca4465f2b5c1a52e,0.9858015889183134
ck_c89b9ca398402f1e,0.2668975351395396
ck_36e72ef9273e7a95,0.2705438989610919
ck_2bdd8616870e5e1c,0.10315746587899777
ck_216e87a41de22b5d,0.6349358321450398
ck_60f4fb44f5efe3a0,0.24691383173762477
ck_05652e8ace6ce6cb,0.23583214503972297
ck_8c136dc691e65695,0.019392951721328173
ck_a08f8dfadbdca112,0.6911590955388063
ck_bda4041a3e90d860,0.36518639234059896
ck_15dd3ecaa8ce0245,0.9612548380525565
ck_3e3c64b3b7876ce6,0.7221633733958037
ck_46225858a38b2e57,0.15813811366877165
ck_0cb9f54928f4feee,0.5954165817885517
ck_152671fbf8a9a78e,0.6400692605418619
ck_ee7a515e87d17d4e,0.6746995314728051
ck_f7276091bf513d22,0.012711346506416785
ck_4f05daf1cf0d5755,0.014218781829293136
ck_83a69c4a5d55ef19,0.7570380932980241
ck_c50fed2a7c9198c0,0.6392544306376045
ck_70d19d5650ddc8f5,0.6571603177836626
ck_4b4d99e443618904,0.5369729069056834
ck_dca0b6ca93311ca2,0.9089834996944389
ck_b7431d4706461ec6,0.5256671419841108
ck_7b59d22cadef3b05,0.8565084538602568
ck_53428573abcd606f,0.6042778569973518
ck_f538ab6aecf2adfd,0.03161540028519047
ck_d321249fb065d2fa,0.8824200448156447
ck_72fdfc7e6d8e1436,0.214911387247912
ck_b52b99dad89ecdfb,0.6817681808922387
ck_d2d4282f9d256b3e,0.3842534121002241
ck_c8f2a1dd8a6141a4,0.11900590751680587
ck_8d38747058d0aeea,0.9594825830107965
ck_3ac528caac74f563,0.42817274393970256
ck_8dbaaa00ad829ca9,0.3558973314320636
ck_7c38ec898f0fc21d,0.3121205948258301
ck_8171ef803f5ff604,0.295477694031371
ck_01a750db6fc1168a,0.898879608881646
ck_ceb017baa26e98c8,0.8368303116724384
ck_e2c66c72cc0b0f78,0.9228559788144225
ck_8d9518f64b222416,0.634345080464453
ck_804c5a1fa5753617,0.3991647993481361
ck_fca7cc9c42695453,0.5649623141169281
ck_3a632cdf2c19051b,0.6221837441434102
ck_b2b63ea65edf1dde,0.5680586677531064
ck_27b07021500ee841,0.6495823996740681
ck_9724718fe64c6557,0.985271949480546
ck_2786cbc3e75ec034,0.8954573232837645
ck_d9c2622cb6df380b,0.31006314931758
ck_ae1da8ee98e402a4,0.3866164188225708
ck_62967b91504149f9,0.5360358525157873
ck_6b255bf68709109a,0.5329191281320025
ck_c55afc68421d85e2,0.23047463841922997
ck_7c7266f6ef2a8466,0.7328172743939704
ck_885cf685a9541190,0.9731717254023222
ck_1a4bb7d3d2ee3227,0.44092483194133225
ck_b4911c42f3bff740,0.019026278264412305
ck_66f9f78d4c6a3edb,0.721389284986759
ck_49bdba9ee1899dfe,0.7804848237930332
ck_79b235d51718435d,0.39614992870238336
ck_d840db8cfe2ef6f1,0.045650845386025665
ck_610c7bcc1cd7ecb0,0.5132409859441842
ck_cf49b6544aff6c50,0.9023222652271338
ck_de05f97c3d40dd1b,0.5258912202077816
ck_0302f67d75973dce,0.26357710327969036
ck_54c2604c9ca6256b,0.6133428396822165
ck_a1c88c0568f142d0,0.8268893868404971
ck_5d72ff6cc2963d1a,0.5016092890609085
ck_0446920a1004c596,0.04664901201874109
ck_71044c29ef071570,0.18659604807496435
ck_2122e9bb1afffef7,0.23253208392748015
ck_d1e3de178601d3c2,0.7536769199429618
ck_bec8324a3587ef04,0.1799348136076594
ck_b616b6f45225f319,0.6429211652067631
ck_ce1e695884511479,0.514442860052964
ck_a662b4bf900781e4,0.022468934609900185
ck_b5a84c5547378c10,0.04444897127724588
ck_f80af368cfc6cb7e,0.6736606233448768
ck_da3526ab6c5c884a,0.7818496638826645
ck_bd20be9a3392d79b,0.2966388266449379
ck_b8266dcd90cbfa62,0.05793440619270727
ck_ac84b33304362c06,0.5470156854756569
ck_794d8935a895e33f,0.793562843756366
ck_8fea7d915259f1be,0.4888979425544918
ck_7a1519ad5ff45312,0.15021389284986758
ck_9bf3ce30b65f75c7,0.37172540232226525
ck_5f864d72d1eead99,0.8798533306172337
ck_3c48e0cfc2a58041,0.9231819107761255
ck_d902183f80cc81fa,0.5222855978814422
ck_539cb0d117db8cd3,0.8757995518435527
ck_28f530aec8e77130,0.6135261764106742
ck_e7d903c50d353361,0.8387451619474434
ck_d288b77d1e227970,0.6921165206763088
ck_017208fcc01b5d40,0.10619270727235688
ck_7e3923d278a5106e,0.48311265023426364
ck_9700a00ff9e66216,0.3794662864127114
ck_5c36c78b7a4d138c,0.6764106742717457
ck_c457e9c9224b773d,0.7447137909961296
ck_1dfa91405d7e66bc,0.49170910572418014
ck_f1d8a2695a575e56,0.1115705846404563
ck_3b92a46daf8d00d2,0.42678753310246487
ck_aab23b5470469649,0.16714198411081688
ck_ecdd01a391610d99,0.18089223874516194
ck_abd3aa292f8edb4d,0.5158688123854145
ck_7fc9a0776e1339e3,0.10987981258912201
ck_c0389ebeb0e65cb8,0.04190262782644123
ck_48d0fc4f6a2109fa,0.9907924220818904
ck_571dee4f3336c7ce,0.5283153391729476
ck_4cedf26628c84f26,0.6490527602363008
ck_63356762d24aab81,0.4573843960073335
ck_2c5bc11bb7ae5d2c,0.9550213892849868
ck_6d26a152f900fee8,0.34426563454878795
ck_c972b0e781efed3b,0.13581177429211652
ck_fa0ecbcf9a33d6ce,0.4327969036463638
ck_fa3a766e49dc77ae,0.6088001629659809
ck_7baf1e55db0dc558,0.6653493583214504
ck_e8bc49e6494c1f37,0.6194336932165411
ck_8ef1d05cc1e53e7e,0.6165003055612142
ck_cef2a485a77e0723,0.0428193114687309
ck_228a583f23abff48,0.48893868404970464
ck_ac32c6e374782b27,0.6301894479527399
ck_b9485218cef413f0,0.3918109594622123
ck_7f15503048915d6f,0.303401914850275
ck_b62f5144db15ad34,0.7427581992259117
ck_917d82c552f95a23,0.5170299449989815
ck_fb4797045077bc6d,0.15785292320228153
ck_2cf8a44e041217de,0.8996944387859036
ck_b7dd681eb3d2ee38,0.6160114076186596
ck_e9e8cacd2fa35e79,0.449765736402526
ck_342a79f91de5d1fa,0.5881849663882665
ck_2c91f62c05685ed7,0.5427378284783051
ck_e30cb64302939f38,0.7982888572010592
ck_d0e95b90ba86da10,0.16964758606640865
ck_1774faf414a5d49d,0.9491546139743329
ck_2401e8ff89e574fd,0.95237319209615
ck_0cd8802264e0a1ef,0.4912609492768385
ck_da84a0dfe947fd3c,0.43322468934609903
ck_c8affb27ba7fb5db,0.7609289060908535
ck_bc7ece8787ca7200,0.1695049908331636
ck_469a0578d05990c2,0.004583418211448361
ck_eef67f8dea702338,0.41784477490323896
ck_4f490e379e9ded9a,0.323018944795274
ck_354379de065a8ff8,0.05412507639030352
ck_5db1cb368bc41ac3,0.0625585658993685
ck_9b1c3742dd6fcb8b,0.6409452026889387
ck_63ce4f44c92d7143,0.7887349765736402
ck_e15e3390f5ed45f3,0.8428396822163374
ck_da645ea91d66aa6f,0.9171114279894073
ck_834ca727df855f07,0.6444693420248523
ck_e1d5ad20c737c745,0.8664290079445917
ck_ff8059ae5fa5f1ee,0.01016500305561214
ck_8bb9e75393954a1f,0.13126909757588104
ck_4e1757d1347ab387,0.9920350376858831
ck_af3f74b1d75a5d95,0.3268079038500713
ck_6b1ab0742ff04c3e,0.6455693623955999
ck_f56073911c9f1ab7,0.3440619270727236
ck_51bd5f69b4fe0b92,0.9542269301283357
ck_fc3d95030b81f416,0.004338969240171114
ck_cf78169633a1600f,0.14131187614585455
ck_ad7269eaa65c67f9,0.21757995518435527
ck_cc6d33890d47a6cf,0.4504379710735384
ck_bc8f31f4a2ffa1ae,0.7635974740272969
ck_720776a46e56dfa8,0.513465064167855
ck_e2d1f212f259539b,0.4871256875127317
ck_eaf6f7082c3db2bf,0.8297616622530047
ck_773efe58c6278c3c,0.6908127928294969
ck_c4a72c09f2fdacc4,0.32544306376044
ck_8982888dd6611143,0.2898553676919943
ck_9d5049e195eda029,0.24744347117539217
ck_de58ef6f9fe2b546,0.43988592381340397
ck_c0b50c11e4f5adf7,0.6760847423100428
ck_ddaf228487858bb8,0.41652067630882056
ck_eb2323215ff70362,0.71183540435934
ck_168c96a1a636ea15,0.6322876349562029
ck_9c46711b14d9eebc,0.20112039111835406
ck_de8af660806b97b5,0.130148706457527
ck_6ab83f45bf16eaa6,0.39419433693216543
ck_bf2228a052815840,0.7294968425341211
ck_3f943f20a9da9bff,0.7420859645548992
ck_3baae40454c00938,0.17421063353025054
ck_bc2e771a1d8d2dee,0.7263393766551233
ck_e55f5ca37f30ce8c,0.1104705642697087
ck_4ad5937bef176d89,0.24271745773069872
ck_126531a9126c17c4,0.2871664290079446
ck_7ec423cb56257516,0.22220411489101652
ck_54748ae0f2daaf10,0.7036056223263394
ck_ff24776280ceeeed,0.5977592177632919
ck_3c3a1a1365741bba,0.2324506009370544
ck_615277c8a4e2b18b,0.14510083520065184
ck_a96aaef34173aee6,0.944408229782033
ck_bea56db7f3e930e8,0.09498879608881647
ck_ca491debd3b32a59,0.7447137909961296
ck_d9ea77f4114a389c,0.2589733143206356
ck_322ffda3332d08a2,0.4653697290690568
ck_c40ffefe4e30b001,0.4416785496027704
ck_3b1d7648d4580bef,0.5446323080057037
ck_23981a3261674131,0.35856589936850686
ck_11667f5b9fac7bc7,0.12183744143410064
ck_646bb3c7be5f0817,0.041230393155428806
ck_ebd0a45712dcf07a,0.1331024648604604
ck_baf43bf1bd963f9f,0.6007740884090447
ck_e0ca2c819658f6b6,0.9939498879608881
ck_f0d6633d0834fff5,0.7678345895294358
ck_91081be0254878a5,0.7397433285801589
ck_1325000bc7f35b5e,0.11328172743939705
ck_c624b9063400fa3a,0.8126298635159911
ck_0ad6fa0e23c3bd0a,0.8416785496027704
ck_6ddb55b1f23c6cb1,0.7515176206966796
ck_dce1fb3acd65562f,0.5637196985129354
ck_a9aa389688ee5aea,0.24874719902220413
ck_5c5284c45d9ad8bf,0.8339580362599308
ck_9ce743dd3e92549c,0.31470767977184766
ck_8342e08cc2f9bcb7,0.069851293542473
ck_25e551a0a8d2fcc2,0.7796496231411693
ck_d4fd0e438c97e0c7,0.9054389896109187
ck_ac7fe1c344190c50,0.42232633937665515
ck_ddd65711b5651f89,0.08099409248319414
ck_ec7406cb5cbc8f10,0.32407822367080874
ck_1c65e8d5be3b9c60,0.8739458138113669
ck_38ee42f15a573e81,0.6083723772662457
ck_0e5385c70c6de025,0.7513546547158281
ck_d3137f0f7629040b,0.5882257078834794
ck_9129c92c12e0c8b4,0.192544306376044
ck_c86520a00e50a926,0.8569973518028111
ck_87f82b2b5fee757a,0.3517009574251375
ck_643abfbd7548d0c9,0.8183947850886129
ck_be51f4e5e6b85768,0.8938480342228559
ck_132c16312f37810f,0.1936850682420045
ck_c78c096ca8cb33ac,0.38136076594011004
ck_2ce5afbc014763b8,0.27698105520472605
ck_50ed8f4e7ae6710f,0.37820330006111225
ck_5a4eb535c9a11993,0.6218374414341006
ck_9b665ef46d785324,0.09319617029944999
ck_e066f71f8b296b7a,0.4223874516194744
ck_560bc6017870ab06,0.14208596455489916
ck_fd78f8a8663646d7,0.45813811366877166
ck_4af5ec61ddbde1a4,0.5856182521898554
ck_c2ed04a9d218410b,0.15084538602566713
ck_2455d43bbdd2bb69,0.44336932165410475
ck_56eed7041add49a1,0.9189651660215931
ck_5f0be7b468a72333,0.09203503768588307
ck_19660cec756632ca,0.33149317579955184
ck_fb90408f4892a21f,0.8098187003463028
ck_833a65b86a5d9bda,0.002179669993888776
ck_2ac36e1dff211d38,0.7476675493990629
ck_c00e70606904539a,0.07689957221430027
ck_ba8affe4b9505a95,0.961927072723569
ck_0c3dd22587b08018,0.8901201874108781
ck_618c4e5cfae99dcd,0.9021592992462824
ck_c9690baddfc4177e,0.13623955999185172
ck_59fae092fb0c4aa3,0.31727439397025875
ck_e03b7d0fa0b28f4b,0.20446119372580976
ck_d451d24c780b5884,0.23603585251578732
ck_e980d325b8dbb8dd,0.25716031778366266
ck_cff18e2d8c520272,0.25078427378284784
ck_a0e46b67e986ab56,0.3896516602159299
ck_3a469039a5b9d963,0.6315135465471583
ck_12cbb211ebd2b437,0.6397636993277654
ck_b8cdd6d6dccc4554,0.24123039315542882
ck_794ba5921cef50c9,0.738908127928295
ck_2c7667f64edec2b5,0.06457526991240578
ck_7262b4e0c29c942d,0.317844774903239
ck_5d818522cbfe2a54,0.6321857812181707
ck_de39c1947fb675ee,0.5936646974943981
ck_c021495606b4735e,0.39771847626807905
ck_1fc03ba33edd9e67,0.5630270930943165
ck_a6fe344bbf67f14b,0.44850275005092693
ck_963762210edc5694,0.7314931757995518
ck_d064428b7e7dc409,0.553778773680994
ck_59be61b53d971611,0.35929924628233856
ck_ec8738ec663cd2eb,0.900325931961703
ck_59d086fab5998646,0.4936239559991852
ck_bd32dd3b2cbb7888,0.9988184966388266
ck_ce0166addb93bbad,0.07298838867386434
ck_7c0fdfbb447cdc04,0.6179262578936647
ck_cb1bd7635968ed8c,0.7824811570584641
ck_66f94903177f20eb,0.3004277856997352
ck_1d7cd5dcbcdafd7b,0.9238134039519251
ck_5e418a7c04437b4a,0.6557751069464249
ck_631ea1ae91ab333e,0.42743939702587086
ck_0a8029e79a5ae7ce,0.5124668975351395
ck_c4cca8278bdad9b9,0.2102464860460379
ck_4dec3df58077a257,0.8778569973518029
ck_609c249edd88c565,0.2553676919942962
ck_02e5f9cbbbf2f078,0.6157262171521696
ck_32e486859130458f,0.9487675697698106
ck_21ed2ea6386c5a07,0.01971888368303117
ck_1242aa4496576a99,0.357221430026482
ck_475ea9aa6d3898b7,0.7018537380321859
ck_fe1b1adae3be70a6,0.9712568751273172
ck_c5414d7a8031d4f5,0.503401914850275
ck_ca1f6f01868e978f,0.505683438582196
ck_5eff0208c74ec714,0.38484416378081077
ck_a315c9619a317609,0.6026685679364433
ck_2b87683c90acb852,0.4243430433896924
ck_7cd9f39c50748ed0,0.21352617641067428
ck_16a06d58d71935bc,0.8527398655530658
ck_d116e0e7c19b878e,0.9208392748013852
ck_931510e384b1d0cb,0.8215115094723977
ck_e7651fb87bb24132,0.08015889183133021
ck_88ef9f85948e1a01,0.23589325728254226
ck_17bf38d51115a8f3,0.5686290486860869
ck_2659d1d3762a2825,0.3737217355876961
ck_a7285955e2852686,0.1805459360358525
ck_f2c33d5b65b321db,0.4721735587696068
ck_83e5979334345622,0.5931350580566307
ck_629537d8b4d0f395,0.40134446934202483
ck_72022008a92c9386,0.6842737828478306
ck_2973b8274f0bf69b,0.5704827867182727
ck_565e3418d2f4061c,0.15976777347728663
ck_54bb53b8f8ea32ae,0.9878590344265635
ck_af0a6540ea7a36b2,0.15872886534935832
ck_888651bfc2c8cf70,0.04216744754532492
ck_1dedcb48ac381a1c,0.7871053167651253
ck_f73273e220296be8,0.7540028519046649
ck_8424bf65223a5a9e,0.051375025463434504
ck_337b930fd149a696,0.517987370136484
ck_8a4952de8a123ef8,0.23931554288042373
ck_884168153c9c0c81,0.05278060704827868
ck_fdda581aec411010,0.15736402525972704
ck_2b7cadbc8b180d32,0.9373395803625993
ck_8aa8b9968233a1ab,0.2029741291505398
ck_0af18b3ce015d294,0.4532287634956203
ck_8dde670a735d1e90,0.9023630067223468
ck_62f46226f244139f,0.6459767773477287
ck_f948e8a8fdd79b4e,0.6497453656549196
ck_fa00aa0f3e859904,0.7729476471786514
ck_fc7935f784a4f249,0.2749032389488694
ck_e7501307c0698e5b,0.26832348747199025
ck_549ed417f2834cee,0.23220615196577712
ck_fb2a35571ec719d4,0.9488694235078428
ck_25822068c86c856f,0.14169892035037684
ck_8f35d229b62c8f23,0.3415970666123447
ck_bdcf049c1e7d0c95,0.049073130983907115
ck_0aa9db36eb16422a,0.25461397433285804
ck_42dcf92e9e016922,0.5174577306987166
ck_42341cf31c08c981,0.25237319209614995
ck_0b20bfc515ba42a2,0.8327357914035446
ck_0ec820b670d48098,0.09810552047260135
ck_1f0bafec397da8e4,0.3861682623752292
ck_82f07504ab59ed33,0.8205948258301079
ck_337b24a474010abb,0.9933795070279079
ck_703703bda38fdcf8,0.18993685068242006
ck_01e7960c63dca3a4,0.9683438582195967
ck_be5bd81e3715cb8f,0.9737013648400897
ck_197f8058cea1fbea,0.018068853126909756
ck_eb3fb1106f2f1b21,0.655591770217967
ck_658b4b54be09a4bc,0.972132817274394
ck_266ce7ccf41ccc50,0.4695253615807701
ck_110608c3b03d4038,0.9429415359543695
ck_1be8cb95d6d9bbf8,0.15502138928498674
ck_8e16a64a776afa82,0.9116113261356691
ck_34bd190d37eda534,0.7513139132206152
ck_4f521611ae14ae66,0.07806070482786719
ck_d839798f9520363e,0.7493786921980037
ck_d1bbfd246c0ac9d5,0.8368710531676512
ck_f19030e6e85a6776,0.8332246893460991
ck_cdabe60ab59f9d5a,0.1478508861275209
ck_bb84b2b30293f566,0.9295986962721532
ck_427b91925952cb40,0.86420859645549
ck_1078b1e155b5b640,0.23821552250967612
ck_95fdc264eac72fa0,0.384436748828682
ck_e35eb857c61548b2,0.9864738235893258
ck_69bd0b1abea7e1f0,0.9303727846811978
ck_59de511b20c842ba,0.7412915053982481
ck_168e7ea341a36b80,0.42297820330006114
ck_4937cfa6526ea138,0.5051741698920351
ck_bb1a981306b750ac,0.8603177836626605
ck_f42a43e4c3f34ccd,0.338398859238134
ck_c7ae1d4b3ab38185,0.14640456304746385
ck_bd23cf9bba1dd33f,0.7959054797311061
ck_0fd826fad7ec7cd6,0.4292523935628437
ck_f143641bf3dd0414,0.8125891220207783
ck_ad6d48c20a3688a7,0.0706661234467305
ck_7bda5b5b927b2905,0.8699124057852923
ck_a337eb38eefdcc88,0.779221837441434
ck_403da2a2d800df9f,0.8620696679568141
ck_aa01d5aafde73d0a,0.17359951110205746
ck_494954023f0eb309,0.8697698105520473
ck_1c6820fc38135ad9,0.6353636178447749
ck_0e0bab173622db9b,0.8604603788959055
ck_547090bf35a3b243,0.7457526991240578
ck_d69455220b21dc9b,0.48364228967203093
ck_90b4ac695b9c6bf7,0.10458341821144837
ck_8d2afe17c0082e6a,0.6644123039315544
ck_926b81c0ba528eee,0.8503768588307191
ck_ce36b0c287bd198e,0.4445304542676717
ck_8026e017909aaa6c,0.5072316154002852
ck_dfba788f35d4c372,0.09093501731513547
ck_f09f9d0e0886e0c6,0.7182114483601548
ck_4ffe0366df388604,0.6907313098390712
ck_75bb521de55644c7,0.16196781421878184
ck_81a960fddf79ecf1,0.9748624974536566
ck_8f43459991ea511f,0.19961295579547772
ck_f878b68d66fbfd4b,0.6655734365451212
ck_e84abfc0c747c9dd,0.9737013648400897
ck_3ad3fd3cceb56b66,0.9739865553065798
ck_7cf562578c7f158a,0.09274801385210837
ck_f81a97d350397306,0.6119983703401914
ck_255d87b7fb40caa5,0.5454471379099612
ck_b3905153b9eee924,0.6202281523731921
ck_2c80a592fb4cd6a3,0.13122835608066818
ck_57deb202d4188a29,0.1320024444897128
ck_e3cb5f31d8e94448,0.9932776532898757
ck_0db62d5f7f75f80f,0.49598696272153187
ck_ced9163ea85589ea,0.9191688734976574
ck_e16528edc694fb33,0.9838052556528825
ck_78cc5ec4940fec3b,0.39515176206966796
ck_31742076e9a998f8,0.7749643511916887
ck_5ac335f02280271e,0.7277042167447546
ck_7cc2e091806cfa5b,0.7558362191892443
ck_3152c7115257f084,0.23917294764717867
ck_ab1b9d019921bca7,0.3388673864330821
ck_c33a762d98f9b290,0.5209614992870238
ck_b16a7c51b6f7a6b1,0.6580973721735588
ck_97402a153348e68f,0.051558362191892436
ck_95391029a21caa24,0.6112446526787533
ck_c2015a1200971fe9,0.7646363821552251
ck_ed4427962c68918c,0.964860460378896
ck_c5e4a17d3efb19a4,0.9193522102261154
ck_8aec3d3dd51517c2,0.3115298431452434
ck_f5178a658225d8e4,0.29325728254226935
ck_8594f165e95316d2,0.06502342635974741
ck_f0c4aac04076a6dc,0.21845589733143206
ck_ac2f7397801036ef,0.5327765328987574
ck_d1ea4bcc407c7d5e,0.07003463027093094
ck_cce8b6657a538fe0,0.4133428396822163
ck_66d0c6d6b67a8d58,0.3756976981055205
ck_1a6b30320835e57e,0.47918109594622127
ck_8cd274cc85aa35d1,0.6222652271338358
ck_ada46085a78280e4,0.4949480545936036
ck_ce1b06623e4a815e,0.3914646567529028
ck_45e70c8a9686580c,0.8806274190262783
ck_0084d8ab6b1044f3,0.37239763699327766
ck_a5f7b6fed6df2aba,0.8436748828682014
ck_94940d783e7988e6,0.7938276634752495
ck_00f9ca84d1d8ae7a,0.07056426970869831
ck_0deb56f3f6452818,0.2942758199225912
ck_a58e900469dfc3f0,0.498370340191485
ck_028c41b195280980,0.11503361173355064
ck_7661d7ceaeb19f97,0.27042167447545323
ck_6957905a65c47879,0.3433082094112854
ck_f7c6c26ef3c4ae06,0.5383581177429212
ck_8777beb11aabd66d,0.33587288653493585
ck_7db098a17374bbf8,0.9702587084946017
ck_66aeb00e44486cda,0.8852312079853332
ck_838c52cc1d315ec3,0.10678345895294357
ck_1745847cd4e5dc83,0.815420655938073
ck_201687857ec8b3cc,0.319433693216541
ck_81818169208a8cda,0.7234671012426157
ck_3303fd3f64632c7c,0.7460582603381545
ck_edf1096809e83ef8,0.29629252393562844
ck_235ce9603c7dccbf,0.771949480545936
ck_9df7e153868bca13,0.11495212874312488
ck_3cfeade2cf270fee,0.06828274597677735
ck_982b0bf2e2b6c4f7,0.2557343654512121
ck_faeb0da678bb86c0,0.06011407618659605
ck_e86ad2fe815b6ed9,0.4749643511916887
ck_70d69e5d1bb99e85,0.41552250967610516
ck_7e9a8924eab779e6,0.9571806885312691
ck_019d5891103e7da3,0.5624974536565492
ck_14f0484b3817eda5,0.525952332450601
ck_85de63d278f0fbae,0.026991240578529235
ck_ae91b4cff57fb3bf,0.3740680382970055
ck_2a6d43b9f883b78e,0.9452230596862905
ck_7a4e3d553e8ab5b7,0.8046649012018742
ck_fdf89dc69f700f84,0.8520880016296599
ck_f92e04024bf13558,0.14508046445304545
ck_4a522ca2dc4831a0,0.04866571603177837
ck_68ba25dc3385fea1,0.6960073334691383
ck_22128a4f0d033422,0.4486657160317784
ck_5b52ee0a13c71590,0.3082501527806071
ck_59472d17debedafc,0.3802200040741495
ck_9dde2c63acda3ba3,0.1567732735791404
ck_7510b1023cd08531,0.7091057241800774
ck_071ddaaf2e4e3671,0.15538806274190262
ck_1355db6f4010232a,0.6753513953962111
ck_0a7adc2f27f98510,0.49417396618455894
ck_68250033717cd59e,0.04613974332858016
ck_7c12de74de30b788,0.9016907720513343
ck_65491367584c730c,0.5171725402322265
ck_e9047964952bee70,0.7997555510287229
ck_5567779d6ba184eb,0.7265023426359747
ck_d6ea026357ec6477,0.7850071297616623
ck_cd7dcc884e283746,0.6626196781421878
ck_0bd77fea8ed75a15,0.26011407618659604
ck_e80883208e8d0453,0.6874719902220412
ck_2ad0ecbacd5acf8e,0.9766347524954166
ck_6c1dbee7e8fdd5c8,0.7840293338765533
ck_ee4d9a7449515908,0.1882257078834793
ck_636111f7f030496c,0.44946017518842946
ck_2c629c657f73941f,0.8520676308820534
ck_c1c9d3842d758420,0.8307801996333266
ck_e4df7faacdfe8c40,0.6922387451619475
ck_94e8142728e44380,0.7815033611733551
ck_765aaf42c5088545,0.21841515583621918
ck_e0f845159b6e6a4a,0.5203707476064371
ck_5bc07deb82edbad7,0.14275819922591157
ck_713159c5c6a7a4d0,0.9899164799348136
ck_b08afc91d9ca55db,0.6755143613770626
ck_a7bc323ffed2ea97,0.902098187003463
ck_85ca825f905a34a1,0.6741495212874312
ck_33160c443d4b3f19,0.3434711753921369
ck_832d39c590a3ca75,0.9581381136687717
ck_7d1661a34164406e,0.9356691790588715
ck_c2466fc40fc9d5ed,0.9960480749643512
ck_ed0e776c0926ce67,0.8986962721531881
ck_cdd2ebeec75bfa69,0.9548584233041353
ck_d7877684c7923ec3,0.3047871256875127
ck_7384d4d2406aabf4,0.5139335913628029
ck_b8e5244e650aa81b,0.6112650234263598
ck_25a1ea40b2d59254,0.0651863923405989
ck_b9e5b318ee4de68d,0.426746791607252
ck_620d7ae27af83cea,0.3105520472601344
ck_40b4e264d1a12b83,0.9374821755958445
ck_b694c803b62862b3,0.049928702383377474
ck_cbeca201dbade3e5,0.7637604400081484
ck_f9b439c9161c3e52,0.2029130169077205
ck_9880410fcd10a28e,0.4378284783051538
ck_74928f5f91aa12b2,0.6301690772051334
ck_b6673bbe61d2680d,0.7324709716846609
ck_53c8315b5c30acb4,0.10075371766143817
ck_78f01d78ea79642f,0.36571603177836626
ck_8582490d6e365a63,0.49183133020981873
ck_af25c72d16299258,0.043226726420859646
ck_7905fe8e257b0449,0.7401100020370748
ck_0d16d9349e4a9e08,0.402607455693624
ck_31b16b8848584e98,0.7413526176410674
ck_67207e3eecc02d76,0.7493175799551843
ck_e6b95ff91116a592,0.2934202485231208
ck_c08f622bcd6de6e7,0.1433489509064983
ck_f9a68da9e0f0bc85,0.5232837645141577
ck_4072b59388976896,0.41234467304950095
ck_8ec86e853ad52828,0.8004685271949481
ck_4fecb87eaffd5cb5,0.32039111835404355
ck_d6880578428b965e,0.8651660215929924
ck_bfc82b3c1c9f2897,0.9460175188429416
ck_c340644176ca03e7,0.488490527602363
ck_321e740066fb05c3,0.9323691179466287
ck_8929d2eb09872052,0.3784273782847831
ck_205c107cec528414,0.945202688938684
ck_e76db7d2562f9836,0.23418211448360154
ck_9ede51c8434cff6e,0.7120798533306173
ck_492e4b89c61b7b6c,0.5338969240171114
ck_9385f5a1eeebefcd,0.6476268079038501
ck_ee52c7bf88f952ab,0.33685068242004484
ck_d8116c34302021d7,0.15897331432063555
ck_01645ea51972e99a,0.7363821552250968
ck_7b45ed23304a854b,0.3182318191077612
ck_2096d32f3d497ea1,0.8524343043389693
ck_dfbb2056f1ef7d3b,0.8188633122835608
ck_938ce30c864bc7df,0.05469545732328377
ck_ff30dda2c881a4bd,0.9115094723976369
ck_f88c79186a082beb,0.7661438174781015
ck_08c7bb0f9851cb76,0.6614381747810145
ck_2675e7a008e584a7,0.35540843348950907
ck_cbaf8a954281d4e3,0.968690160928906
ck_8b24eadf6c72b30c,0.9323894886942351
ck_ffc8e3c1377d0706,0.3451823181910776
ck_5b59e859bed5b40e,0.6953350987981259
ck_7b61717f172f9317,0.9728457934406194
ck_e5c30947b732f661,0.8953147280505195
ck_bc273f3ce79f7e1a,0.10124261560399267
ck_f69e93388b3028cb,0.7798940721124467
ck_3837ad850996ba60,0.5302505601955592
ck_36d78ff3bc033ee5,0.31782440415563257
ck_5e20953547ba4135,0.8567732735791403
ck_258d661e450ac870,0.07111427989407211
ck_1df66f537496ca59,0.8840700753717662
ck_361f535599110201,0.7259319617029946
ck_337e98c69f6e7886,0.6323691179466288
ck_d3d5b2717cfc3913,0.8900794459156651
ck_b1dba768dbe7affe,0.7051334283968221
ck_92d782bd9ce0d1e3,0.6622530046852719
ck_26bd0f8898afc8ba,0.2474027296801793
ck_7916e53daab36745,0.6506824200448156
ck_2caf553b31831a50,0.1324506009370544
ck_c6200734c7f9b2f9,0.9779588510898352
ck_cdc55623cb16e6a9,0.11114279894072114
ck_57849e15b61c43b4,0.804705642697087
ck_b7af9b2ee0eebbc6,0.47164391933183947
ck_00aa5fc3b3bc66aa,0.8337950702790793
ck_9929723f65636c7f,0.9854552862090039
ck_8f6cce9f69912983,0.32413933591362803
ck_c422ba389ff00781,0.025646771236504377
ck_9ec7f334604a228f,0.4188022000407415
ck_5d01200ba3341462,0.39739254430637605
ck_2bf10be403849c9a,0.40985944184151557
ck_6ca018259f70858f,0.2195559177021797
ck_a54dc042ebb7c766,0.8066204929720922
ck_79da63fc100830b5,0.29953147280505193
ck_67ab6f9e05c85085,0.6961499287023833
ck_fa80da579ea9afc0,0.19741291505398248
ck_4339f86c87289222,0.9338969240171116
ck_a2299b4f530be0d6,0.9007537176614382
ck_19db0bf788697c2b,0.259971480953351
ck_fa4211c4d826d830,0.27158280708902016
ck_96100d5e8e051e91,0.1379914442860053
ck_5c3a671883d58b3f,0.012528009777958852
ck_2d9524787cfe1ab3,0.955265838256264
ck_47ab8e51e5b3a2d8,0.2575881034833979
ck_c924f36bc1bbbaa3,0.5735383988592381
ck_5c58e7f8fd55e26c,0.02191892442452638
ck_a07e7409d6d5aa06,0.4173966184558973
ck_c8413898f5f7cb7d,0.8266653086168262
ck_577c816b41cab002,0.9908942758199226
ck_9f7807ed64cdb728,0.735037685883072
ck_495d814d6d6d521e,0.01340395192503565
ck_7aa8bc018c2b003b,0.16583825626400492
ck_7c3a6a82f3c3241d,0.3611937258097372
ck_487f7fbc290e4ae2,0.2949073130983907
ck_e556c4d36aadbe03,0.12424118965166023
ck_7e6569a1b2455cb0,0.06553269504990833
ck_de2924955926d046,0.7250152780607049
ck_73d60b4630e3937a,0.10753717661438175
ck_805ee564bd35ef15,0.7893868404970462
ck_0d40961e47797027,0.25273986555306577
ck_f06d00a4f9c87d80,0.22505601955591772
ck_5ef50fb07b6737d5,0.4116520676308821
ck_16541fc15683e21c,0.31609289060908535
ck_09fd43f1b7e2eca2,0.24086371969851295
ck_2a2c336a69b8d68d,0.8806274190262784
ck_2685f38930866af0,0.3216337339580363
ck_298278a9da874437,0.6571603177836627
ck_00bd7803f2530c68,0.6346302709309432
ck_c2b4a1d8c0b6c1cd,0.03819515176206967
ck_2acb54ca20c3af6c,0.5613566917905887
ck_e3d4b6f681c783ab,0.8485231207985333
ck_f90293f1eba5d7b6,0.8859645548991648
ck_e69d27e8965df0be,0.23071908739050725
ck_b7f5d10b427346ad,0.08411081686697901
ck_1ce20e4223a936b1,0.15830107964962314
ck_6b97d1ab90f6bdeb,0.3024444897127725
ck_e30e17db5473c7b2,0.5859034426563455
ck_154c8efb19dee665,0.2377062538195152
ck_6f5bb0c930644cae,0.9969851293542473
ck_9e17699baa83d173,0.5472805051945406
ck_9693b1eb70880205,0.42623752291709105
ck_1e97899875bb427b,0.2495416581788552
ck_558a82590f65df69,0.05216948462008556
ck_18df83242ff3cdbb,0.960154817681809
ck_80ad4396e1084c68,0.5773884701568548
ck_0a993bc947bab61f,0.7248726828274596
ck_5c2d43ff841632f9,0.2347117539213689
ck_6e4b99fb9725d9fa,0.5921572621715218
ck_e0983999ca26c19e,0.843654512120595
ck_6573c4947cc8607e,0.7891220207781626
ck_d879d645d6e44207,0.3739458138113669
ck_1375ad9f10688e4a,0.39354247300875944
ck_7501ebbf4e21f160,0.21535954369525362
ck_ca60d61cd4dc3bea,0.24432674679160726
ck_ab9ea095a5c58b4b,0.46604196374006923
ck_23756522b58df5d8,0.34968425341210024
ck_90bc176c43d85fd5,0.8778773680994092
ck_908b663b2dda94ad,0.7399674068038298
ck_4df2fb8e4b649e27,0.25371766143817476
ck_5615c6bbdef05291,0.7704624159706661
ck_b62f3e3185251f71,0.036871053167651255
ck_38d1a22850178f33,0.25658993685068243
ck_5b3ba20c8bb1383b,0.29947036056223264
ck_5576ffc6aaf6f22c,0.01662253004685272
ck_cf7a022178165e56,0.06704013037278468
ck_f2c7a4c50e2ede96,0.6813200244448971
ck_285719c77eadf915,0.12265227133835811
ck_f2aa1b677619ab19,0.3597677734772866
ck_3830c58d841e9e69,0.9314116928091262
ck_32eba3510c8eac5e,0.542778569973518
ck_8955d7b9030d5eb5,0.2826033815441027
ck_6775e387dace7525,0.7880423711550213
ck_0a0cd7f4be606a93,0.5302505601955592
ck_a9f700eee5d638df,0.20951313913220618
ck_3d7db96995745472,0.6697698105520473
ck_aeed557007d52e9c,0.03570992055408434
ck_79b6a86830156b5a,0.6375025463434508
ck_6a1ff9d69466181c,0.9955591770217967
ck_f11b1565f986f5e3,0.3399266653086168
ck_4819327a78615485,0.7384192299857405
ck_3ed9e081959b2f5c,0.11725402322265227
ck_16af4be191c47d3d,0.05243430433896924
ck_25122cc0e8b1a662,0.5223467101242616
ck_509c22828d467ba3,0.6951721328172743
ck_31109c899336348d,0.6600937054389897
ck_c51131e53baa59c7,0.6149521287431249
ck_cf8ecabbc61d3e11,0.5373599511102057
ck_eb6baff0f85ba936,0.2144836015481768
ck_777669e2243204f2,0.9471175392136892
ck_ac0ea27e692acdc9,0.7026074556936239
ck_4c6ea04ce8ca9e2c,0.26818089223874514
ck_ca54b32fca7e94cd,0.32255041760032593
ck_4dfd8947f540eb24,0.3686494194336932
ck_95aff1fe27fb24bb,0.643430433896924
ck_c7550723b90e5615,0.11580770014259523
ck_57b3fee69bdf85e8,0.12635974740272968
ck_f823407ace7ff064,0.8545324913424323
ck_a69084a068bcc8aa,0.657221430026482
ck_c7b17f7b24bef5d7,0.5956610307598289
ck_7c4e588f927c27c8,0.6406192707272358
ck_77fdac602d0c6f95,0.6084742310042778
ck_e963d8525018d072,0.6346913831737625
ck_6e8ebaea8f7bffaf,0.03872479119983704
ck_aa42976a31cb7770,0.10623344876756977
ck_22c862a496008c96,0.9954369525361582
ck_527550dd15f38782,0.811652067630882
ck_b3ab3c210e2c7c19,0.5957832552454676
ck_ed9c56fdb9f45ddc,0.9588307190873905
ck_b53281da70defcfa,0.3196985129354248
ck_03009b721568ee98,0.832898757384396
ck_3d9afd862b3f4053,0.9250152780607049
ck_ad3c4be96599554a,0.08425341210022408
ck_d1c787c27d50af49,0.5764514157669587
ck_c7a9c7b2eef46a99,0.6347321246689753
ck_53036d3c6c74446c,0.75088612752088
ck_1b1efbd9c0964c8d,0.8616826237522918
ck_d66f42a269d5c1ed,0.586249745365655
ck_fefc49a2b8ad993e,0.46302709309431656
ck_8b3b874249adece9,0.8363210429822775
ck_193d9c87ad3f1dad,0.028926461601140763
ck_0c6a50d747593b7b,0.6062130780199634
ck_c830f3830875b47a,0.2582807089020167
ck_79e202f06d8dfe42,0.5316357710327969
ck_5c0fe988b8aa7fcb,0.8570177225504176
ck_a8382d8345f21e1e,0.06209003870442046
ck_8cb20053914692d0,0.7543287838663679
ck_1da2f69023ca4c13,0.2265838256264005
ck_38abb60995114f8f,0.3178651456508454
ck_f5791fd8fd8fd191,0.6464249337950703
ck_a4e6fc391b674335,0.9236300672234671
ck_bd771efb4a7e15d0,0.294642493379507
ck_38ba4a6b6a292054,0.2016500305561214
ck_f7a07283345a0dce,0.5332043185984926
ck_87dc484baaf5a23a,0.12134854349154615
ck_c84ef83489badbfd,0.8789977592177634
ck_a397cd64ec5d644b,0.6067019759625177
ck_7977135c2ff61e92,0.2997148095335099
ck_52174855b243a8b0,0.7037482175595845
ck_0f35e930d0614613,0.9870034630270932
ck_b170a7db522a0d6f,0.6482175595844367
ck_7af748a23775bd54,0.8182318191077613
ck_52f641c9ee6fda70,0.16956610307598288
ck_c3719a30414bbb4d,0.7256060297412915
ck_2baf214ad6bc0dbf,0.7694235078427379
ck_8b39d8aacfdd72b4,0.31878182929313503
ck_d39b0152116203be,0.7775310653901
ck_ed33f8a937f9c7c8,0.2650845386025667
ck_8ef97b55a5fd6ec9,0.29623141169280914
ck_8247f008a14bd1a2,0.47272356895498063
ck_f0d349d68249d5db,0.19156651049093504
ck_a544e766540861fc,0.6792014666938276
ck_9dfaca4c7c80b10d,0.5919535546954573
ck_7e5401c362b2216a,0.1435119168873498
ck_64ff60c073fdb6db,0.5549195355469547
ck_fc5ea49518e5d637,0.3063964147484213
ck_580f136ced341298,0.13412100224078224
ck_9cbef9bc95449dca,0.30743532287634956
ck_e475a3b8ba870a7e,0.3892442452638012
ck_97e94708bcf43563,0.2065797514768792
ck_13f03ec785cbdae1,0.008005703809329802
ck_152820d8817f478c,0.5481971888368303
ck_d20d4ba60eec9945,0.35388062741902626
ck_5c45968a805132e0,0.4983907109390915
ck_bebea2cf3063fb24,0.48549602770421674
ck_c3c69aefe7ea1d2f,0.44471379099612957
ck_02028b72f26fe855,0.24754532491342435
ck_dfadff70a58a9133,0.09344061927072725
ck_6482ed4491bedcaf,0.13073945813811366
ck_754cd7b4a5ae3f94,0.38902016704013037
ck_3132857aec8485bc,0.020309635363617844
ck_7ce4ca91b8f9f1c1,0.36581788551639843
ck_41938582f4351772,0.5683031167243838
ck_f87d66946252476c,0.8154002851904665
ck_8053f1879a9b4e43,0.7812792829496843
ck_93892e91387f5103,0.49922591159095536
ck_15254db133b28371,0.5397025870849461
ck_d557b9feb241b3ec,0.24290079445915666
ck_71c3a8e4c12c989f,0.08622937461804848
ck_80e3041811033443,0.5753310246486046
ck_3380d60067b4634b,0.03955999185170096
ck_a9c2cdc758df8510,0.837319209614993
ck_3c0031d7514da17b,0.5103687105316765
ck_18d214b1418be39d,0.7470360562232634
ck_7ce768407fd48321,0.6682623752291709
ck_7a50abd42298133b,0.3458341821144836
ck_2db10f987d137582,0.5938480342228559
ck_e077d004cd1d80ae,0.5987573843960073
ck_1cb6dc67f9a321b5,0.7426156039926666
ck_b864f64101149c35,0.9198614789162762
ck_9bedf54df9418e4a,0.4860460378895905
ck_c47e32c47f0e6578,0.9247097168466083
ck_71f382d5e338daa3,0.48677938480342237
ck_14b4bf7be6ac2b61,0.4803422285597882
ck_5c87eea1cc07cc92,0.5430841311876146
ck_5f445182829ef342,0.72544306376044
ck_a5d7311291caaa54,0.375718068853127
ck_b7df99aecef385e6,0.8679771847626808
ck_3327a0582407068b,0.5721735587696068
ck_08dba09fd7dab896,0.7198614789162762
ck_f4ec334be5266378,0.5602159299246282
ck_240f7f894c5a86e7,0.6606437156243634
ck_a9d994554fc14a02,0.05178244041556325
ck_13648cbd306eee6d,0.14469342024852314
ck_601edf9105b3c321,0.9882460786310857
ck_9527adac182abe57,0.922550417600326
ck_4e0e80f5cc271bf7,0.040435933998777755
ck_96a89e720176b389,0.6211855775106946
ck_63560eec94b76d2f,0.25178244041556325
ck_c9c99e5b19aeced8,0.06677531065390101
ck_bc32655ee5ed643e,0.29822774495824
ck_edccb5a93b741744,0.12098187003463028
ck_f786cbc987b70930,0.28665716031778365
ck_0e8f26536ccc8947,0.3893053575066205
ck_b87ef4b98cfcec4c,0.3811774292116521
ck_1a9235812de4b2c1,0.35768995722143004
ck_d1ed88ea4211ba4d,0.010715013240985945
ck_a4ddac49657a4450,0.4947239763699328
ck_d9ffca35188e49d8,0.22344673049500918
ck_3db73bbe03c3d240,0.06630678345895294
ck_fffa0622344a36ab,0.017885516398451824
ck_148c28df51bba5e9,0.9699938887757181
ck_076cbc25c8f15fc3,0.979262578936647
ck_e5ca550b39ed45bf,0.9708290894275821
ck_8dacf3a2061ca17d,0.46329191281320026
ck_2d7394afd61643d0,0.37180688531269096
ck_e42206e91f6a1752,0.09032389488694235
ck_2f4f94827984c426,0.07184762680790385
ck_edfe8e90e8f4366e,0.263047463841923
ck_646b15f753e5e9c6,0.2791607251986148
ck_66600620149c8799,0.5208392748013851
ck_4ff6fc70bccfba96,0.9072519861478917
ck_41af3729590c2484,0.20330006111224283
ck_920a48ba8c583e96,0.07687920146669383
ck_0253b3e7be021306,0.029904257486249745
ck_2ae6949246ea2648,0.5138113668771644
ck_db23a5100f338d72,0.7663678957017722
ck_fcb2a559474c3493,0.5543898961091872
ck_0a4d7acd2a53cbbd,0.6973925443063761
ck_c5d62b2b7a6f3bac,0.9488083112650234
ck_cf59f4fc0ea690b2,0.27679771847626805
ck_837be8126bb19250,0.182012629863516
ck_58955542edee1adc,0.10122224485638623
ck_1b93381d8eea58d1,0.23776736606233448
ck_97b8e05d62abdc14,0.5519657771440212
ck_71a0d645744302a3,0.49042574862497457
ck_a7b57882ab66b111,0.16219189244245263
ck_65f76421be648549,0.21517620696679568
ck_b53ea8713d32ca7c,0.5689957221430026
ck_991c4c924a1d85ff,0.9643104501935221
ck_8432ccec1a4ec7fd,0.980199633326543
ck_64c1633297f43788,0.08531269097575882
ck_4291fd9c1161d8e1,0.8360562232633938
ck_5e98ed6391d9f429,0.7012426156039926
ck_c7baebe4549fdbb4,0.6531472805051945
ck_6e67225ba59fa5ae,0.6358321450397231
ck_719602def4d35fe0,0.25074353228763496
ck_bdee7c86f5ebe81f,0.09260541861886332
ck_8de38f8c7f91961f,0.8243430433896924
ck_b0b5bf9254700402,0.5836626604196373
ck_7b55d9bb1a250d4f,0.6036259930739458
ck_3954b7b0fd1d6614,0.0016500305561214098
ck_f29471fe7c818d6a,0.40277042167447547
ck_9e65a8a2f587691a,0.7012629863515992
ck_eaec5f1a83b66eb0,0.8982073742106335
ck_004fe0daecbe2c1a,0.3773477286616419
ck_d17653a4a2d4a79e,0.6557139947036057
ck_0dd417fcbf19e424,0.409553880627419
ck_4c99a6eadea143e2,0.850417600325932
ck_74d602c907ee9119,0.03350987981258912
ck_1aa87cb62acc0ac6,0.6075168058667754
ck_094974d75e29fb2f,0.68993685068242
ck_5ef935ac3d4d3332,0.5956814015074354
ck_b26e4ae47c9107ed,0.9520676308820534
ck_396cea6f95186ad2,0.3111427989407211
ck_48446a9e8184c7d4,0.3094520268893869
ck_31e1ede23247d56b,0.7206763088205338
ck_7afefa349b960a3e,0.38462008555713995
ck_f5e02a3432571b20,0.9260745569362396
ck_64eefec062592c43,0.27029944998981464
ck_a1201284122c141f,0.7282542269301284
ck_1b34c420a4c85a95,0.1391933183947851
ck_d637a011332ba67a,0.32073742106335307
ck_99c0004d8b7079f8,0.03353025056019556
ck_948517bad569b40f,0.8320839274801385
ck_a28d6b1601b472a6,0.6815644734161743
ck_a0b4209feb31f5c0,0.9994296190670198
ck_d6d2c1f6dfc455b6,0.6461397433285803
ck_3f9e6d356d3dd3cf,0.17298838867386435
ck_d08e00c842b75176,0.08834793236911795
ck_bfdd232a7c5f2660,0.7214096557343654
ck_2cdad03ed069438c,0.5490527602363007
ck_42317c3eabd0a285,0.22925239356284377
ck_3eb73e56751c704d,0.8163984518231819
ck_ef33c04f4c9e3758,0.6908739050723162
ck_1dc23dc870f1773d,0.3652067630882053
ck_76091f357974a152,0.523161540028519
ck_4d9eb75e8eee90fd,0.6165206763088205
ck_578f67e69e5d2cfd,0.32403748217559586
ck_3a8ce1cc724229b8,0.0740680382970055
ck_a96887f841e80fc1,0.4759828885720106
ck_d2d4a8f4a9f2c33f,0.7544917498472195
ck_11f85bc705dbe036,0.4394581381136688
ck_7429b3f87528e335,0.30808718679975555
ck_26df74feac7ec51d,0.3410674271745773
ck_c78b2638fadd91ab,0.565838256264005
ck_7eaad325abe3b50c,0.22931350580566306
ck_fd44e34af620e606,0.8450397229578326
ck_f99738dff854e25f,0.4183744143410063
ck_1ffbce3a239bb264,0.2784884905276024
ck_96c7d52ba0a766ef,0.5124668975351396
ck_cb1c00c300af3f9e,0.7623344876756977
ck_ec3d12848ced99f2,0.6943980444082298
ck_26cfd7c3c6c7bf69,0.1715420655938073
ck_7ae86b5a885affc3,0.5099409248319413
ck_3edaa94d28cd48ea,0.20342228559788145
ck_3209c530c9812e39,0.4665104909350173
ck_ea62ebfc1f04b49a,0.2175392136891424
ck_5fc90b4668ea81bf,0.20030556121409657
ck_95654593cdebd141,0.14037482175595845
ck_958c0bd61820147f,0.54231004277857
ck_8440ef1386c07194,0.31509472397636995
ck_8cd1b68dd74b1375,0.8717865145650846
ck_c9eb4df91ff07f2c,0.37388470156854753
ck_c29489366c01fe65,0.9879812589122021
ck_c965fd6bec0f0ecd,0.7232430230189448
ck_84c402b23766e1f2,0.48341821144836017
ck_181f3dae03b87136,0.7531269097575881
ck_022a8ae79eb28cf6,0.9833367284579344
ck_469c17407d17b706,0.7671419841108169
ck_1fcc5843f39148a9,0.44664901201874113
ck_5debd55f361b2ddf,0.0401303727846812
ck_28cb9b03e89263f1,0.17095131391322063
ck_f067470743d3c7a2,0.8232430230189447
ck_d5d225ce41a1a762,0.6338154410266857
ck_15b4840922195ffd,0.5366062334487676
ck_6bcfa37c717f19f1,0.7060297412915054
ck_8d501a0386c66be8,0.8096149928702383
ck_1a9d6190c57ea7e2,0.9368303116724385
ck_c49832eabdac5bb7,0.08973314320635567
ck_b4331140b2e0d4aa,0.37879405174169894
ck_5efbea1befdefe1b,0.7950499083316358
ck_72ff52c4824072ce,0.13200244448971277
ck_ec3715add8bbb6e9,0.05599918517009574
ck_9822f8ed05335741,0.760480749643512
ck_c3d7d3d12a1981a3,0.40611122428193114
ck_a115a7919ac5875a,0.5846811977999593
ck_4dd4ed23e0b927b7,0.8803829700550011
ck_4c76efcc1ee6762d,0.6191892442452638
ck_3ad6e7bf452c9b21,0.46740680382970057
ck_dcbab304b55a42c7,0.8987573843960073
ck_24b53090faf722cf,0.40456304746384186
ck_187317383400491d,0.2428600529639438
ck_e07fd57565c94c28,0.5235893257282542
ck_740e760fdcd27835,0.10118150336117336
ck_d3796aebda1cfed5,0.9712568751273172
ck_e541967c681cb929,0.468079038500713
ck_431118050b834dcb,0.10953350987981259
ck_90f3655f0c8a0074,0.12487268282745978
ck_13cd943777651aac,0.7368506824200448
ck_66accecabf3901c0,0.315889183133021
ck_937f0da2306b2eb9,0.7386433082094114
ck_105b0c93573fd5b7,0.8207170503157466
ck_00480407160e0743,0.350417600325932
ck_e032068be7b77d15,0.5015889183133021
ck_991b7dfd69098320,0.07918109594622122
ck_37d47cf0f34574a2,0.048706457526991244
ck_011551a596544f5d,0.03401914850275005
ck_9acd98f4fe2d474e,0.8080260745569363
ck_7c88d3d377bb61bb,0.5904053778773681
ck_e2374c7136c964fd,0.5980240374821756
ck_2fa8f2577116e9ca,0.5550417600325932
ck_d07c5b0321c685ea,0.8105520472601345
ck_bc736114a31088a7,0.3795681401507436
ck_32bb42f9bff197f8,0.5608881645956407
ck_66267bbad1f1415f,0.9971277245874924
ck_19988702ccd79201,0.21285394173966185
ck_f473a03fbcdbc4b0,0.3207781625585659
ck_e3f1d85fa5d49396,0.2721531880220004
ck_c4402ea6291df271,0.8694438785903443
ck_243bd5ca8c4ae5d0,0.2695661030759829
ck_f271e855925e8d6b,0.7708902016704013
ck_e424148c6f2223df,0.1355673253208393
ck_e4d0a9e1102a58b5,0.2242819311468731
ck_91c2a5fe69b9b1d1,0.7943369321654106
ck_5fd8924732fe403e,0.90651863923406
ck_9a881d5433126ada,0.3718679975555103
ck_73cab88b29c7845d,0.5150947239763699
ck_5b5dea6476d4e182,0.4059075168058668
ck_ccccb17d2ca6ce94,0.723344876756977
ck_cd1dc68e441222b1,0.9802200040741494
ck_8312c49b1431a406,0.6961906701975963
ck_25fea39897f2a559,0.46911794662864126
ck_f56200205280bddf,0.5138113668771644
ck_7336611650dcc088,0.20330006111224283
ck_590716322ff147ae,0.2615807700142595
ck_c82364d87875a1a1,0.6349154613974333
ck_fa4b60387d744fc5,0.13872479119983705
ck_d841eba8906e9a15,0.05964554899164799
ck_d6df562a79b9d0d9,0.2627622733754329
ck_59a14d2564193101,0.05563251171317988
ck_8530158e3d7f59e7,0.14070075371766144
ck_ac68d707006c12a8,0.5146465675290283
ck_976fac1bb3dd8c58,0.5828274597677735
ck_f854fba8f4adae3d,0.9292320228152374
ck_b98e9c3ec6e7d1e7,0.21635771032796905
ck_803c0b4cf9d4bc1d,0.6594214707679772
ck_76997a33c3ea5107,0.02279486657160318
ck_f1a9d832b700bda1,0.9774292116520678
ck_2bd96ddb8c323d63,0.9887553473212467
ck_9e5b7acf51b1b743,0.3184558973314321
ck_09169f22194fd6aa,0.46573640252597276
ck_6d69e092f9b0848b,0.4724383784884905
ck_9f83fa5a2d3b9049,0.6968629048686087
ck_57bbb19eecb4b87c,0.07549399062945611
ck_e0e9cfabb979f428,0.2611122428193115
ck_b1ff9edc51d42f97,0.021592992462823386
ck_4682fad271d47eb0,0.9677123650437971
ck_ab33fb754c818ae3,0.6234671012426156
ck_b456f62b80e21557,0.021470767977184765
ck_16340be3f2a7fffd,0.09301283357099205
ck_ce66831f6611014c,0.26031778366266045
ck_4610a073bb54d1b1,0.38549602770421676
ck_fd038a7d33a9d6e5,0.3187614585455286
ck_c8198cb4c461304f,0.7056019555917703
ck_1e7de58822000dea,0.28537380321857814
ck_b2a79dd3df560f14,0.7379099612955795
ck_74a06f347b32347f,0.046791607251986146
ck_c6fdb2972417c9bd,0.7097983295986963
ck_d7607a213b800bfb,0.733550621307802
ck_df65967b8b40319c,0.13383581177429213
ck_329a73dbd585ee09,0.4567529028315339
ck_74991a9e85c3b07d,0.41081686697901815
ck_bb76609b79e0bc9f,0.7658586270116113
ck_f7fc1bd0b9ab1fa4,0.8190059075168058
ck_d111c98b36bdb791,0.1769606844571196
ck_f07e27d125497b66,0.9280708902016704
ck_093e3a7134e11d6b,0.4082094112853942
ck_862c7953bdea48b0,0.4923202281523732
ck_392cf2cdd515c34d,0.20511305764921572
ck_80eb91b0b4001084,0.7635363617844776
ck_5923f53b77193a58,0.8082705235282135
ck_8049f5fce32be185,0.9414544713790997
ck_ebc5a2c6cf88e252,0.7951721328172745
ck_9ea5872f14cce338,0.46490120187410877
ck_f7fbc95ebf584379,0.09792218374414342
ck_bafe82c870356706,0.9953554695457324
ck_278b36c5932d9bff,0.19855367691994294
ck_6a892dd5d05c1649,0.8574251375025463
ck_0734fd90b2cabd43,0.640721124465268
ck_9b552204498b6762,0.498553676919943
ck_f6c909c205767956,0.7679364432674679
ck_32f590e87bc3d715,0.024404155632511713
ck_66a8325f28be7562,0.10497046241597066
ck_b129261da9c3c3c9,0.30319820737421066
ck_a524071c51ddde20,0.4128335709920554
ck_ba576d6d4cb6130b,0.9243023018944795
ck_8d8226520722af78,0.7699124057852923
ck_c5b0f0d4f1655a20,0.761132613566918
ck_61814ae9b6d8eab1,0.5931146873090243
ck_382ebf136f7fa337,0.8925850478712569
ck_423ff4ede6a9f066,0.741984110816867
ck_546ad962d04b7de4,0.9792014666938277
ck_9473ea4a01c95f9a,0.7837645141576697
ck_9eb1da8cd35a50ce,0.25422693012833575
ck_de5eaa2cdbcb67ff,0.711366877164392
ck_537cc97d0398c922,0.8948665716031778
ck_998475a2e4dfad4e,0.09372580973721736
ck_e62eb708d2688fae,0.252189855367692
ck_ea623358f704daa7,0.63550621307802
ck_b911a09f328dfd4b,0.18545528620900387
ck_4b3506b624e5193c,0.47164391933183947
ck_448456f96788713b,0.6654512120594825
ck_5d5ef9e75f65d076,0.46341413729883885
ck_3b74512f774a6e5a,0.13314320635567325
ck_a032e8ac1507c6df,0.9763088205337136
ck_7e2d6b22a0ae20c2,0.6591973925443064
ck_d80283209c963f11,0.10926869016092891
ck_d1157eade2ac3975,0.3264819718883683
ck_be48f583f79427f7,0.6118557751069464
ck_0027b5d4107d65d8,0.9073538398859238
ck_94fff69584dd3b2a,0.5031370951313914
ck_75fcda73f0b43557,0.4684457119576289
ck_a1c78972e4ee4082,0.524322672642086
ck_f0982bbdbd122f91,0.3695661030759829
ck_3199b471575aeb3a,0.12047260134446934
ck_7fa947a0b1c1cf74,0.6245060093705439
ck_a60c618b7f0e4252,0.04673049500916683
ck_722ac47c8ac9b6c3,0.9378284783051538
ck_d44dc3839a195c8a,0.692035037685883
ck_a2c3e82fab520483,0.6482583010796497
ck_6f8ae0319c07cafe,0.026522713383581177
ck_49886ff1e2c759d6,0.4811774292116521
ck_150a1108f936e6b0,0.09287023833774699
ck_e21f9f96f597695b,0.35901405581584844
ck_7297bff2b7fdcbc8,0.025381951517620696
ck_ee949c71f4f702eb,0.9909146465675289
ck_6fc37dea4b4f35c6,0.6949887960888165
ck_e76257caa98dc25d,0.9660827052352823
ck_828eef2334e17b3a,0.2995925850478713
ck_604e1b8a8c693aa7,0.6012426156039927
ck_7743c9fe037d1f9e,0.9067427174577307
ck_864a11202e19e812,0.8698309227948666
ck_4ec040b9e3785e4a,0.3398655530657975
ck_7346e4f820d9c00a,0.96598085149725
ck_48d4d63beb26b623,0.8003055612140966
ck_c423aa6de3ed1e01,0.3845589733143207
ck_d74b2ead8aaa3f73,0.41586881238541457
ck_1dd69a11daa7bf1a,0.580057038093298
ck_d9143e236eef177f,0.9295172132817274
ck_f790d91e5ff0eccd,0.9294561010389082
ck_69b5620e00ef5dec,0.08633122835608066
ck_cd32e58e8a1c0e85,0.511509472397637
ck_064013b0957d87a5,0.9910368710531677
ck_a481385c2e60dc4a,0.5447137909961296
ck_d72035cb29db3aa4,0.3665716031778366
ck_3759939a0205306d,0.24510083520065187
ck_f437a53fc832ec95,0.9487471990222041
ck_260ef2f3e6434819,0.5551436137706254
ck_35e411b05d22f663,0.4491749847219393
ck_8bf46e472f3e20de,0.8254634345080465
ck_d546994fc5d3e9d1,0.07286616418822571
ck_6ff0fc7487e737e7,0.8982073742106336
ck_5c67f27816ae0b6f,0.09089427581992258
ck_c5517923458106ae,0.15742513750254636
ck_d9735647a6b0b0a7,0.9503564880831127
ck_541a734fc457246f,0.7754939906294561
ck_2f6a639468f41043,0.13780810755754735
ck_bea2cf7a6b7bb900,0.2110816866979018
ck_7eebd0e6ad6c070e,0.5683438582195967
ck_b64c87d5e3b10e6a,0.9746791607251987
ck_9dd7daacb7833233,0.712344673049501
ck_396e9ea9a6c6d7d9,0.48358117742921164
ck_1645e6cc53fa99ff,0.5170706864941944
ck_ea2a83ccb8d57490,0.08411081686697902
ck_e64f0df63e1be595,0.6496027704216746
ck_fa0b234481cb57d3,0.8692809126094927
ck_63379e3c9fe6f711,0.350417600325932
ck_c67f7944896a0310,0.7353228763495621
ck_c10e54c9db29e6ef,0.9895498064778977
ck_7184ad7709ae4c80,0.6762884497861072
ck_f8b6069d7577fde6,0.4220004074149521
ck_18444be153bac1ca,0.9609696475860664
ck_d0982b4e0e118e4d,0.601120391118354
ck_6faf3e6820398866,0.8318598492564678
ck_97e980463aca4644,0.09050723161540028
ck_630c835243c66b19,0.9944184151558362
ck_fe429ba3e1aa0e4f,0.3511102057445508
ck_1058129ed7b48c59,0.515053982481157
ck_04a1a46f07885296,0.4271338358117743
ck_f01e94331067edf6,0.7676308820533714
ck_77b2fb17c29f5e72,0.5887960888164596
ck_4f0c5857da45fb28,0.5584640456304747
ck_2cfb9a7775e8a5bc,0.9873090242411896
ck_6846100e43659bf3,0.397249949073131
ck_f89719a854fe11d7,0.7864127113465065
ck_bf47375e41ca3bc0,0.03291912813200244
ck_2770b0400a7bef08,0.8267264208596455
ck_2a09d142de1c77ff,0.80354451008352
ck_857a1f5547b9ad68,0.41309839071093907
ck_185f15b1523bbcf4,0.02745976777347729
ck_ab2aed614ec1cdf8,0.7605622326339376
ck_a9e7f3b2d5dfd97b,0.19989814626196784
ck_0eeb3d9b3e697edb,0.8135669179058871
ck_fa5830d81bc8ddc1,0.2682216337339581
ck_231ae0329ebc3220,0.24935832145039724
ck_1587763dd54688c9,0.4589733143206356
ck_9f85fea4490c00cf,0.4758810348339784
ck_a2d709e7eb91e4af,0.6037482175595845
ck_43637d28c7216453,0.21912813200244452
ck_f3ab5dd853d38252,0.8356080668160522
ck_4a1f0172d3bf4fd3,0.17441434100631495
ck_517620ca16505af0,0.07166429007944591
ck_9ae904fbef56065c,0.10949276838459972
ck_d5ef1f6e34bb35b8,0.6740680382970056
ck_ff42557857ae3aeb,0.04815644734161744
ck_ad9a18f58589faa7,0.22525972703198208
ck_df1a6edaa3e6b271,0.14477490323894887
ck_99021fe7225b5a68,0.6053167651252801
ck_99e52c3c2530b69e,0.9811570584640457
ck_3a4811dc4a1a891d,0.3793848034222856
ck_ba3a6be026c87079,0.2954165817885517
ck_da6d1e5cf6aba6fd,0.2557547361988185
ck_ddc7c1f3d45fe6e6,0.8063353025056019
ck_e1b1e7a7e4a15b3e,0.2790996129557955
ck_8288f7f226e08b89,0.11346506416785496
ck_c4524993ec31dbe5,0.1178244041556325
ck_8b19bb5b23b6741c,0.47007537176614383
ck_d21b38231a8a9f4a,0.6792422081890406
ck_3f730318a9792292,0.5281116316968834
ck_a4db6e94a8f77f9d,0.5512731717254024
ck_a8cac8d480306839,0.13976369932776533
ck_5472214011fbc2a7,0.1408637196985129
ck_7356f47dbbbe7904,0.39248319413322474
ck_16801e628e883d78,0.22621715216948463
ck_0dc1e536231c4860,0.6914850275005093
ck_7cd0634a6e60af83,0.31969851293542473
ck_ef6f8e048ae1bd4b,0.3651863923405989
ck_82f3f744209888ac,0.5113261356691791
ck_f33188c232a03526,0.9062741902627827
ck_4a59f4e10bf45d7f,0.034263597474027296
ck_d96c893721385e4e,0.23192096149928704
ck_f65ab819373edb37,0.928519046649012
ck_21cac21fc10b7768,0.3703401914850275
ck_139b54e6ccbdd7da,0.7908331635771032
ck_d6f5c8741697abb3,0.7081279282949684
ck_a28d9bb5590d458f,0.6151558362191892
ck_ed26d906883bea0a,0.7876553269504991
ck_227602ad072b838b,0.04257486249745366
ck_39d5f6c17c745ab1,0.004135261764106743
ck_744eade757ba69b5,0.8805866775310655
ck_c1295d97cdf35ec2,0.7049908331635771
ck_69105f881da3c821,0.08079038500712976
ck_933789b55361d7c1,0.9529435730291301
ck_b667952253503174,0.3465878997759218
ck_7bf668e25abeeb05,0.31605214911387247
ck_91742711dfdffd56,0.6262782644123039
ck_af32a0660090dd68,0.8361377062538196
ck_2122f201e65f76ee,0.29570177225504174
ck_f48acb73a5d6af07,0.9206559380729273
ck_337c5684510cf432,0.4315542880423711
ck_f7bde7265053364d,0.4971073538398859
ck_c190c7b924edba75,0.7445711957628846
ck_044fa3b3a003f0b5,0.6454267671623549
ck_87eb43e3b9d96169,0.5662864127113465
ck_2d3d6c9364362017,0.013729883886738643
ck_ac55dc6cbcdf8228,0.5027704216744755
ck_61d7b0568ec5d6cf,0.7769606844571195
ck_89c74feeaffa7d09,0.27184762680790386
ck_93776b0c113f41f0,0.8705438989610919
ck_15e0b679931f7a8d,0.644265634548788
ck_77b56c49cfdb1d81,0.7460786310857608
ck_73188a826b5f499f,0.24383784884905277
ck_4f463ef25325ddfa,0.8956406600122224
ck_863db2e394dc47d1,0.9749439804440824
ck_d52432ed597f3cc9,0.3588510898349969
ck_04fb61e5739642f8,0.8778773680994092
ck_2e481d75d110c06d,0.8974129150539825
ck_3fa1a523d77cd619,0.4402322265227134
ck_466dc6274fecd708,0.05249541658178855
ck_e1790b3aa2241b10,0.9688938684049704
ck_84ad096a46e1a960,0.7982481157058464
ck_3be72c9c178fa00d,0.3503768588307191
ck_5a17c89219d1d9fe,0.6053778773680993
ck_4f639f4ee6ce8d9e,0.7435322876349562
ck_f4ec4a935e51b4db,0.8987370136484009
ck_f04040a830f92bac,0.577999592585048
ck_3e4d02a04be2aaf8,0.0841515583621919
ck_4d1baef193cfb900,0.5744958239967407
ck_0fb3153d37626b75,0.302281523731921
ck_88ec57a11b11f702,0.953350987981259
ck_dca9dc465f759db4,0.22768384599714808
ck_64f5fba6af67e024,0.04805459360358525
ck_896096cb167254ef,0.7609696475860664
ck_7878679065876b98,0.466632715420656
ck_fe8e5a6c880ceb4e,0.35453249134243225
ck_a5e036327d3d1862,0.1622937461804848
ck_310f73940fc4cf4f,0.3322672642085964
ck_46a8db16ad00b749,0.4474638419229986
ck_0d33977c3de8cfaf,0.9905276023630067
ck_c6fff412f531db0f,0.17425137502546345
ck_bac6dadf428eaea9,0.6196577714402118
ck_1b96d9af0d7da2d5,0.13016907720513343
ck_fa8a4a9e77799fcc,0.07262171521694846
ck_0bf48607a874b4d1,0.1616215115094724
ck_eeb75f8a6439f65e,0.6541861886331228
ck_a209a5f7d172125e,0.5301690772051335
ck_8f346b72fb40bf14,0.427398655530658
ck_bccbf9fef367f00f,0.627724587492361
ck_2d1548f1ee405cc9,0.1506009370543899
ck_e8298ff2dc1e9d50,0.10134446934202486
ck_77c0fb524edb4a94,0.5955591770217967
ck_28ac4c5134cb8e77,0.7628641271134651
ck_db23a0e3e54be60c,0.9708494601751884
ck_a059d00cee5cee99,0.3869627215318802
ck_3e9e3bba8bd363af,0.27443471175392137
ck_0428728df24cdab4,0.10258708494601752
ck_88cd35378075c84f,0.1679771847626808
ck_0174d76398d9dc0f,0.6046445304542677
ck_3f1287e6c27de0dc,0.36773273579140353
ck_ff822700f3605e06,0.9997148095335099
ck_4563227b2038ae07,0.8440415563251171
ck_788e78065526ee19,0.48462008555714
ck_8a16eb584093b12f,0.2660012222448564
ck_cc276f71ab6c08fd,0.890588714605826
ck_d61d97b21002f3e9,0.7832348747199022
ck_4b2e87d86a5e415c,0.46308820533713585
ck_3e6f35e4500d2f2a,0.11383173762477083
ck_3acdb083e0d8ad61,0.2698105520472601
ck_cd655202db489010,0.19472397636993277
ck_829cbf5ccda481ae,0.08954980647789774
ck_f5882e6f98b8b4cd,0.09225911590955388
ck_767947540b234add,0.5015074353228763
ck_a6e8e8f535b1f1d1,0.7618659604807497
ck_58412a2674fea506,0.42501527806070477
ck_fae7e518a585fa61,0.5874923609696476
ck_9c60ae6958d68dbd,0.833550621307802
ck_328696b8f5e54ec6,0.8740680382970055
ck_7df3f8f4f1068d62,0.25286209003870447
ck_cfadd21458230ef7,0.2799348136076594
ck_7048bedd554c703b,0.1905683438582196
ck_50422466f145bfd7,0.1429415359543695
ck_61e1f7168cd9ff25,0.8933387655326951
ck_733aff0f56f5b3c9,0.5359747402729681
ck_e14892e424180549,0.1577306987166429
ck_03f6664a96de7d0f,0.653534324709717
ck_b7f4baa2cc82fe61,0.5413729883886739
ck_1e51199a075ca0fa,0.05585658993685068
ck_0e70516fa07cfb17,0.9528009777958852
ck_0f37c554a5057801,0.9415970666123448
ck_5576b725de38d106,0.32599307394581384
ck_82f360df1e9f4eb8,0.659971480953351
ck_395f3bd4aacd7ca6,0.39830922794866574
ck_5e8e857b63966609,0.9307801996333266
ck_93470896f0804b6b,0.9675697698105521
ck_3be854e42e76569a,0.2680994092483194
ck_0567302c57a2417e,0.8337339580362599
ck_ee535461b5f05539,0.9598696272153189
ck_94a096c36162a153,0.3345487879405174
ck_dfc8f5c141fd7c63,0.33597474027296803
ck_98b34f2d704c1c2a,0.502750050926869
ck_96dff7a09d45f116,0.837971073538399
ck_79557434c129ba52,0.13850071297616623
ck_4596624a7c01d501,0.6517824404155632
ck_04e89fbd739243fa,0.13145243430433898
ck_6149ffaf18872dc8,0.10867793848034223
ck_cd78f0832a09bd8f,0.9484212670605011
ck_7e29c10d781c3b41,0.23251171317987368
ck_1f7ee7b23fc6f2f4,0.05412507639030353
ck_c49b685d2b3ab89a,0.1341006314931758
ck_84569a8fc50e73ac,0.40535750662049297
ck_b92b11d205af91eb,0.05732328376451416
ck_06280e6d6d2485b0,0.2322876349562029
ck_3c08546dd0c92863,0.5681808922387452
ck_99d3983f907828bf,0.4295986962721532
ck_eccfd552aa652d3c,0.36469749439804444
ck_0cff8153881875ba,0.3277653289875739
ck_c1aebbeca6ab5ff9,0.05210837237726625
ck_538fdbbb3c2bcbbb,0.7418822570788348
ck_8c0210322733c718,0.18050519454063965
ck_0b0c93039f987abc,0.37602363006722345
ck_6d07d6d1bd227d37,0.9132613566917906
ck_9b6ee35e8cd0b11c,0.15603992666530864
ck_d838491d3d4f5ecf,0.39977592177632926
ck_0593ae243a9ebee9,0.2764921572621715
ck_ef261fc09be8eb0b,0.29022204114891015
ck_d0935b571a4a3868,0.7358525157873295
ck_97d04a67a104af39,0.6432878386636789
ck_e25f70d0b7229420,0.7737217355876961
ck_9b71274ff83de482,0.9517416989203503
ck_6de2aa2bb60978d3,0.5503361173355062
ck_eda55c8fb47593d7,0.17496435119168874
ck_924e572517515f19,0.9628030148706458
ck_d6f27eacbad310f4,0.22271338358117745
ck_8550f229b5eb03ab,0.17773477286616418
ck_e3e95546a84d0ed8,0.6871460582603381
ck_3135c019696ee6af,0.9903238948869424
ck_41ba315d8fccb559,0.2828478305153799
ck_72b86e4485da2d0f,0.9731513546547158
ck_daaa995f3c2f0e47,0.8798533306172337
ck_053746067839696b,0.593848034222856
ck_a15fe7d0f4b65c33,0.947667549399063
ck_15de11438732bb05,0.2895498064778978
ck_2c4d25acbe3fabd9,0.38800162965980856
ck_7f08078908599bd2,0.907455693623956
ck_e794741742fb2619,0.12497453656549196
ck_238e53b6dee8c301,0.09460175188429416
ck_53a6a33060d5c8b8,0.36899572214300264
ck_0e0919292ad33472,0.9806274190262783
ck_d86ccf148c06c8c8,0.8160114076186596
ck_c881f26c9bf9ae42,0.9386636789570177
ck_4b0947bf94e9d847,0.6439193318394785
ck_e10ff5c38bd18470,0.34501935221022617
ck_b60de9e97aad9e45,0.9846811977999592
ck_190bc849e5ff5401,0.40798533306172335
ck_e7be077aa0b2632c,0.37977184762680793
ck_a51abde881ebeff3,0.43770625381951517
ck_2208392a9f6bd249,0.7165206763088205
ck_0259da8f109017e9,0.5733754328783867
ck_05e01ab9c95449da,0.5071908739050723
ck_c82897ebffb6ae66,0.7205744550825016
ck_b4a6bb4689cd7cfa,0.6013444693420248
ck_9e21ea33018ce538,0.5729069056834386
ck_caa348f0e65db062,0.9841719291097983
ck_a964e6b5d8415334,0.9292523935628438
ck_510bfbbee37ff436,0.24715828070890203
ck_9741a82faf5c7889,0.7294561010389081
ck_e7f61b4a39ba98ac,0.5469545732328377
ck_069d158665a53909,0.4330006111224282
ck_6426427efe3228af,0.6286616418822571
ck_ab4a8d02ec3c0fd7,0.01888368303116724
ck_aefa0d8d933e0eca,0.7182521898553678
ck_232325ef6bce92f1,0.15610103890812793
ck_14e58c3fb26a2b4d,0.4480953350987982
ck_06e73afdec26aecc,0.8574862497453656
ck_3168f4f2778d64e1,0.2602159299246283
ck_ff3998d6858daa21,0.009737217355876961
ck_bccff46fb0868454,0.8651660215929925
ck_c7d444d90fa86d7c,0.9087390507231615
ck_f0bc3bdee6bfbb94,0.6671419841108168
ck_f7112818a6d81422,0.7033611733550621
ck_aca35dbcb835ad02,0.5933998777755143
ck_f637fabf0f60528f,0.647810144632308
ck_53d17ab97de1ac3e,0.19270727235689553
ck_c8c1bf16d9113493,0.878936646974944
ck_e842fb0cf055a83b,0.487512731717254
ck_93c0cb3dac4891fe,0.05432878386636789
ck_0c1f088e17e46daf,0.6611733550621308
ck_8f4b384955bf57c9,0.431452434304339
ck_09cd5c4df1e81ac2,0.9190262782644124
ck_1e832a5b2342554f,0.7779384803422286
ck_2cb763a881aee27f,0.11764106742717459
ck_5875828b11406398,0.351721328172744
ck_48e84b0cb0b90fa7,0.7685068242004481
ck_833688de8629c5c0,0.04110816866979018
ck_117d78ccd5820f36,0.38543491546139746
ck_668ec61c4c39cae3,0.27859034426563456
ck_73a7794b659d7a34,0.12393562843756366
ck_10f90d879209734f,0.42397636993277654
ck_d1d079913aa158bf,0.21476879201466692
ck_01c631b38e8a9535,0.41218170706864943
ck_f6923088c17a04e2,0.9335913628030148
ck_b447badc9138987d,0.3618455897331432
ck_8b772caed8f1541c,0.01641882257078835
ck_5403c76fe68a08ba,0.9287023833774699
ck_3e6833574edf1736,0.8738643308209412
ck_e527fbb9450a4581,0.9686494194336933
ck_cc90e219f1ebf390,0.05379914442860053
