cookie_id,score
ck_315fb710a0e371e7,0.06147891627622734
ck_a76ee3b3e3e522fd,0.8192096149928703
ck_94c9a4d382689e82,0.5676308820533714
ck_8eaf9509ad9462a0,0.2845997148095335
ck_9a88a5a989cb5bc6,0.45557139947036057
ck_15239ef0689c1a35,0.7455897331432064
ck_8de69cd219d3b87f,0.9278264412303932
ck_f92cd37022b0ce21,0.611876145854553
ck_1a3ff7620580a514,0.30452230596862906
ck_397c03aa33a57310,0.8612140965573436
ck_a7cf6c3b322f6b7a,0.23126909757588104
ck_c39a9e75760e3201,0.20511305764921572
ck_88ab6d245228c38e,0.14587492360969648
ck_17733f75ebdea93e,0.15017315135465473
ck_58eb871e8d7bed52,0.5627419026278264
ck_e55b7fa67db1ec27,0.2754532491342432
ck_62f5cfe22c952694,0.28510898349969443
ck_7fbb709a0fe95759,0.4151762069667957
ck_87abe9cd066a20fb,0.645060093705439
ck_d58e058b5c553dd5,0.4682012629863516
ck_d27b872648b71202,0.2829700550010185
ck_4b4a3c5b95c55b43,0.07832552454675087
ck_66dd4f4b4127256d,0.4259115909553881
ck_93cc12703b500613,0.7431859849256468
ck_d28806a2179092eb,0.9895905479731106
ck_0595c2a0c7881e05,0.3357506620492972
ck_50087d8666191144,0.7949276838459971
ck_b08b3f089138c901,0.44666938276634754
ck_fe3b67041dad2dd1,0.07598288857201059
ck_8449a28f7d475d93,0.6342228559788144
ck_8642e3b6d84f49d3,0.5203300061112243
ck_e49b5e4f2f2e79db,0.9467508657567733
ck_437afe412ea4259c,0.8203911183540435
ck_569b83668d74042d,0.8444693420248522
ck_233a487d31c3e631,0.9974943980444082
ck_1fca72e03143a645,0.9724994907313098
ck_79205e31223df2ad,0.7925035648808312
ck_9625a64406ea16e3,0.19727031982073745
ck_079bd18dacb704a8,0.9126298635159911
ck_4db6d4fd2b49aa81,0.5011000203707476
ck_0dbefdac0a1868fb,0.1939702587084946
ck_24ff97ad90bdd69a,0.812955795477694
ck_77f8c5042065d506,0.2909757588103483
ck_f11be8ce05382cec,0.9188633122835608
ck_c9d72140b0389216,0.8045630474638419
ck_69eda24e931fb36a,0.10162965980851496
ck_ed471e496916ee15,0.3491342432267264
ck_ff090498c4b17ac3,0.27579955184355265
ck_c3c19d6a0720915c,0.311183540435934
ck_af02e1817cfa40b5,0.7478508861275208
ck_2df5a9fc87553eb1,0.23029130169077205
ck_4ac918e884cff336,0.5717865145650844
ck_ca149244b54ef3ad,0.05127317172540232
ck_6babe5b8674ff51f,0.4045426767162355
ck_1573878386886290,0.32572825422693014
ck_3925f8565abb7fe4,0.34176003259319615
ck_c4de808ae69c771f,0.009390914646567529
ck_a777c813551281fe,0.4495620289264616
ck_df4424f6dd85080d,0.824139335913628
ck_85e5494ec20383ae,0.6501527806070483
ck_f71a4094e889c3af,0.16469749439804443
ck_f2f3cf9cd23b2809,0.7129354247300876
ck_18e2076397bcc211,0.7173558769606845
ck_c9f9fddef39bc664,0.714442860052964
ck_7e826e233d6ea028,0.13996740680382969
ck_62fd7eb46bee9210,0.380382970055001
ck_206f8e3cd72768f3,0.7327154206559381
ck_aa295a11b0a6ab36,0.3629456101038908
ck_9a56739d81f84a53,0.3191281320024445
ck_aa075c418ed9fe5a,0.6523120798533306
ck_62b9fb3db284941b,0.5082297820330006
ck_f4f83b1403ebea46,0.599857404766755
ck_16b66bd803288bc3,0.9304950091668364
ck_c4ca1434f3778f1d,0.9948869423507842
ck_1b823610371a29c0,0.2255041760032593
ck_c2bd5a722aa637d9,0.18714605826033817
ck_7890208951df34f0,0.632430230189448
ck_020eb0e454524ecd,0.16697901812996538
ck_3b66196ccf436c35,0.4424118965166022
ck_109fc467ec0a4af5,0.8568140150743532
ck_f3dcd818db92de7b,0.40099816663271537
ck_31e7742f160980ef,0.5476879201466693
ck_77fce5f86f00b8f4,0.9257486249745365
ck_46bc797b4d07d607,0.12460786310857609
ck_37899b1b571b1c6b,0.45856589936850684
ck_ef8a6af43fedd464,0.09284986759014055
ck_bcc8519fe8521038,0.6720309635363617
ck_90696b7182dd9129,0.4556936239559992
ck_4a24ad61d017e1ba,0.6326135669179058
ck_0acc3d8c67218b9d,0.08555713994703606
ck_05c97fc9de11aba6,0.9108779792218374
ck_f8ac3a0500c0ec62,0.3488694235078428
ck_617b65141f546a1c,0.2992462823385618
ck_9d00823bf60388d7,0.5796496231411693
ck_123c15d93f1840f2,0.8983907109390914
ck_573feefba6bf78bb,0.8451415766958648
ck_b25657bd16739036,0.3569769810552047
ck_bd26d2bef14a8597,0.33346913831737623
ck_a553418f2fba1440,0.3556528824607863
ck_89f3e380b0686963,0.12974129150539823
ck_b359192aa659bdce,0.287512731717254
ck_02241f3dc301bebf,0.3556936239559992
ck_5ccc1a1c78cb33ee,0.8045834182114484
ck_349cc5edda1b8853,0.6210429822774496
ck_e9f228845bf6e28b,0.7699531472805052
ck_0a45d033d4e280ea,0.6426563454878794
ck_7e63168dda612235,0.08902016704013038
ck_676fa5f6aae5475b,0.39934813607659403
ck_74b502b20690ccfe,0.617987370136484
ck_073509af21dd7f5f,0.9421470767977185
ck_498a0acd450944d8,0.13676919942961907
ck_7f15b50b29dead01,0.8559788144224892
ck_8089fe7403c5f537,0.6525768995722143
ck_05b2b04e11d9ae9c,0.7153595436952536
ck_31e70f2f04b48b88,0.14646567529028315
ck_994316fa5a02b319,0.09614992870238337
ck_b76510998b9a2260,0.3507231615400286
ck_4db95c310e105d30,0.21613363210429823
ck_6f730b77dc6cdb84,0.2292320228152373
ck_2493ee8e7b91d304,0.5943980444082297
ck_92d679d6ac7dcdcb,0.8848237930332044
ck_3a0e0200cbb185cb,0.6187818292931351
ck_0b2eeb4e00ff7955,0.7146873090242412
ck_9843d0e61c37ebe8,0.993705438989611
ck_e61c8721e3ef1921,0.23326543084131188
ck_2e0eedaaf2980c2c,0.2935017315135465
ck_9036b2e5e9298a34,0.09003870442045223
ck_3265442528d51728,0.5555306579751477
ck_f2ddae2eb1cb29b4,0.4266041963740069
ck_6cfa71d27fc27f92,0.44642493379507026
ck_f3199fbe84a28b9a,0.573721735587696
ck_b78d785ca3ef773a,0.21375025463434505
ck_374865697f1480eb,0.5401507435322876
ck_06d0e4a9189302a9,0.43483397840700755
ck_9c9884b9bcaa552e,0.8588918313302097
ck_fd4cf578e87703ff,0.6393359136280302
ck_1917ef3e6e345549,0.84408229782033
ck_e70418b00cbbbac9,0.7499898146261968
ck_a60388296a47062c,0.6725402322265227
ck_d598fe8d2c779ab9,0.5901405581584844
ck_646dc03de4c31803,0.9539009981666327
ck_e4fd8cbd842b6993,0.7595844367488287
ck_2225b555aa2a42ed,0.5140558158484416
ck_6be8ae9d78148882,0.4032796903646364
ck_4199342d3aca74e8,0.8466082705235283
ck_779581adb573261f,0.6753717661438174
ck_bb303568b6915205,0.7122020778162559
ck_17c4296276448afe,0.27634956202892647
ck_a60a61ac829252a0,0.23856182521898553
ck_6ea70950c1cae00b,0.9535139539621105
ck_1abb93f6924645e1,0.462395599918517
ck_faab769cce19879a,0.6660419637400693
ck_d5b8e74e7ca6355a,0.4961091872071705
ck_f11f7691af16ad07,0.19953147280505193
ck_188fdf2be7c92e9d,0.996924017111428
ck_4a103f8254b366f7,0.5415359543695254
ck_bfa17a0b1760e616,0.06950499083316358
ck_a4d7f6a5869d440a,0.9732124668975352
ck_58e20f5a3e7f11b8,0.9752902831533916
ck_4becdd3d2696c7ba,0.3258912202077816
ck_dad5cf32ab9f243f,0.4414544713790996
ck_7d9f73dc7c4f90c3,0.8986759014055816
ck_c19371047a2d011d,0.09205540843348951
ck_247589ff532f7aa8,0.20949276838459974
ck_7a9f241d5f082567,0.07677734772866164
ck_0a2b7078736b4dda,0.30028519046649016
ck_687b412e2aac7eb6,0.5825830107964962
ck_fce0b6855886a0b8,0.3149521287431249
ck_e291cc60920456d0,0.8194948054593603
ck_04219a7ea798db51,0.7279894072112447
ck_286bfd719836e9f3,0.8507231615400286
ck_55efc92394fee232,0.39093501731513547
ck_e36c8da1bd359960,0.6441637808107558
ck_34b0988a97d96902,0.3240171114279894
ck_e0fb11fc9dcb34e6,0.3041148910165003
ck_bcc9cbc9ed8b7c31,0.39492768384599714
ck_3df8da6f60a89a5b,0.5998574047667549
ck_b1495ee5c59a6b28,0.508433489509065
ck_58f4c3ac61fda129,0.8255449174984721
ck_735f244b99e3aa8d,0.538398859238134
ck_6b93bd8abf87b1d6,0.9721531880220005
ck_12107dacc6d05bd1,0.05544917498472194
ck_f96db2a1f3448d1f,0.6545936035852515
ck_8fd91a3c99e19097,0.6583010796496231
ck_910205d25388a0ae,0.055734365451212055
ck_d229dfa0e4442628,0.037584029333876556
ck_7cdec61e1c488798,0.7077408840904461
ck_f66f06e24ff32671,0.7294561010389081
ck_350bf14e90b503f5,0.3828274597677735
ck_61fff5fdaadd394b,0.18771643919331843
ck_e934f984bad2ff91,0.9494194336932166
ck_ff6a6d3547dd2d37,0.5892035037685883
ck_65ad9b15979e3247,0.30835200651863925
ck_bbe1a2ea5a403ad8,0.8976166225300468
ck_6f3a28eecd2c4031,0.6133020981870034
ck_a89b66665714058f,0.2592177632919128
ck_918c92182b6817cd,0.44870645752699123
ck_64f5eb4be9e7b8fa,0.8472193929517213
ck_d021fd497ea35fb2,0.489142391525769
ck_004de16f7d8a42ae,0.5682420044815645
ck_a33d2325f86ab12d,0.15887146058260337
ck_89790ff26c844bc6,0.26742717457730697
ck_e6e7257377c37b28,0.8715420655938073
ck_a2cc3910a641a808,0.9355062130780198
ck_646e270e0195bf05,0.5087797922183744
ck_baba5d66def0d770,0.9104501935221022
ck_67cdcdda3033842d,0.8874516194744346
ck_b5c3075c811a2216,0.6406600122224486
ck_515379973a8044b8,0.4032796903646364
ck_c0ce85fb4109567d,0.7348747199022204
ck_fef850553862aaca,0.30462415970666123
ck_55d7217b0aff9fa2,0.280708902016704
ck_8e139f8925ef7968,0.5065390099816663
ck_9e35b908fca1e4d7,0.29502953758402933
ck_59735f4ab2ad3da5,0.578794051741699
ck_dc569c1167ccec0d,0.9383581177429212
ck_1dade5592f90a15c,0.5839071093909146
ck_793048d11fb8b328,0.8339376655123243
ck_545b71eb4fa594b5,0.18127928294968426
ck_bd30853e9a57b544,0.6441434100631493
ck_59f46321ecf6d306,0.39435730291301696
ck_260cfe9141d249f1,0.8980647789773883
ck_3365a0ad1a8aa83c,0.19443878590344266
ck_b0ef193195a2138b,0.3397433285801589
ck_0f909705e2e60f2f,0.3081482990425749
ck_5a540b75c866166a,0.6357506620492973
ck_87c26b2f41025109,0.9858627011611326
ck_27acc9f320cda104,0.9233245060093704
ck_a27bc31eecd9cb9a,0.263047463841923
ck_115d86fabde77b65,0.032002444489712775
ck_eeca179341d56f8a,0.936015481768181
ck_8e5999c436cf037e,0.08590344265634549
ck_510e7c5df1f95d90,0.979445915665105
ck_f1acf73363925958,0.591892442452638
ck_3c177f5970b68bd3,0.39111835404359335
ck_9cdfaa1c30cc9d32,0.23452841719291095
ck_c8efa1538b37c359,0.3586066408637197
ck_a8a2e296f9804bd7,0.45669179058871456
ck_91a0ca45f429568d,0.47799959258504787
ck_5fdf8a0bdbd3ed62,0.5339784070075371
ck_0f4e2ec66d50da5f,0.3888775718068853
ck_28c53b214b2ee882,0.9099816663271543
ck_003148504557f720,0.743898961091872
ck_01d840cffb870615,0.939376655123243
ck_555848d51f4b5f35,0.7049500916683643
ck_df20cc23b8fb8e22,0.5745365654919536
ck_f9604adde929beff,0.20089631289468327
ck_d66952b03591bdec,0.3143613770625382
ck_ddcac1ab765ff61a,0.610674271745773
ck_347386629d96c664,0.43518028111631696
ck_ab01db9117acfe3d,0.42045223059686293
ck_58e5359efc52e0ad,0.07529028315339173
ck_1a524b5cc8da71b3,0.6873090242411896
ck_e9287b6d909d731f,0.16384192299857406
ck_bb41a66e3d90263b,0.8199633326543083
ck_e95c8cc1864bd584,0.5726217152169485
ck_7a3f2961e9a8b6dc,0.5661845589733143
ck_378a9df82b1e0bee,0.9080057038093298
ck_42633573639a3f02,0.9737828478305154
ck_2a5a4c18c2c7274b,0.509594622122632
ck_77549c1a41f837c3,0.5846608270523528
ck_a26704b5b26258b7,0.28225707883479323
ck_9874ad160efddf50,0.2877164391933184
ck_9111e3a04b14dfba,0.694499898146262
ck_651e076ee43aea85,0.69645548991648
ck_391639c0f13932f3,0.031207985333061725
ck_02dbabda93c8c13d,0.5147789773884701
ck_0adcb1fffcb0a34b,0.5602770421674474
ck_7a43ef9c7b1c67b5,0.08347932369117947
ck_4b9dd69946438d0b,0.3069056834385822
ck_90bf017cdd37b66e,0.7432674679160725
ck_61c74163eb36556e,0.33106539009981667
ck_13376c59b5bd6943,0.12860052963943777
ck_62337eccb1672737,0.2394173966184559
ck_16077934338472bf,0.18484416378081078
ck_0d4dfd93086e7330,0.4563047463841923
ck_3865b7525b910893,0.5237726624567122
ck_7e2ae8b69ebd5675,0.32116520676308824
ck_b4384b6c11766ce7,0.2905479731106132
ck_3d7fa32dfb9fc692,0.7918924424526379
ck_f4a6a7cadd6e0603,0.8018537380321857
ck_212525e2828a6c45,0.6038500712976167
ck_33ad8d53394ba77a,0.8861071501324098
ck_a5051eafe8b51224,0.3629863515991037
ck_f65e5ff7da565f91,0.6599511102057446
ck_5c37f7563fa7591d,0.30814829904257485
ck_f1e0a006068aff29,0.4277856997351803
ck_c646cdead6fb79d0,0.2884090446119373
ck_f8b3cdffef535330,0.8664697494398045
ck_e5cdbe3aa12c97f6,0.292870238337747
ck_986e4e61440506d0,0.6962517824404155
ck_6da9c5912e15d9a8,0.163699327765329
ck_51d842e6dae74c71,0.3036259930739458
ck_5fc65c24e0736d5d,0.9601751884294154
ck_babb95a76c69509d,0.6597474027296801
ck_86a2d852a9715432,0.5183133020981869
ck_db4083a0d043def8,0.9131187614585456
ck_96953b8945b7d403,0.5505398248115707
ck_7831ca5c31fb3859,0.8964962314116929
ck_60ac5e5f375daa38,0.1112446526787533
ck_05d44eb1f5f085ce,0.486066408637197
ck_432cc19c7eeaa46e,0.4647178651456509
ck_7fc513033af061af,0.8748013852108372
ck_ada6ede84c111719,0.772092075779181
ck_6343e0d3b1c2962b,0.6324913424322672
ck_010264ae04f2e902,0.9182114483601549
ck_e9dcf535f8c289eb,0.830943165614178
ck_37143d9cc296e6fa,0.4861071501324099
ck_61fa051192f3e810,0.5925646771236505
ck_f9f93d1d41be1468,0.9578121817070687
ck_c4f4f28457be8a74,0.1939091464656753
ck_323a71f9452d21cb,0.9278264412303932
ck_170f4688e0acd875,0.8549806477897738
ck_869b1878d09d230d,0.94585455286209
ck_2f6b33bf46976229,0.5789977592177633
ck_b11e22e75d9b99de,0.27512731717254024
ck_123d75ffb75b606d,0.2792829496842534
ck_94295287a04c85d2,0.906335302505602
ck_1b0434f096795328,0.3527602363006722
ck_0a4e191cd0a57ce1,0.1434100631493176
ck_d2fbd0df99634676,0.4143002648197189
ck_d51df5e9fbbbcc94,0.6555306579751476
ck_2d3d7d64a6f443f8,0.45151762069667956
ck_731943c682c9394e,0.5958443674882868
ck_5ccc0c94e5e1f849,0.6720309635363618
ck_c3476080516db25d,0.4619474434711754
ck_5010ffb1c94187b5,0.07188836830311672
ck_7ef666d67bc70223,0.29411285394173964
ck_c1b493527224a27a,0.04624159706661234
ck_5d1e25d7acc5af9a,0.611183540435934
ck_ec30b61cbf517db8,0.25172132817274395
ck_79323eb5d2e5efae,0.17278468119779997
ck_4085cd3bf2661518,0.43332654308413115
ck_2ca91214c357c072,0.889468323487472
ck_7f3132d6be389657,0.8343043389692402
ck_e7a6b925c8f39a85,0.8690975758810348
ck_c886adec7bac250a,0.5096761051130576
ck_c3f360c2d0ea0a37,0.3627011611326135
ck_a7acd5b015823793,0.6154817681808923
ck_9d64187c0800f84e,0.45661030759828886
ck_5d4ed73b9efd7d11,0.40987981258912204
ck_874eca6776b34dec,0.36115298431452436
ck_96a9221a87be93c3,0.6650234263597474
ck_68dd79a51eabf5e6,0.7900590751680586
ck_8311cb6755b2016c,0.21739661845589733
ck_16fc77b2bcf5ec03,0.976838459971481
ck_ad9e2088a33c8c72,0.013078019963332653
ck_7176bbc97b1e42a1,0.05789366469749441
ck_80dfa54b30f65fff,0.9540639641474842
ck_31c54d540b128843,0.6718883683031167
ck_43ea894480567274,0.7403951925035649
ck_9c9e8a38bd5a6c88,0.4977999592585048
ck_1c2dcae19539e148,0.8162762273375432
ck_b0fa8b84e94d8ae0,0.43709513139132206
ck_4ceb43ccd0a81c2f,0.3437971073538399
ck_ba845332b730b596,0.0451212059482583
ck_73d3e8c6077f61e6,0.8837441434100632
ck_b5d0d223ef56473f,0.5804440822978203
ck_949f08f8e80e93ea,0.08773680994092484
ck_73de0b49709e5f8c,0.2752291709105724
ck_b5935e9722a39819,0.7191281320024445
ck_96247fee0eb44420,0.36565491953554696
ck_a6def1e4b2d57e0d,0.6206966795681402
ck_aecdc5a96321a2d8,0.5505194540639642
ck_bc61c59970f8de49,0.5218578121817071
ck_c43b4175fc9ac5bd,0.9537584029333877
ck_8ff7a9b23a55fd62,0.2647382358932573
ck_20c99b645f462449,0.19064982684864534
ck_a5ce2ae36fb410d9,0.07797922183744144
ck_96fb9bf556842bbc,0.4900183336728458
ck_b5e4c6dbbed1b773,0.5906294561010389
ck_2085433978e72ea9,0.852515787329395
ck_2c6b174b063ec637,0.4703809329802404
ck_b20b81b88dabe28d,0.17129761662253004
ck_243c18dbf150831c,0.12094112853941741
ck_2bb6a17e8eee35cc,0.6580770014259523
ck_66147fb994495396,0.8868201262986352
ck_73f124f075ede0fc,0.4133632104298227
ck_2e315f1b1e533dab,0.12491342432267263
ck_16c7bf94ed3e7a6f,0.0051537991444286
ck_4a0eae220a762ac5,0.4619474434711754
ck_dc16f939c2f44ad8,0.8008555713994703
ck_817926b449754917,0.4378081075575474
ck_0c0dde42ab64ef87,0.5025056019555918
ck_cb3a40594da6a2ee,0.6843960073334691
ck_d0dc156441fcfdcb,0.6490731309839071
ck_66f0945add423e9e,0.42297820330006114
ck_a74f6a3030f5d495,0.6047871256875128
ck_1ae460f331e49ae2,0.6160521491138725
ck_2d177b2f4f0b40c9,0.9241393359136281
ck_92e474e4368c4791,0.5099205540843349
ck_3dee83fa2d109484,0.0525768995722143
ck_80e5ea27848069fe,0.24182114483601547
ck_ed0c4a83701ca230,0.5578121817070686
ck_0b8b7c5c581fd161,0.23945813811366876
ck_60bf8a2870956fb1,0.40088612752088004
ck_73a54b56a2bf35fe,0.9719698512935424
ck_2296d7a563424883,0.3350376858830719
ck_bc19c383560c7477,0.5208596455489917
ck_861d8e3d88f1079e,0.8817274393970258
ck_3f090fc96c24eb28,0.1986351599103687
ck_9a6a1f8102febfca,0.6259930739458137
ck_541b6ad5d2fa5a39,0.2017518842941536
ck_a760d38d1bc4de97,0.08384599714809533
ck_7dca4d7ee10b4eeb,0.22745976777347732
ck_15220e78d1545e40,0.5985536769199429
ck_ca24bb0de508efb0,0.37634956202892644
ck_56b389627d8f02c5,0.9823793033204318
ck_48a6754977a44db0,0.11342432267264209
ck_333a43ec339a04cb,0.8012222448563863
ck_f22aacaf86a65d7e,0.5771236504379711
ck_04bd8a1ffaf3ffd8,0.06459564066001222
ck_2737a72de6b700f3,0.8240374821755958
ck_c35e03b0dd0c3454,0.3339376655123243
ck_e0571312f395cd94,0.6281116316968833
ck_09fab6b9825001b2,0.28209411285394176
ck_18c3a095606209e8,0.610205744550825
ck_2a97db9377d01e36,0.21808922387451618
ck_f29dbbfdd2786bd1,0.4564473416174374
ck_35d6c510ad29362e,0.8902220411489101
ck_5468fa99c945d785,0.4901812996536973
ck_6f8102f62c876cc9,0.8026481971888368
ck_91955aab3424ad16,0.37535139539621104
ck_9a43c0c73a39d759,0.5287838663678956
ck_60b023af6d1e30bf,0.9496435119168873
ck_9704c5cf8659cedc,0.5318191077612549
ck_7e5f02b51b9f78bf,0.8017926257893664
ck_7d3a88d1aa649708,0.9661845589733142
ck_8250eddc1ecb07a0,0.8328580158891832
ck_d979ef95ee44023d,0.4114687309024241
ck_5e5461dac83531ac,0.4776125483805255
ck_d1bb8890081e0a31,0.24605826033815442
ck_32246c62640648d9,0.2005296394377674
ck_77a40c7d2f862a32,0.7073334691383174
ck_1c8b94efe9238f5b,0.37861071501324095
ck_eaf3b6d11bc3cb11,0.10136484008963129
ck_a4a7ef3ad799c380,0.5248523120798533
ck_d5bd8f68da073cd8,0.836484008963129
ck_6e6258227fc8db7f,0.2022407822367081
ck_c35d444e05799db6,0.5387451619474435
ck_74665e1209140ae8,0.5808922387451619
ck_353a272478f7e903,0.31415766958647384
ck_a2c9796ea229a4e2,0.22701161132613568
ck_e0171f91cb3411fe,0.5685068242004481
ck_703499f5410280f7,0.17777551436137706
ck_ae3a763997f8f385,0.5985333061723366
ck_f7ff94c3df5ac874,0.4696883275616215
ck_f3c16d8f747db046,0.8152169484620085
ck_7ef019ed77276496,0.10446119372580975
ck_d6a4faadab58a3de,0.6277245874923609
ck_ba7b78d31d74c794,0.38755347321246686
ck_36287d063350ce9d,0.7272356895498064
ck_5177fc7137ff26ce,0.09252393562843755
ck_dfd4e79aaa967b63,0.3837237726624567
ck_fb44d15fb93a7157,0.6608066816052149
ck_fca478361870a4ca,0.6583418211448361
ck_e57b94fe57341058,0.5382766347524954
ck_5448c946cc4758fe,0.4454267671623549
ck_c5ece5ffb8800ad4,0.36288449786107146
ck_11cb98211b2ed134,0.9765328987573842
ck_f655399ac75c4450,0.331269097575881
ck_c817259019588d30,0.5742717457730698
ck_8740a14d8096c6e1,0.5410266856793644
ck_0c5ba86f4e05b38d,0.3504379710735384
ck_ccc917533d4b73d4,0.4449174984721939
ck_9eb80edfa43203de,0.6535343247097168
ck_d1a1cf4cf61d6801,0.5038297005500102
ck_b17c239f160e6017,0.2144836015481768
ck_410c3e13b48e0415,0.21501324098594418
ck_ab553954435e8854,0.9620085557139948
ck_bdbb4230c91e1604,0.503401914850275
ck_8fd4937eadd64fb6,0.17078834793236913
ck_e0e90b196bef3c11,0.20825015278060705
ck_3dc4d464386f0eb2,0.9174781014463231
ck_51bbbf8f8e8ad005,0.9990629456101039
ck_c05737ab74cf03c6,0.8112039111835404
ck_dceabbe04d99afc2,0.26209003870442044
ck_5b86fd14e85bc9c7,0.9632511713179872
ck_d4febf0083800424,0.5102261152984314
ck_77d9f86dcf251739,0.8109390914646567
ck_b4dcebc543deaafb,0.7013852108372378
ck_cb856e75c949b0cc,0.005418618863312283
ck_61b067de8ffc1ca1,0.7965777144021186
ck_c0e8560ccfd9dd9d,0.2509676105113058
ck_173e1198c341087b,0.23837848849052756
ck_b4d55bc809000276,0.709268690160929
ck_839bf139296b5cea,0.61212059482583
ck_78cd402a2a4f2e35,0.06775310653900998
ck_c2925c50ebacbdba,0.17726624567121613
ck_5e3bc76eddbdb0a6,0.20417600325931964
ck_b7793edca26fc512,0.5001018537380322
ck_d79bdf04d6f31cd5,0.18083112650234262
ck_4b97d19ed946f503,0.648278671827256
ck_37139b41c5370523,0.8109187207170503
ck_8c346eeefa9ce692,0.581320024444897
ck_2ab7eddee2d8c49e,0.14585455286209004
ck_29da59ea3bffb9d8,0.9248523120798533
ck_c1d05ef0ec6e4be7,0.32544306376044
ck_3882423b449f6291,0.9788144224893054
ck_5647030283171ed5,0.9593603585251578
ck_efbdcd9c181e72ca,0.3516398451823182
ck_192fdad892782daf,0.8839885923813404
ck_0bf2e13b9f2601ac,0.7737013648400897
ck_3d6046a533057795,0.21106131595029534
ck_279a1d3a3836e5cc,0.7542269301283357
ck_c375e929becde422,0.26752902831533915
ck_a59e90219939a1f0,0.22701161132613565
ck_4e9fba1ec54c3ff8,0.3953147280505195
ck_bcbd8588a13f5eef,0.060297412915053986
ck_5f9a7ff990341bdd,0.2097983295986963
ck_e0403d507519b7d2,0.2687105316765125
ck_c9490cb61aff5112,0.47400692605418615
ck_41dd44308e6a665a,0.9116724383784884
ck_76c23726cd7ca947,0.1891831330209819
ck_9be551300209fa83,0.3623141169280913
ck_a98848eec6c9581e,0.6904868608677939
ck_61176dafb33b2d8a,0.9488490527602365
ck_92de019e05971ce3,0.81686697901813
ck_5d644224135d7c65,0.1906701975962518
ck_c767fc454fa215d0,0.13100427785699736
ck_5df85a8924e11f27,0.6418007740884091
ck_da2729307af06ed5,0.6052556528824609
ck_7c6b577174af7a78,0.3496842534121002
ck_893b8afbe11301e1,0.21906701975962517
ck_e06f6fed020ae014,0.3595029537584029
ck_386680372fb54857,0.3361580770014259
ck_7a7f3c4fe0c9d2ca,0.3416785496027704
ck_f908b527c4db422d,0.7872071705031575
ck_ec2eee6a133e9a6f,0.7438582195966592
ck_d98934f9fe0b02b3,0.4160317783662661
ck_398a1ed77b0130e5,0.4265023426359747
ck_d960af7a55b892b1,0.3649826848645345
ck_4637e54a9f79e2e7,0.0693012833570992
ck_02b9f418524f6650,0.412303931554288
ck_d4b23804cebb045d,0.4263597474027297
ck_35b1939c48182a9a,0.4116113261356692
ck_2dcbb71e39d64305,0.5838867386433082
ck_47a884dec960ff2d,0.5697086983092279
ck_71fd8c346fde5cca,0.8610307598288857
ck_98e1992ac8e7d2de,0.6767977184762681
ck_ae7780327e210522,0.3760440008148299
ck_e6c584b4b1ad6d9d,0.3591770217966999
ck_344b2e326a6c3dcc,0.1174984721939295
ck_9aa899a5230b0963,0.6780199633326544
ck_e48d14d5b70ef5aa,0.5251578732939499
ck_59d380a0973b3951,0.29539621104094516
ck_11318f7c041a5ba9,0.20818904053778775
ck_7061786fe2f22f5a,0.7941739661845589
ck_e77529651c416cf7,0.5856386229374618
ck_7f79878197340435,0.3326339376655123
ck_b0a0fb0ee9ebf106,0.3511916887349766
ck_70c7679199776a90,0.45978814422489306
ck_b9facd2210daca5c,0.8822978203300061
ck_9949f53c155b8dde,0.48368303116724387
ck_1c607e24f2c4397a,0.66272153188022
ck_aefd1ce3ce093cbd,0.2943573029130169
ck_5a29b7018e43280c,0.1331024648604604
ck_69eb0b2ccfbe5f95,0.782664493786922
ck_fe037765aa465c58,0.3757791810959462
ck_5e512ef5362a3dd6,0.3886942350784274
ck_544a9e80b7fdc279,0.2692198003666734
ck_7825494e654d5695,0.41116316968832756
ck_f1f2c3c623553f0d,0.05716031778366266
ck_52730906e5b461eb,0.9504583418211447
ck_01e0689157fe9617,0.7562028926461601
ck_9da82e567074da9d,0.2281320024444897
ck_6a17384072f904c0,0.6482583010796497
ck_8d84d771a21942a7,0.09631289468323487
ck_39638880292782a7,0.3029741291505398
ck_7d51c86e0eec72ac,0.5379914442860053
ck_45f4c821c70d134f,0.938541454471379
ck_0af3c13ba56ce57c,0.12935424730087594
ck_0789a05e061b2784,0.9355062130780201
ck_6ba091eb42ffa9fb,0.8135465471582808
ck_265accb3c5c32620,0.8434508046445305
ck_179039559ff7566c,0.6598187003463026
ck_17c0a6a92b5765cf,0.5343450804644531
ck_59371c9140239fd7,0.4272968017926258
ck_f9c4f8b4ce2691f0,0.4580973721735587
ck_a2637e4872cf4811,0.9012833570992054
ck_1de43fd6c6c22a5f,0.8935424730087593
ck_6e4f31bd108571f0,0.3543491546139743
ck_da06d97db0b18851,0.3801181503361173
ck_e0346d5081e640e8,0.7024648604603789
ck_c1c7d4e62c9fcded,0.7916887349765737
ck_2595669e421299f6,0.6875331024648604
ck_3b6057d51fd4c7d6,0.5954980647789774
ck_c5f8ab515840a0fe,0.46714198411081687
ck_435cb24538c6f77c,0.685740476675494
ck_d84b5403da4cea7b,0.5909553880627418
ck_c2b61a98d1c8f6dd,0.9413729883886739
ck_c9dcd92b2f836b61,0.8766958647382359
ck_9eb5b3f5f672c2b1,0.1628641271134651
ck_e4cf189a8d31649a,0.174139335913628
ck_6b114f2a48152b96,0.1083316357710328
ck_3fb95862b70f505c,0.6785699735180282
ck_7f780f465c29398e,0.35430841311876143
ck_ee387f9da79e67ea,0.7946221226319006
ck_fa3b1e85d27af2ee,0.6866367895701773
ck_e739eaaa7a1822f2,0.6639234059889998
ck_dfa0ac11fcb1dabd,0.3254023222652271
ck_6e8751b571ea54d1,0.5640660012222448
ck_2d695f8358383092,0.5425341210022407
ck_e7dce27edb700f27,0.3814626196781422
ck_e322da8b213eab52,0.12020778162558567
ck_d0b32e039abb8200,0.4984314524343043
ck_b354003302b272ca,0.45628437563658586
ck_f7485cba392bc294,0.8974740272968018
ck_d6a290ff8362c7b9,0.8511916887349766
ck_c56a44fe315c0389,0.37612548380525557
ck_f77dfe6512eae322,0.6166632715420657
ck_35fe969c58b9e70b,0.8395599918517009
ck_4c518637db2322d5,0.8514565084538601
ck_cb61902798ecc4fd,0.7885720105927887
ck_56e6cfa32156a916,0.1740171114279894
ck_343e6ed2b9d35c01,0.18834793236911793
ck_51440f64f7250ad7,0.8281320024444897
ck_295bca29c34cfe2e,0.6962110409452027
ck_dd30558576b45e7b,0.2903238948869423
ck_3a30132a57181fe3,0.6758606640863719
ck_4a733aeb833406f4,0.4202077816255857
ck_1b0b7c3d35ab1259,0.696414748421267
ck_962c3bbf27cd4b80,0.774923609696476
ck_9528e1d6b1707870,0.458484416378081
ck_b3263e7f31aab45f,0.7134243226726421
ck_e69195a3c885053d,0.08932572825422694
ck_a907fa8795cd4baf,0.33562843756365857
ck_205c3405045bd835,0.5090038704420452
ck_e81fc223bed3c46a,0.6672234671012427
ck_363751deae40edfb,0.8632919128132002
ck_6176baea8cbebbb6,0.34752495416581786
ck_633e6579f5c74a5c,0.9448971277245874
ck_ddc11fc481eef58d,0.5476471786514565
ck_e975002c979e12c7,0.7319617029944998
ck_8e039b23acaaac00,0.6203096353636178
ck_1d6990d94a4d2ad6,0.22968017926257894
ck_e7b583acaa3171a2,0.8003666734569158
ck_c0133f60d39b2fb5,0.5808514972499491
ck_7d6bff85e7a694bc,0.38323487471990225
ck_d305b4d82f63f647,0.16176410674271743
ck_22bd0fc71f95e048,0.767284579344062
ck_9a65fcfc7916f93f,0.06031778366266042
ck_d61c837b0106085a,0.7199633326543085
ck_be86a1db08dea456,0.6068242004481564
ck_90489c405e6886d8,0.09637400692605419
ck_0add2c321d579d75,0.6680077408840904
ck_482dea6eed92cbbc,0.5966999388877572
ck_c24b47184534cc2c,0.9942554491749847
ck_fa04ac31e596e7d6,0.4578121817070687
ck_084322dc5a3a86f0,0.3501731513546547
ck_ccb72a33cc1877b7,0.406477897738847
ck_afaf374009d3b248,0.4549195355469546
ck_b53084ffede19a8e,0.22041148910165004
ck_4760216154c8cac2,0.9621715216948461
ck_37ad3a65db673e70,0.1321857812181707
ck_0c2932cc0d553694,0.5042371155021389
ck_86b853c52f20fef5,0.3237930332043186
ck_38703b7546d35a80,0.48368303116724387
ck_218b7e6e6dbd2da0,0.24047667549399063
ck_402db4184982fdf5,0.3630270930943166
ck_f917c82af80e4a79,0.8049500916683643
ck_3c6417a233c68c73,0.5148502750050926
ck_98068c397d70dd3a,0.5953962110409452
ck_b1cbd6679c0f8d95,0.23548584233041353
ck_9e962f9bb0e7bac2,0.34306376044000814
ck_b08247c3ad567d92,0.9193929517213282
ck_3ef7a03ebb81cfe3,0.14587492360969648
ck_5d7ae0e3562e99bf,0.8718883683031167
ck_c91a628236baf91b,0.7820737421063353
ck_7f8e816ca51755e3,0.9261967814218781
ck_5aadd286d188f5c3,0.332572825422693
ck_a037aff5f8128c73,0.20694642493379506
ck_5df6529ce8290906,0.5282745976777348
ck_5f3609511443e5a8,0.14805459360358525
ck_a6f61864fac3c8fb,0.29904257486249747
ck_2733fc6ba23ae46e,0.5732124668975351
ck_22bfb9246646eb41,0.964167854960277
ck_bfc2a57d8fd1610c,0.9356895498064779
ck_49839e761d0e74e9,0.34744347117539215
ck_aa4ba931dd37481d,0.1712772458749236
ck_2f9fa0d61829f815,0.6310653900998167
ck_5b82c774df10d49b,0.03784884905276024
ck_411219470d0a195c,0.524465267875331
ck_d07485ba10514a2d,0.9399062945610104
ck_219bef979ee21bdf,0.34013037278468117
ck_eb1006e7285184a6,0.6254838052556528
ck_fd242b18575e3063,0.8430230189447954
ck_95188150ff059c70,0.7667141984110817
ck_a9ca2f447b984a6a,0.5330617233652475
ck_2dd39723c4088b64,0.619942961906702
ck_aa2b4c662ff213b6,0.7789773884701569
ck_1867b1199c864db5,0.6699124057852923
ck_850ec97a5a0dab9a,0.8204114891016501
ck_562320295fa35875,0.08496638826644937
ck_bab5759b07fe2bea,0.14795273986555307
ck_b9f1465d803e57b2,0.7918720717050315
ck_8f21f2690c32c691,0.8528213485434916
ck_df87d6f61a63eb21,0.738724791199837
ck_770475876d0e7e6a,0.6176003259319617
ck_b4c014d5c0cc9eb2,0.2804440822978203
ck_3add4d23124c9290,0.1491749847219393
ck_bce5b7fecfb6264d,0.745711957628845
ck_604c17cb97dc89be,0.7649623141169279
ck_e52cbcd9aafd26b2,0.5135465471582807
ck_0ac9114076f5bf3d,0.377306987166429
ck_dcc125b178b79566,0.0867386433082094
ck_4e333c09f0c37dee,0.6371155021389285
ck_ff7e31ff8ba731e5,0.40702790792422083
ck_8d0532d24f1070d1,0.0382155225096761
ck_3689fa41748a6f6b,0.8814015074353229
ck_7509eb97c1948b16,0.23287838663678956
ck_a9161cf1ca22a6bf,0.47264208596455487
ck_bed3e3db135b782e,0.5221633733958035
ck_9040edd974ef8e3f,0.9426156039926665
ck_fac32d76ed40f683,0.35891220207781627
ck_3d7b1078e2d57c69,0.1496231411692809
ck_dae09c4e074af5dd,0.2352413933591363
ck_fd84507228467b40,0.8266856793644326
ck_e2a2ce9b8cf44c63,0.4323487471990222
ck_cbe716f351d660d4,0.336626604196374
ck_cba4162ef29a6d27,0.5280505194540639
ck_4f1e962ff8a29732,0.46636789570177223
ck_39a81899dded61e4,0.25848441637808106
ck_25382331551d22a5,0.6478305153799144
ck_6d64e1c07b19856e,0.749256467712365
ck_165a868bdef28ad3,0.740395192503565
ck_88774ae52e30e877,0.5908942758199225
ck_fc7a9d0643570053,0.05632511713179873
ck_c2017120b3b88a46,0.17262171521694847
ck_d115ac6b9fd62a7e,0.207781625585659
ck_439cf7d51ec7de0f,0.3168466082705235
ck_2468a7e9e68a0927,0.27223467101242615
ck_7c418947124dee8f,0.6944795273986556
ck_fb0cf32c4a56f740,0.44952128743124875
ck_694eb6c43193afd4,0.7113261356691791
ck_993beb188dd4abb6,0.7761254838052556
ck_77fa39d3b733c226,0.7701975962517824
ck_49969a9abc47cb69,0.6495823996740681
ck_d3f44bbe2f7e9b2d,0.26744754532491344
ck_fcf5b8216d0c18ef,0.18013852108372377
ck_daefe1e2d2bc362d,0.19103687105316766
ck_9c9287cb28950eb6,0.482012629863516
ck_c1d1a625b885a975,0.6185984925646771
ck_71b37fe47490b4ba,0.20529639437767366
ck_5d16e257c0635f7e,0.9261764106742718
ck_15918075563eb074,0.029354247300875942
ck_9a15fdefc47e8d11,0.6441434100631493
ck_6f04d047d1dde75e,0.06384192299857405
ck_1af2c0b3b8d202c1,0.41218170706864943
ck_174be2231c5fd2b6,0.18897942554491748
ck_bb0713a2a1d65982,0.6511102057445508
ck_0daec63bd5b0729d,0.4748421267060501
ck_c0b5cc3e8ad2ff44,0.7790588714605826
ck_35bee1fc12664644,0.8864127113465063
ck_a1c7cf63467df4c2,0.0918313302098187
ck_ecb1e15f0b185ceb,0.6947647178651456
ck_f280d31f54a4710a,0.6340395192503565
ck_30f4b2ee8abe1342,0.7139539621104094
ck_66bed631354de5b7,0.2103075982888572
ck_c2d3ecd7278eba2c,0.14866571603177836
ck_e901dec0e09eccbb,0.23190059075168062
ck_5d038ecb3c8748a3,0.19932776532898758
ck_283c5bea94b21e80,0.13909146465675293
ck_7956c251b85f009e,0.9342432267264209
ck_9f5f81d771146aa1,0.07150132409859443
ck_9323e6fc1e168eda,0.9549602770421675
ck_10495d3a635b8d69,0.5671419841108168
ck_1982d571cd36eb0c,0.46394377673660625
ck_4f5d7985bcc2eda4,0.16604196374006924
ck_7df526b2b4410bb4,0.7127113465064168
ck_dbb498b1a346a402,0.08979425544917499
ck_ef059997563e3330,0.5263393766551232
ck_02ec4e06709e6b82,0.26952536158077
ck_9782c86ba6485f88,0.29739254430637607
ck_d69de468b44143ca,0.3461193725809737
ck_6430a8792f400e0a,0.2070686494194337
ck_8285bd3c90af94f6,0.27476064371562436
ck_985c9ca112000e9a,0.518455897331432
ck_e679fbf4f4f4aa07,0.3443878590344266
ck_016e8c8eaf9d511b,0.7906090853534324
ck_bc996c523944644b,0.5932369117946629
ck_5b8315726f6204e0,0.5577918109594622
ck_78181f8e998e442f,0.34241189651660214
ck_71c68dfd011dbbbe,0.9517620696679568
ck_db32c95ce2b6f502,0.8855571399470361
ck_755010362a9b1bc4,0.19883886738643308
ck_114141d85256c9ff,0.14992870238337747
ck_9d1a5cf5a3b87e48,0.3534528417192911
ck_ab640420858ab5c4,0.8896924017111428
ck_97a8dac48dd62488,0.9241597066612344
ck_879cc3166fe1bada,0.12501527806070484
ck_b0ed11080076e381,0.16934202485231206
ck_7334a9ec656263b2,0.2420044815644734
ck_6494f0ef13ce44d9,0.286066408637197
ck_724e459b9ece38f4,0.8102057445508251
ck_7fd8b1470401695f,0.9530454267671624
ck_292f81186358b0fa,0.31203911183540434
ck_fa7de64d37287615,0.5498268486453453
ck_d00e09e66ed6458b,0.9025463434508046
ck_b8d210e741be186e,0.21515583621918927
ck_3db59982cbae4410,0.7273171725402323
ck_69887d0a9aaca6df,0.09488694235078428
ck_4feb21e2fb0b3977,0.4442860052963944
ck_08c6cc1e143475e3,0.5675901405581585
ck_fe6e168cdbb46b9a,0.8819515176206967
ck_07f1734be7fac56a,0.8141169280912609
ck_d66d59981307db93,0.7955999185170096
ck_f928dba0d587d7c1,0.06223263393766552
ck_786448fe3004cbd0,0.06241597066612345
ck_29ea329fa40ace62,0.4561417804033408
ck_7ea52b6f27edcb73,0.6768588307190875
ck_18bc51bbf3ef198e,0.6735587696068446
ck_44950df09ff14ded,0.4478305153799145
ck_c1466b52c0a10b93,0.56598085149725
ck_6cdac067cc4db5c5,0.7933795070279079
ck_53f55c6e8cf2d432,0.2769606844571196
ck_95945f48453ca532,0.7410674271745774
ck_87cce4126e215153,0.2937258097372174
ck_1ecd5516c92caa4f,0.1229170910572418
ck_819b482bca14c068,0.842778569973518
ck_a61a879dd46fc9f2,0.3360154817681809
ck_af70aa32c009c3c9,0.642819311468731
ck_f4fe78e249092ab1,0.5101650030556122
ck_12c46bc52bf45b36,0.506620492972092
ck_f05f5e4b40afa52f,0.7534528417192912
ck_0f8cb09d3f4fc980,0.8373192096149928
ck_80a64a7f0275a71d,0.5727235689549806
ck_683af7b1540a0b22,0.6738643308209411
ck_51fe0b613c076cbe,0.12267264208596455
ck_da1a2450219dcf19,0.7915665104909351
ck_2a7eba01ceba6c2c,0.8471379099612956
ck_4e329e29dfa743ea,0.9203300061112243
ck_0274d881d6db82c8,0.20107964962314118
ck_0af5b7d128035b35,0.5187003463027093
ck_ae0a7be6b0a0ea68,0.5950091668364229
ck_de5bb7a4d091386d,0.9057649215726218
ck_2bb7c17168a9d17d,0.7618863312283561
ck_0ffdff7b2f5fdfe4,0.5321654104705643
ck_718a8390b3d42d7d,0.4068649419433693
ck_7c4f12d70f184533,0.06581788551639844
ck_d3e2c26b8adff099,0.44738235893257283
ck_ac9d3d9754104cf0,0.035974740272968014
ck_3b1766a1d51f8f0e,0.9153188022000408
ck_a9bf75bea912027b,0.6029537584029334
ck_687eab3ffe1f8cfa,0.6713485434915462
ck_25dd0b02af5b2f37,0.8703605622326339
ck_1747fcc466f0ae38,0.018435526583825627
ck_f6e9d14dfb6f3c28,0.5989407211244653
ck_c6a7bbd0adc4d5f3,0.6946832348747198
ck_46656a23f4456d22,0.9467508657567734
ck_7519260415c2998e,0.5551436137706254
ck_754f30ea19df857c,0.7932980240374822
ck_ba88a244d5f7380f,0.4529232022815237
ck_f268416945316815,0.37534121002240783
ck_21860dd2159dff28,0.2258301079649623
ck_7a86ef4e2beaec38,0.1733550621307802
ck_0414507baeea936a,0.7190466490120188
ck_60796eb60fc3043e,0.0679771847626808
ck_1e0841ed17fe0562,0.6487675697698105
ck_0d641d32658d6e0f,0.3246689753513954
ck_b36086ae6d87eec1,0.23544510083520065
ck_962e65ab33b5c311,0.9769606844571197
ck_b046a42684468e63,0.4757995518435527
ck_ab3426435b0017d6,0.6823996740680383
ck_fcfe06e44d09a344,0.7270727235689549
ck_0f6d916c92189516,0.588490527602363
ck_d4c8f0d957c3965d,0.5550010185373803
ck_2ca83dbd728af019,0.26528824607863105
ck_2857a4ce9f72fbfa,0.06720309635363618
ck_a60e6edc48e3d0ac,0.936341413729884
ck_0cbd3b27063d4415,0.7983499694438787
ck_612089ec90c37219,0.5612955795477694
ck_ec4e597f17f473c6,0.46361784477490325
ck_1c93cc58f314bf71,0.46396414748421266
ck_2b359a979520276e,0.317518842941536
ck_1496568ddc3b2d56,0.376655123243023
ck_41d91dc9f5063566,0.5221226319005907
ck_4c5ff58afe3d7a67,0.10423711550213893
ck_81709736281fa3eb,0.066123446730495
ck_d89abbab3d4957aa,0.4364228967203096
ck_52453401f88935da,0.6198411081686698
ck_a477654d34783e06,0.09602770421674475
ck_72dd0dbdf808cb00,0.4430230189447953
ck_c183dff3781746cb,0.8369321654104706
ck_c8b7f241810b45e5,0.028132002444489712
ck_f88028c3f306bc70,0.7356895498064779
ck_91d48d69e4f5d9c2,0.3046445304542677
ck_b74b9ba6d7c9aab7,0.9143410063149318
ck_03e904682dc73bba,0.360623344876757
ck_fc6fed6ea96a004a,0.22354858423304136
ck_51efdd240e34c642,0.6159095538806274
ck_e78ab4ff52b5fd2d,0.32246893460990017
ck_4af7b97c24d89a45,0.6065390099816663
ck_295c0072eca7f7a2,0.5472397636993278
ck_8abd1a50a9227463,0.6551232430230189
ck_ecaa6f13304e3dc5,0.04400081482990426
ck_de436e7b319be1fa,0.9959869627215319
ck_c802cf8f61466027,0.6377673660623344
ck_3d83e0a3c1cfbf8b,0.5379303320431861
ck_28d2003c2d16e4b6,0.22845793440619272
ck_8ddaf745bbb9cd62,0.09264616011407618
ck_493b6256091014cd,0.6583214503972296
ck_a2245822cfea997d,0.41216133632104296
ck_f7305b3c64cf8a03,0.5026074556936239
ck_9937dad93a0ed3c1,0.3974943980444082
ck_d654449f9231ad76,0.46626604196374
ck_850e2b59bc535490,0.5899572214300265
ck_e55e5bdfc0242aef,0.5353025056019556
ck_d35c51e981b98c5c,0.3054389896109187
ck_27cdf9c5e6f0915b,0.5110613159502954
ck_d328db1e1052d820,0.4847626807903851
ck_0ea30eff5f361cba,0.1412711346506417
ck_9994323f97109f4b,0.9914442860052963
ck_09054e97bdf9624e,0.14171929109798329
ck_723b4afc388113c8,0.2689549806477898
ck_588f6e6a6a6d93e8,0.5258301079649623
ck_e1d563fab4d6116a,0.550234263597474
ck_53aca610e20598bc,0.6179058871460582
ck_c8131ddc7ed33448,0.3619474434711754
ck_899f88464305824a,0.5140354451008352
ck_1c17c65804f8889e,0.371806885312691
ck_45a16ce12893cf9b,0.614585455286209
ck_f9d481aa4f9b2808,0.9399674068038297
ck_1d5d74169cf892ef,0.5970258708494601
ck_aba32acb61c1aaca,0.7957017722550417
ck_ec4dd3675a8d28cc,0.4077612548380526
ck_5dcd443fe0bbdeac,0.3953554695457323
ck_3a47e3f54475e854,0.11849663882664492
ck_a9aa5c344c315532,0.550743532287635
ck_9652283c9f61fcec,0.12935424730087594
ck_752dd3d2487f78ea,0.34100631493175804
ck_a821980ac4db9943,0.9276431045019352
ck_93e0d6befb67f7a1,0.6802607455693624
ck_e7a3881c3e36bd51,0.9405988999796293
ck_12631b78f8a03df2,0.10305561214096558
ck_57b8226610b48854,0.28211448360154817
ck_352657008983fd4b,0.4052149113872479
ck_0841a5c24fd3dd28,0.6751476879201466
ck_db9b9d5d30f74070,0.8561621511509472
ck_a9dded7f6294e44f,0.6610715013240986
ck_91a16336ce3217dc,0.6370136484008964
ck_371bd9388b287677,0.0684253412100224
ck_f285e5e1912a7c62,0.0786718272560603
ck_368b65fca69fc415,0.8028519046649012
ck_d27a73596b6500c2,0.48417192910979834
ck_2d963f9b2c4d11e1,0.5157058464045631
ck_7c500e219af39486,0.8063760440008148
ck_7d025dea5951cba7,0.35438989610918714
ck_32f632706608859e,0.4874312487268283
ck_53816231f3ffb48d,0.40501120391118356
ck_9dbe184e81c1ca8d,0.7745773069871664
ck_d74123617f22a21e,0.2154613974332858
ck_275386782b1606f8,0.1662864127113465
ck_0b0e79d33e50cba5,0.44265634548787947
ck_ba93cb604f792915,0.7020370747606437
ck_a86cd653472eccbc,0.40150743532287636
ck_87771861e0447210,0.9033204318598493
ck_212380e0371d8a6d,0.4841515583621919
ck_ef0d702d7b0ed745,0.20717050315746588
ck_2b8f33e22f939372,0.9629252393562844
ck_480347ad92037105,0.5041760032593197
ck_20124c3a16c53ce4,0.5566917905887145
ck_c9e1e3229baae708,0.384436748828682
ck_b1befe967f7a5ebf,0.6549195355469546
ck_4672167d7c989bbf,0.7083723772662456
ck_f0c44ee5e3a42e3d,0.5415359543695254
ck_c416357d20238a4e,0.2810552047260135
ck_d0f470f8078c91df,0.5374821755958444
ck_3a70b4ee59084715,0.2976981055204726
ck_179ed66cdfc1ce27,0.4330617233652475
ck_387e5a7f163c7837,0.3060501120391118
ck_08fb463e69f647c8,0.9843552658382563
ck_732f725747393ec8,0.42623752291709105
ck_7cc5e0fa3ca5a713,0.7398248115705847
ck_ad4a4daa826ac68b,0.8928091260949277
ck_472e0be7a3b533bb,0.507455693623956
ck_7190177963eafdd9,0.3779792218374415
ck_647ac26c5900f082,0.38246078631085756
ck_272ae2179bbd8e58,0.3097575881034834
ck_09b0d8af304646bd,0.11686697901812997
ck_ca0cc8ea9f344408,0.2840089631289468
ck_332ad134fb909869,0.5767569769810552
ck_fca2798914627dc8,0.8607251986147891
ck_4450b55f462ae134,0.13004685271949482
ck_d67d9dfb60b286b9,0.07769403137095132
ck_a9d2bb4f2bde7052,0.27834589529435727
ck_929bcae878a3ecb3,0.9476879201466695
ck_59a9e000fa275e1f,0.6692401711142799
ck_57f17254e2688637,0.6297005500101853
ck_0508908697f60ce3,0.8897331432063555
ck_946afc2943298d26,0.20315746587899775
ck_7176d12b18f2cc0e,0.41631696883275615
ck_5c47b49c26cce286,0.8223467101242615
ck_b6a2bdb2d335e1d0,0.9909350173151354
ck_1d58f6caaa4d012c,0.6294357302913017
ck_71c917295020ccc7,0.2170706864941943
ck_bc89644ae3688995,0.4350173151354655
ck_e7c212f16d6df272,0.4322672642085964
ck_c6d2e11a368184e6,0.19786107150132412
ck_eed7f1f7548df15b,0.19543695253615806
ck_75b69034000ca7bb,0.623344876756977
ck_38da3bf629458682,0.3801588918313302
ck_90114c891239d821,0.2668567936443268
ck_8ee08f6777cc155b,0.43894886942350786
ck_bd86132499defcd0,0.574882868201263
ck_b95fbf2b5640aa82,0.3761254838052557
ck_c530235393360e3b,0.5334691383173762
ck_be52a7ec43241ba4,0.7373599511102058
ck_d96eb3cc55f2772f,0.3927276431045019
ck_dd34f0a844fb115d,0.8799551843552658
ck_17cc7b411f448e66,0.78610715013241
ck_856ea65fa27d06dd,0.5133428396822164
ck_056d5f0301c30902,0.8487471990222041
ck_e662b14b2bab23a2,0.7756569566103075
ck_209f574c8d92274e,0.346689753513954
ck_62720b81617896cc,0.47319209614992874
ck_041614694b77e599,0.37828478305153795
ck_461e3f7b97db8d16,0.6274393970258708
ck_1b74b798eebeabdc,0.4870849460175189
ck_0ed2739384f1d644,0.14047667549399062
ck_5a4d19f1b83feeb8,0.22591159095538804
ck_463937167965a1f8,0.5151558362191893
ck_9d7151dbdf100e0e,0.7596251782440415
ck_20a7d1ce6cc27312,0.41513546547158287
ck_6031211ff118cf0f,0.2866164188225708
ck_a6fc92aa91e99b77,0.9621715216948461
ck_0aaaa9d2f75a0518,0.6814829904257486
ck_ec26e327cc1848b2,0.28217559584436747
ck_0e6bebf8ae9b9b03,0.512303931554288
ck_e107537a4cb738f4,0.16879201466693827
ck_e8ea56e122a5a487,0.43033204318598495
ck_98149ed45d38c4d3,0.7670197596251782
ck_0e719b3a6906b8f1,0.054104705642697086
ck_0c6e7bd357e4a348,0.19236096964758603
ck_d3b2b250da61db19,0.973762477082909
ck_8bb6b0a292754576,0.8304338969240173
ck_87d70f5fe48a6128,0.8305968629048686
ck_ea9edf9c107d429f,0.5762069667956814
ck_059806c52cebe4f1,0.894173966184559
ck_a72d6df666e1c21c,0.24542676716235487
ck_1d2b80ab6c4944b9,0.35441026685679367
ck_60557f077abc42ca,0.8627826441230393
ck_e5f5cb7dd6ce4a37,0.5228559788144225
ck_4c4a939154446053,0.056386229374618055
ck_50ede3eb561a202c,0.6205133428396823
ck_6d03a542922b2ae8,0.44516194744347115
ck_d6fe761ed0db3270,0.49784070075371767
ck_7f0cd6ea3096f985,0.6634548787940517
ck_23edb6d938a3b87b,0.3035241393359136
ck_799aaf9f2b9ef621,0.2987573843960073
ck_f8f6a03613b6dda8,0.2465471582807089
ck_7cffb189f4f514ec,0.976655123243023
ck_c081e1967dcd811f,0.5896414748421267
ck_583d6ca78c97d91e,0.9600937054389898
ck_9332bbc7125219a7,0.21362803014870646
ck_956b5af6d7d86c65,0.94259523324506
ck_2d634e3f24681c0f,0.6085760847423101
ck_7b35d218ed0c5a60,0.29975555102872276
ck_ca5b1057f8248f73,0.6074556936239559
ck_ec5ea81cf813597c,0.26484008963128947
ck_eaebaf4d28400fb8,0.514768792014667
ck_ae2ab6be219219aa,0.13746180484823795
ck_d99a8b4c820eb46b,0.42171521694846203
ck_bcfb7ffb7cd428bd,0.27467916072519866
ck_3dd542c2d31be2c0,0.4116928091260949
ck_c7dd84401e29a7fc,0.19030352413933588
ck_c4bcc7cefd40f8e2,0.17064575269912405
ck_c251898b5d51e3b0,0.4787125687512732
ck_36d37be780c1291c,0.09702587084946018
ck_99b4f266b61ae7ee,0.5222244856386229
ck_c37f03995f0f0169,0.05292320228152374
ck_65a23ac8e44eb901,0.5778773680994093
ck_644b1c1149eea9e0,0.5074353228763496
ck_9cf44eb0237c2429,0.2841719291097983
ck_20541686a94fb71c,0.6296598085149725
ck_c18245be844680f3,0.3976573640252597
ck_56de216eda6b7fa6,0.13880627419026279
ck_406c4442dee45cd1,0.2045426767162355
ck_df1585c7d72a96e0,0.07292727643104502
ck_b8e8dba20676d87b,0.6873497657364025
ck_0ee6965e68efc177,0.4549806477897739
ck_c2a5c54ad8d0d297,0.5815237319209614
ck_bf6fb7e6470e95cb,0.011611326135669179
ck_27fa694569140345,0.08578121817070686
ck_e04166b0ce66393a,0.33939702587084947
ck_8742114f4f0cb22c,0.8456508453860256
ck_6eceeafd56b42576,0.8785903442656345
ck_34f9951b0eca1965,0.6526176410674271
ck_384ccecd342a24ad,0.06426970869830922
ck_49c98bebd1338879,0.10040741495212874
ck_6c26c12071c91ff6,0.1784477490323895
ck_01e5986ebb9a78f1,0.6108474231004277
ck_121db7ba3be29ee8,0.7024037482175596
ck_039e6d5a330cea1a,0.8328783866367896
ck_ae8c9163cf957d7e,0.6355265838256265
ck_3f5e8f3f1df0c8c7,0.7741291505398248
ck_b1c51fdafcd80122,0.6874719902220411
ck_12e2b5ebfe8986b2,0.3279079242208189
ck_d55eb81a4d543c59,0.34697494398044415
ck_f85155ca5c312c7b,0.5921776329191282
ck_133d8a1ac7c0e301,0.9908739050723161
ck_04212a9bb9b28696,0.9941128539417396
ck_4cc11c7d3ca61f73,0.14059889997962924
ck_2df4854186ec515b,0.5392951721328172
ck_aa9b28e7fc43af79,0.9199633326543085
ck_47cad6c3def4c9e4,0.0365654919535547
ck_fbff7b5da8111567,0.21753921368914236
ck_bd25ea782e375b22,0.616398451823182
ck_7989376f8cf64a9d,0.4327357914035445
ck_675c0ca1ebb1051c,0.2989407211244653
ck_1436f6e11d4008f9,0.36608270523528214
ck_812cb3a4482cc618,0.43446730495009167
ck_6e606f73a1094afd,0.32057445508250154
ck_1b708e2a4a0584dd,0.23701364840089634
ck_a60d6b324bae0330,0.3746180484823793
ck_706a4f673a9fda3b,0.9490527602363006
ck_a75ece9a9044eed0,0.3525768995722144
ck_9aa45c4e03c8c57a,0.5664290079445915
ck_9fe9bdce982b312c,0.46938276634752496
ck_c6fbdc5ba68a8466,0.5221633733958037
ck_ed0cc1b1c28f9511,0.7168262375229172
ck_a4e2607b4c8021e8,0.027378284783051536
ck_e02f93f51cc8caf3,0.4696272153188022
ck_7084ed3cf20781b7,0.6188429415359544
ck_cd4c63155570d6ea,0.11815033611733551
ck_d1b9e5d32d2d789f,0.05982888572010593
ck_68f56f6560a7a933,0.28331635771032804
ck_8bedacc6233c6269,0.4787736809940925
ck_ab7cb50407d6b13e,0.6982684864534527
ck_f17ed7e0fd687742,0.8847015685475657
ck_b0fe4b92fc70f72c,0.3192096149928702
ck_84d62b8196da2452,0.5999796292523936
ck_9e298cae167f4693,0.4639641474842126
ck_405b20ef9ad0ba5f,0.9036259930739459
ck_813e02e1ababd177,0.5778569973518028
ck_f234ab47061ba7c0,0.14228967203096354
ck_22b587c18363899a,0.3211244652678753
ck_4e862c2f48c38aeb,0.06814015074353229
ck_b89cb90a420c9075,0.3755754736198818
ck_be2251640f27a3c9,0.8819311468730903
ck_46bec0bff167ed3f,0.5093909146465676
ck_c0032232c2868328,0.4065186392340599
ck_030cf09525dba4ba,0.7064371562436341
ck_6ecf56236789fc09,0.983316357710328
ck_38d4ed52cbe6d123,0.7595029537584028
ck_2d923d957ffd4d53,0.38755347321246686
ck_3af1eb88728ed8c7,0.5558158484416378
ck_2f8120ca80a1592c,0.18840904461193725
ck_6cabb1a133f0b151,0.4935424730087594
ck_bb6cf7e7b707731d,0.9754125076390303
ck_c8307fecafa90140,0.5657567732735791
ck_75f968be67f46d24,0.6798533306172336
ck_df6fe4ec5a233213,0.6466286412711346
ck_b53e88c0e927d896,0.07215318802200041
ck_f0093064aa28f4d0,0.44569158688123856
ck_ec9976cabc63ff92,0.5410470564269709
ck_30dac0a58c5590cb,0.8000611122428192
ck_348a525791ae6475,0.5575677327357914
ck_b898d912d1181ef9,0.40277042167447547
ck_f5b1200dc6f95760,0.7305968629048686
ck_54978a073e7a0b1a,0.23795070279079245
ck_55933936536a4071,0.11578732939498881
ck_d6ba7ffd2ae08863,0.43428396822163373
ck_404e2217fd87fdd2,0.030107964962314118
ck_dfaafdaefa5716b6,0.6913220615196578
ck_556c62e92d4e7e5b,0.8605011203911184
ck_7ce44f4e06d58111,0.8272153188022
ck_465cb8ce232c7670,0.3443674882868201
ck_237508ca4fb37268,0.6589936850682421
ck_ba4a6b9aa63964ef,0.5293338765532696
ck_4802a0a7a1882c88,0.9036871053167652
ck_9478dfe4114c30f6,0.5312894683234874
ck_5138f6c575dec64c,0.2661030759828885
ck_aebb42afe430e2e9,0.14000814829904257
ck_004efa95555437e9,0.44764717865145653
ck_11af112667c98394,0.4156039926665308
ck_44e9a18a8645c9d3,0.0777958851089835
ck_2605fd571219e28d,0.09749439804440824
ck_dfc933493561d84f,0.39773884701568546
ck_67674348e68d1f25,0.32112446526787536
ck_dd97429277a2fa00,0.9016500305561215
ck_d3eab7a06eb48348,0.7269301283357099
ck_0b9fcff9667ec05a,0.2410674271745773
ck_fc4bfd6e739bddea,0.43911183540435933
ck_43292f70a03ddf2b,0.6666734569158688
ck_5ff6108056a3fef5,0.3435933998777755
ck_767e0be086b5f601,0.5998370340191486
ck_b8465b1a5666155b,0.3266449378692198
ck_ab2e3fc56f5b3aae,0.3460990018333673
ck_1833c81d693c1e07,0.9911387247911999
ck_0308e0602b856445,0.07793848034222857
ck_ccbdfe744acff8bb,0.5955591770217967
ck_b294aa27a0b586d7,0.38311265023426355
ck_a3747201f377626d,0.982195966591974
ck_edde1d7d1db24725,0.7431859849256468
ck_ae3b47d6e1063704,0.3353839885923814
ck_3aabf5e0f4defb41,0.26243634141372985
ck_f034adb57391f3d7,0.7413322468934609
ck_533672fb40531607,0.791933183947851
ck_2a244f1ae08ef83c,0.4472397636993277
ck_a35d81bcc54ece2f,0.7309024241189651
ck_78a61215675b38f0,0.41792625789366467
ck_e013d88ea7939616,0.35451212059482584
ck_e5018f9418e0102e,0.7309024241189652
ck_d4e024fcda401a31,0.38867386433082096
ck_f736cffbdb82db34,0.022000407414952128
ck_1507f5aa50cdf3a0,0.49529435730291305
ck_18270fee7c8fcee8,0.07920146669382766
ck_95ffa1a805a1c9d1,0.36060297412915054
ck_11132d245b94d045,0.1526787533102465
ck_7b93a622e40d8b14,0.6815848441637808
ck_3854c08d17704347,0.7005296394377675
ck_7717fcb100dc4b5f,0.6160928906090853
ck_ba54e0a1c328119b,0.9462823385618252
ck_a7afdac4ecbf2de4,0.9364025259727032
ck_ecfb771ed2352085,0.3828682012629864
ck_68be4fefc85a6b64,0.9166429007944592
ck_dac7c50bd6d0148f,0.6411489101650031
ck_87cf36a03bd63c24,0.7242208189040539
ck_8adb40b168b59d7c,0.5522713383581177
ck_8d2f62930777416b,0.7498879608881646
ck_9958b58da9e3c21c,0.6772662456712162
ck_9440335375701f44,0.6380525565288246
ck_e2f88e202b6f700a,0.6018741087797922
ck_4c7c50684827a2cf,0.4178447749032389
ck_8a6ea4a79b1c7a8e,0.28592381340395195
ck_186dbff4b24a3bbf,0.8497249949073131
ck_220fda3c11c59b6c,0.7341210022407822
ck_3acccc69f8b1fd14,0.7114687309024241
ck_9de191bf79afd676,0.5292116520676309
ck_6de6b1663f9457f4,0.02202077816255857
ck_062754f8b79b86e5,0.30623344876756975
ck_aa153a89a52f7eb5,0.6684355265838255
ck_34a6bd3be642f15c,0.48174781014463236
ck_9371c700d9830326,0.5726420859645549
ck_a99e0c258ad7576b,0.224322672642086
ck_0a7ba51d626e932a,0.6313505805663068
ck_852c50bbba1ead13,0.7341413729883888
ck_43dc13b6b6d31297,0.8715013240985945
ck_7d81b59d615a6649,0.6896312894683235
ck_39a3f1da060e88bf,0.3169280912609493
ck_6fb2d142c09ed3ed,0.680057038093298
ck_6e5752b87324b58c,0.3623141169280913
ck_9441d48a12e8a4bf,0.895661030759829
ck_09e9c51eb538b255,0.47294764717865145
ck_8d0cd981ed3a183a,0.5522509676105113
ck_57c07c45269ca8c0,0.22959869627215318
ck_ccfc9ab888ba933d,0.6718068853126911
ck_9658a6ef471053f0,0.28818496638826646
ck_dac3852758f4ea89,0.10083520065186392
ck_b1ed2278f5f14d82,0.6492157262171522
ck_333544d173524f70,0.8917091057241802
ck_fd4582e3853ef23f,0.3911183540435934
ck_614d936cef98db04,0.31181503361173357
ck_6bc351a3d57aac54,0.5350173151354655
ck_af5842fa7202ff25,0.4993073945813811
ck_81307759252571be,0.24076186596048077
ck_b4d2f02d2cd45720,0.8951925035648809
ck_1bd753a4681946c8,0.9753310246486045
ck_46d8c029d46867b2,0.29392951721328175
ck_b7da6640fa2f49cf,0.8373803218578122
ck_9ea3d5a5a91fef9f,0.7316561417804034
ck_7b922518f667f76a,0.06771236504379712
ck_2a5b31594206eb30,0.9314931757995519
ck_d9506476ad3f9e08,0.3741698920350377
ck_c8791f7ebd4d93c7,0.6239559991851701
ck_b5a3e20fd210017d,0.4758199225911591
ck_8e54386f4fe22cad,0.49146465675290285
ck_75296704f5806f56,0.6460378895905479
ck_0fbbc7a6af300368,0.20914646567529027
ck_d19bf4dc0627113d,0.1782236708087187
ck_7951bd4eb99a0175,0.20918720717050315
ck_059e4fac6b7f704e,0.29333876553269506
ck_2ce8931af02a2ce3,0.3845793440619271
ck_9e665618a4860306,0.20488897942554493
ck_6fce5a893613fd2c,0.11735587696068445
ck_9e3fbd04e3532f32,0.8769606844571196
ck_55f2ef0de3420e3e,0.7396414748421267
ck_8d87658a6f5d204c,0.9580158891831332
ck_6d6ac1f5dd882aa5,0.03151354654715828
ck_55d0c7012d7ef236,0.47689957221430024
ck_7738eb085e5753d6,0.347810144632308
ck_0e6e05c3cc8c8242,0.41497249949073134
ck_8d27ff8383d48132,0.1315339172947647
ck_9afc3bb849f3a64d,0.39580362599307395
ck_27eb86a9898cdfe3,0.23705438989610916
ck_1d40e4fc541abe93,0.7482583010796496
ck_4fd9dc00e1913587,0.9835811774292117
ck_b26cdb2b7b165d2e,0.35438989610918725
ck_a79a27767a02e31f,0.47455693623956
ck_f0c18cb9f951a71e,0.36029741291505396
ck_50460e0189de6274,0.9659604807496435
ck_5e5280539257c986,0.3376858830719087
ck_eeb854318b3a6f0a,0.3959869627215319
ck_943f66f28dd24750,0.024546750865756778
ck_984dd7452aee372d,0.8224485638622938
ck_ecaa6de0aca5e9a0,0.28567936443267467
ck_8f1cbc432e2774f8,0.6877571806885312
ck_d91d9f8445b9769a,0.9122428193114687
ck_73c18e03e3c7612e,0.178284783051538
ck_aded05ada490da20,0.4120187410877979
ck_f744e208183971f8,0.4410877979221838
ck_02d4cef6358ad3b7,0.7599511102057446
ck_08ff5bd467226a5f,0.025830107964962313
ck_f824b326d5089885,0.902281523731921
ck_3420f2fd520890f3,0.8738032185781219
ck_1838cf8d00f5b1e1,0.49794255449174984
ck_a85182ad90b6f1e1,0.1636585862701161
ck_fecb39c82c43e76d,0.1831126502342636
ck_162513e73782929f,0.6850886127520879
ck_2c27b77c59d8f23b,0.8790996129557954
ck_4221e07b17388fd3,0.8073945813811366
ck_adfb8472d5c3d669,0.6072723568954981
ck_0742fe64055d686f,0.14442860052963943
ck_5060aefcc8b6f958,0.5156854756569567
ck_643f549b4ac78a26,0.8864330820941129
ck_dba767885bd6ad69,0.3800366673456915
ck_0dda35c0c64c7073,0.9875534732124669
ck_38ea56d43afa5660,0.6584640456304747
ck_d813e15ac91f487c,0.8600122224485639
ck_4c840e5585a7b167,0.831595029537584
ck_cb8551453a7bb929,0.05029537584029334
ck_05a00b1dd5a03359,0.06587899775921775
ck_837cc7fd48453a01,0.5998981462619678
ck_49dd816b31fba6b6,0.9092686901609288
ck_86a61d9a39768e87,0.42888572010592796
ck_cd0e76f0e7bb38cc,0.5996944387859034
ck_dbe58392635133ca,0.6296598085149725
ck_3caec7dd6f8d02c9,0.630107964962314
ck_bfd9bfc5b6ab4a54,0.8082297820330007
ck_2103399bdb2898a6,0.4042167447545325
ck_329f7de7279e74c5,0.2893868404970462
ck_9bf0d28119fc42c8,0.6119576288449785
ck_f781539b1042dc83,0.31523731920961495
ck_9986c7d781ac6b4e,0.3168873497657364
ck_a627734880aca848,0.02157262171521695
ck_2106e509d77fdb4a,0.9393359136280302
ck_420d1a9c604293ce,0.4165614178040334
ck_fce0610c527e2b56,0.46750865756773274
ck_073da541ec3f9d3d,0.27895701772255044
ck_aa5f3ab48c17fed8,0.8904053778773682
ck_0fc1086e1c9e04b6,0.3200855571399471
ck_5c33bb46c1a5945b,0.6924017111427989
ck_500948a8d4bd8e13,0.6562028926461602
ck_19becd44f2c3d2b5,0.6249541658178855
ck_7d0fe77dd5ddb656,0.7749236096964759
ck_f158d9e5f101bb35,0.5176003259319617
ck_cdd7c77823c2257f,0.8286412711346507
ck_6c7b41374f9b2e55,0.31152984314524346
ck_417090dbffb1a63c,0.6398248115705846
ck_dd0e17605f970319,0.4891831330209819
ck_3646515079e6be55,0.2793236911794663
ck_89c8b06aa8c84b2d,0.8998981462619678
ck_e4d6dedd97233c07,0.7220004074149521
ck_bc82fb1895fddde5,0.2465675290283153
ck_88a8b1d442ca3686,0.5786921980036667
ck_5791f8f76a629a4f,0.7356488083112651
ck_9cf5e88e97c8c7ea,0.5507639030352414
ck_58fd684aa5a6f289,0.07451619474434712
ck_9800c21dfbd8e811,0.5023426359747403
ck_8ae64df60ab6ccda,0.8372988388673864
ck_e535fb0f0c00418d,0.7245060093705439
ck_48011996d54855ac,0.9411081686697902
ck_ac79c72a8fe3fdef,0.7459971480953351
ck_b8cc2df5192bc49b,0.6358525157873294
ck_e96a5e1f08f8a867,0.5052352821348544
ck_84df6770549e43fa,0.33988592381340393
ck_e5f7b99ba6ec5767,0.6117539213689143
ck_8347455ab53ff620,0.2513546547158281
ck_a84f2cdf695a71d6,0.2539009981666327
ck_90456160115f9ef4,0.2462212263190059
ck_ebd178b3f3a9c50c,0.4338561825218985
ck_e1140be6157bacbe,0.1635363617844775
ck_744ffc11d32b96bc,0.4371562436341414
ck_e12a9f7d027e3387,0.3293542473008759
ck_cbe525da0b69f18a,0.5325117131798738
ck_aa59702537557ff1,0.8621715216948462
ck_0348cc6908f7f3af,0.032002444489712775
ck_120e995d50956bee,0.7300061112242819
ck_9fcde1ff46cbbea5,0.7052556528824608
ck_54b0b070689c50d6,0.08549602770421674
ck_966a167758fddfd4,0.7893868404970463
ck_d5194f2e92fd6427,0.4795070279079242
ck_2ee84f3fa27f2cb8,0.14642493379507027
ck_57d0a7eb7eae2eaf,0.7015889183133021
ck_6a2c4edd82e10969,0.04173966184558973
ck_96e4d38ef670eaff,0.49849256467712366
ck_52cc2fd5095b169d,0.5780607048278672
ck_4b088920f3a844c1,0.7525259727031983
ck_8f3ccbd20d59f1f4,0.17274393970258708
ck_e5e5dc431bed6f9d,0.1978610715013241
ck_e8b5bfa6838e28d1,0.45247504583418213
ck_4bfeb78b47b7c6a1,0.7975555102872276
ck_a705c61bd679496f,0.5583214503972296
ck_731869a0c39cb2fe,0.6918517009574251
ck_259eb102342057ea,0.48231819107761253
ck_47a6005fabc33551,0.3121409655734365
ck_682262b455a9edd4,0.027174577306987167
ck_e839d104854945f0,0.4600529639437767
ck_761989aa4c47d746,0.6900998166632715
ck_44211dc210139ed3,0.55265838256264
ck_9915ceedf63a5289,0.8306987166429008
ck_da59ab47cb6284ad,0.07199022204114891
ck_e5cdbfcca2456652,0.1496231411692809
ck_13f2560c6a1ec62f,0.46398451823181913
ck_a0543e9b3abe1001,0.8922387451619475
ck_11c7a58e09e6547b,0.5841311876145854
ck_69587a134d43a4ad,0.7714198411081687
ck_28dc0de0ae291f37,0.6194336932165411
ck_298922703c5bbe05,0.8536361784477491
ck_fa5ba9ed9ed6a343,0.7095946221226319
ck_c08e64d424e56c05,0.651028722754125
ck_598e036a28262aeb,0.6669586473823589
ck_3f7c870510083a51,0.45398248115705847
ck_364f8203a3e98d36,0.9705031574658791
ck_7333cedb61506ead,0.4231411692809126
ck_1d96d7fd65f208b2,0.5308413118761459
ck_63133a79f23e2627,0.7458138113668771
ck_901d820e0b72abae,0.05858627011611327
ck_5dd80b3c01457bd8,0.4551436137706254
ck_c0b8067c144ed6c1,0.4523324506009371
ck_cebb8aa8c8f62c60,0.2642697086983092
ck_79749eca42ff1f5f,0.5625789366469749
ck_2cc1d9b587f6da31,0.8952128743124873
ck_ccc7916b56d42195,0.3380118150336117
ck_e43e53cc7b8b8e41,0.761417804033408
ck_4ab74a6e7450416c,0.22858015889183134
ck_6e44024e9de301c6,0.012487268282745977
ck_dd78cb6ae2866cc6,0.25143613770625384
ck_c363d3b050baf3b8,0.7276023630067223
ck_2d46291975f0dd08,0.08859238134039518
ck_76ebeb5aee42f041,0.7524037482175596
ck_8395f004cf4d4c08,0.10105927887553473
ck_de7259c3741db179,0.48180892238745165
ck_3938e92585df2b34,0.5262782644123039
ck_af69bfcf4f07d932,0.3198207374210634
ck_1723900ab9afe374,0.680199633326543
ck_3d58628d1c853c8a,0.41497249949073134
ck_12a074db100481cf,0.814402118557751
ck_8716cbf892c50e29,0.2852515787329395
ck_fbf7351958ad9615,0.27602363006722347
ck_a50370907e6b397c,0.7806885312690974
ck_937402a60df0821c,0.1798737013648401
ck_8ce9c5807acbef48,0.4916683642289672
ck_acf7d65eaaa4c31c,0.2396414748421267
ck_ec3eb6dd0967cac5,0.8079853330617234
ck_fc832b0c90c9bdb9,0.9550010185373803
ck_8129e81cde280131,0.22143002648197188
ck_52c0ef68aa2fb8cf,0.45414544713791
ck_06f042e9b1b662fd,0.7576084742310043
ck_0bf35dcf7b38f650,0.10943165614178041
ck_615763afc2e17a7f,0.30617233652475045
ck_e72db9d4b2fc9997,0.9800366673456916
ck_13757bf0eeb353e2,0.3053371358728865
ck_abaf371ec8249c4a,0.7640048889794255
ck_9b7167da0920c37b,0.7231615400285191
ck_2e824b0b27494a17,0.7539824811570583
ck_9a0b605e9c3220c4,0.6258504787125687
ck_a5276af466b681de,0.11654104705642698
ck_9e0383e1fb6e214d,0.656895498064779
ck_6a27c44b691dbfac,0.20336117335506212
ck_af39767cf583905b,0.6265023426359748
ck_243b1b9fdd3f9a74,0.05658993685068242
ck_c0422e638a9c6046,0.7562640048889794
ck_e0f3ea3373dfc4aa,0.396598085149725
ck_d56ee1654378ffc7,0.4190670197596251
ck_20cd2f5666719baa,0.1685883071908739
ck_4dfa1c1e9b69fcc8,0.3984110816866979
ck_5d22e9ca1d15180b,0.9365247504583418
ck_f4a7ac178fd55f0e,0.1339376655123243
ck_fd5609bd23a1eaf8,0.32397636993277656
ck_49c3bf13dc9471ce,0.6457730698716643
ck_724085c3452d4693,0.9099409248319413
ck_e5d1462846154a75,0.7858830719087391
ck_c69ef0f3e7d6acf9,0.6995925850478713
ck_a2d0417791d4132d,0.5268282745976778
ck_00a07fc2a9183c3a,0.25237319209614995
ck_781b8288e54ba8f8,0.8791199837034019
ck_d74a62ab3804a81b,0.2353636178447749
ck_abcbde211b6267f8,0.770971684660827
ck_16dbafc035574654,0.14176003259319617
ck_018f780215ecaf38,0.16565491953554695
ck_0b259620eac51618,0.2656345487879405
ck_4f875342394c110f,0.8689753513953962
ck_399e45e5fe9beaee,0.23754328783866369
ck_36224a2d394ebfe4,0.7965777144021186
ck_c189b551bd111332,0.048339784070075366
ck_125c5a720ecb177a,0.8090242411896515
ck_76d010aa02eb477a,0.11360765940110001
ck_1071d14c46c92379,0.9418007740884091
ck_61d244b2cde483af,0.48657567732735796
ck_2ff1860da2004c84,0.294499898146262
ck_c5b583490198672d,0.34697494398044404
ck_1294f7af22fade11,0.8214911387247912
ck_e3a22799716df39d,0.2315339172947647
ck_c77e22834ef97005,0.944774903238949
ck_73d3689728270a2b,0.07893664697494397
ck_295565fbf77ef885,0.09213689142391525
ck_80c0a7f54ff4895d,0.2909350173151355
ck_f1ef5cf7f10b16c8,0.7326339376655124
ck_a958b2461ffc21a2,0.8532491342432268
ck_0e7899a57cd617d6,0.16699938887757182
ck_9d4fed252718f58a,0.41034833978407015
ck_83c2c34add971d76,0.21456508453860257
ck_9ccc030ba2de9fb2,0.5255449174984722
ck_cd691e3466fb3742,0.5143206355673253
ck_49df70f908dfd069,0.8929313505805663
ck_362ce13eec1e33a0,0.19126094927683845
ck_2452a30397dfc54c,0.40317783662660417
ck_a443d49c2b4863b0,0.41696883275616214
ck_c8b2e2cb349dd0ff,0.3389284986759014
ck_354909fecf5da8cf,0.5959665919739254
ck_841f598bbd54c83f,0.8169484620085556
ck_cd6fbd4e8724f994,0.6788551639845182
ck_e0b3158111370118,0.5168058667753106
ck_4c2f2eb657c2c60e,0.23004685271949482
ck_ef346071f0b7654b,0.3632511713179874
ck_f3bc10e3decefce4,0.16846608270523528
ck_189b6fbe9b9192e7,0.3939498879608882
ck_5245cbc5ff4d4fa6,0.506151965777144
ck_cb42e3be6fe87f60,0.36987166429007945
ck_966d4d713cbc7792,0.18303116724383783
ck_1c8c969667cbaab2,0.9416378081075576
ck_d35e3aa9ef5d405e,0.8770217966999388
ck_a1c39df50a5873b3,0.5042982277449582
ck_a152165caf295b51,0.5468527194948054
ck_891eaedae139828e,0.21988184966388266
ck_1a46b56f4734d52e,0.25367691994296193
ck_5e36042cfad96c99,0.8851700957425138
ck_02a8582c2603e675,0.27374210633530255
ck_6def9d0429e4ed4b,0.42536158077001424
ck_e137400825a1e3e6,0.43287838663678957
ck_d91ab840848a54fc,0.0940313709513139
ck_becb6e1c608e0078,0.3335913628030148
ck_6fd8c86ac719d7eb,0.8915053982481158
ck_3ed4d13f12fd9d0e,0.7871256875127316
ck_007337aa99a4891e,0.19743328580158892
ck_60c3d8306527a08d,0.05656956610307599
ck_95458880a54df0b1,0.9319820737421064
ck_b48cd8593533fc1d,0.9644734161743735
ck_021c6a4a7e3f1f0e,0.06642900794459156
ck_764d40f865e710af,0.28445711957628844
ck_4b84357ae8ec7777,0.5995518435526584
ck_3397c7856b4669a5,0.12389488694235078
ck_920bb003b42e6310,0.18417192910979835
ck_8f59f11b512d5b7c,0.7544102668567937
ck_a3acf4b986afa98b,0.7846608270523528
ck_e89d25ed7bdeeaea,0.25817885516398453
ck_70e6bca473bf6902,0.29735180281116314
ck_186161ce152836f5,0.3687512731717254
ck_9191579254663f5d,0.3122020778162559
ck_1e6628879e9d653c,0.5973721735587696
ck_b498fa91a0776ff6,0.38423304135261765
ck_cfc2384f22954830,0.8303116724383784
ck_17673a1c2867888a,0.1134854349154614
ck_523dce06515b072d,0.4541861886331228
ck_c20638a325ead2e4,0.18429415359543694
ck_d3877e1f907cc148,0.7378692198003668
ck_e9a2495dea8675e2,0.5308209411285394
ck_7e561caa5fa1f3f1,0.5615807700142595
ck_455672e652fe1abc,0.9798533306172337
ck_7f8f864fcc90ca82,0.6006926054186189
ck_1ad36046aaeb816c,0.3012426156039927
ck_de056e37c82e8e00,0.3673253208392748
ck_7484c214c889fe7f,0.6789162762273375
ck_32430e678c4f9f53,0.44772866164188224
ck_6276ece8f80ea799,0.32833570992055405
ck_ae8e5dc4b725bc25,0.7081890405377878
ck_f01be92dc78a2dc7,0.5795681401507435
ck_233397a8bd40d38d,0.1905683438582196
ck_f8124911450fdf31,0.9739458138113669
ck_aa0a3179f1111674,0.24493786921980037
ck_2366b29ed9887a5e,0.10376858830719088
ck_1f22f04dfc08cf27,0.31150947239763704
ck_b62276c3426d680c,0.5968832756162151
ck_d099fca88691f66f,0.6784273782847831
ck_166bd1dcbaf4d6fa,0.026624567121613364
ck_7b1660e942436e12,0.6031370951313914
ck_4a9a791a1d409a3d,0.7282134854349155
ck_b003e5b54df65db4,0.4990629456101039
ck_64b4dcbf436f0b75,0.16007333469138316
ck_26e9a7bb2061a58e,0.7301487064575269
ck_08b77ad5f8f73007,0.2603585251578733
ck_366616a725afc6bd,0.6608677938480342
ck_934fb5064b6eefe2,0.17019759625178243
ck_c6abd5d57b1009d2,0.1649623141169281
ck_edcfa9e1cf29d813,0.7453045426767162
ck_c30201ebd003fdc7,0.3568343858219597
ck_c54643d94d3ce355,0.7596659197392543
ck_02adda6e91e49650,0.37304950091668365
ck_5b73d7c5255e58a3,0.8815237319209615
ck_129ffae92dc01408,0.03283764514157669
ck_fa321945ebedb916,0.6357506620492972
ck_8da980cb2e1e2bfb,0.3809329802403748
ck_0576b00d728bdf19,0.6528620900387044
ck_c543d82e22b3c8a5,0.09376655123243023
ck_0027ba644f9ae2cd,0.9244041556325115
ck_8dbf61df902a6bbc,0.022081890405377877
ck_90eeca1cda79fd41,0.02792829496842534
ck_86d7127391d4e01f,0.13181910776125483
ck_73762038c7ff2f6f,0.16123446730495009
ck_a1484e6215fac651,0.9137706253819515
ck_cb83b9f806e90dc6,0.8947036056223263
ck_8c6f059c95872126,0.16264004888979428
ck_3174419a81e7caf2,0.28918313302098186
ck_6a0f8f8fa4a3c2bc,0.42731717254023227
ck_b5777605668bfca1,0.08303116724383786
ck_27e4de495abb4d15,0.1620085557139947
ck_7f6fa79c7a107161,0.3524954165817885
ck_c36ed9f8e6792ea4,0.6301894479527399
ck_67a1aa88d2ea554a,0.6952536158077001
ck_09748dfe4df3d540,0.3963740069260542
ck_27fd85b1e38b675a,0.07914035445100834
ck_2369689bd795ee10,0.2115705846404563
ck_4eb1c12f7d092bac,0.1856386229374618
ck_01fbafc42c8e33f5,0.38783866367895703
ck_93c4e05699b3b7d0,0.2536158077001426
ck_afc484d1b6907983,0.13668771643919334
ck_1b2d9cae92a1aab1,0.7564473416174373
ck_73b729cb161487f2,0.23619881849663882
ck_fe3c1d0ac090d960,0.8962110409452025
ck_408efac1d3885ff8,0.7110409452026889
ck_ccb4dd9d0a48a76e,0.18602566714198412
ck_2987eab34ca7805d,0.6611937258097371
ck_1dbf1f15193197db,0.7013037278468119
ck_4ed711fe4053e74d,0.7171317987370137
ck_6c54adce174f45f4,0.541474842126706
ck_a6c740041faf0bd5,0.25927887553473217
ck_b05c4d33c4f43639,0.7559788144224893
ck_032880f1114dd51c,0.593338765532695
ck_22311b037456a76e,0.053778773680994096
ck_5866b413549765bf,0.28704420452230595
ck_0e808afe2570ecac,0.5053982481157059
ck_634276b05f4381f8,0.4295783255245468
ck_5d8773badd0d4740,0.571155021389285
ck_82b5b79ce3517102,0.9808107557547362
ck_b378b8d8100ee4b1,0.5753717661438175
ck_54e581f71be5430d,0.20492972092075779
ck_798ba4b8aa544fea,0.045813811366877163
ck_3fe86b6331ff95e3,0.8922387451619475
ck_81275d9d4c559e6f,0.2935017315135465
ck_99a4e5ef02d89493,0.6210022407822366
ck_54e2eb018d947790,0.49435730291301694
ck_966901ea9c77cc02,0.23102464860460378
ck_27d69ff4e0cb428c,0.8396211040945203
ck_2cee2dd7bbfc09a0,0.9712161336321042
ck_4136b00924695ab4,0.03994703605622327
ck_59a164c40c03a45f,0.45828070890201666
ck_3e24b026bc66789b,0.05170095742513749
ck_8105bcf69a75ee47,0.13454878794051742
ck_7a1782cefe26a456,0.6918720717050315
ck_970c7dc195161272,0.30643715624363416
ck_a48ec0c00ae20e82,0.6423507842737828
ck_54b374ade34e1dc1,0.3671216133632104
ck_74e5dec189761d14,0.11438174781014462
ck_4717f24f2c6f40e1,0.8447952739865552
ck_fc8cd8a8209e802d,0.35771032796903646
ck_71db4131d7efe218,0.41670401303727844
ck_45424ea6f0bc4650,0.8945406396414748
ck_3716c6181a5035bc,0.617050315746588
ck_26de14b96bdad4f6,0.24756569566103076
ck_99c0a41ac9c73857,0.6127317172540232
ck_645f15bbbcff3b4f,0.9807496435119168
ck_b7e25ddd41514d4c,0.17131798737013648
ck_d5c14e877ca7b755,0.16477897738847017
ck_05ea4440dac6cfad,0.6435933998777754
ck_c58bafff7b1955cc,0.4119168873497658
ck_f0cf85b67a9b840f,0.5906905683438582
ck_ce1500a7f0d03fba,0.2080464453045427
ck_d4972a775aadbbc8,0.3365043797107353
ck_3eb6146c262e0fc3,0.050458341821144836
ck_afb23858a4ef42ed,0.9876960684457119
ck_2c1def5c91c52a5b,0.8932776532898757
ck_72e550559487b919,0.2023018944795274
ck_0284dc2b4f856b3a,0.7964351191688736
ck_03be334935e999a2,0.11083723772662457
ck_e35a4b4a3cb4cedf,0.4561010389081279
ck_5abe57dfff4b735c,0.45060093705438986
ck_f5f87f772388efa0,0.4706661234467305
ck_5a22cb36d612236e,0.25451212059482586
ck_8ff1e6028e764472,0.9617233652475046
ck_2ab28149b0986642,0.5183947850886128
ck_c88fc1bac79fa6d3,0.7833367284579345
ck_5b137d74bba6b1b4,0.07997555510287227
ck_11f362dca2dfaf5a,0.33271542065593807
ck_7f960541e5174565,0.34964351191688736
ck_d5458ba39ae94498,0.5716846608270523
ck_0a921a73a90c2e39,0.8065797514768791
ck_6ad56ef40086dbe4,0.1795477694031371
ck_b68199ecccf2350c,0.13375432878386637
ck_6dac66c8198c07d8,0.37148095335098796
ck_9b9ce7bebc235fe8,0.4852719494805459
ck_6b817117d87063a8,0.35265838256264004
ck_900d62b3184378c7,0.14872682827459766
ck_eafe9b89857149b5,0.3365247504583418
ck_e74716a525ee5b24,0.059054797311061315
ck_4e9a6f06ab134102,0.5234263597474027
ck_b0d33b5a3716661d,0.4312283560806682
ck_8703543bf3134306,0.3185781218170707
ck_923d6a0f83accef1,0.3722550417600326
ck_52e37e2170532e2a,0.8971684660827053
ck_c1c5ea839c58958a,0.616357710327969
ck_660f0006780e87e7,0.3738439600733347
ck_830b2c5d1818ac07,0.8522917091057242
ck_b080ff636932d1f1,0.0689753513953962
ck_38730aace405f2ae,0.9969647586066408
ck_9790138467a06223,0.21450397229578325
ck_10de0b0d86b17839,0.34208596455489915
ck_c3e37a4d3382c32e,0.03609696475860664
ck_dd8edfefa1eba531,0.07309024241189653
ck_8153cdadd300d234,0.06587899775921777
ck_74d0e7c2c6b63d36,0.9752495416581788
ck_c478aae3031bb328,0.27476064371562436
ck_cf301f2194975866,0.4390914646567529
ck_f4de03f44e3a5bd5,0.5368303116724384
ck_b06ce826e593b210,0.8472805051945407
ck_2fc70b6baf6a0e26,0.20399266653086168
ck_d208494cf5c90047,0.8004481564473416
ck_086d29ccae565e5d,0.19482583010796498
ck_d5ef6dc116dee408,0.3040130372784681
ck_fdf0c5b722d83464,0.21531880220004074
ck_de8494b13adeffb5,0.3425341210022408
ck_556786868599143b,0.38910165003055613
ck_4940e78cbdcfecf3,0.5052963943776736
ck_d32fbbfe32c00416,0.43711550213892847
ck_bc7710f7e9fae649,0.1390303524139336
ck_416f7ac57da081a3,0.47290690568343857
ck_6fb39b60c67d5475,0.13752291709105724
ck_e40a156511345d6a,0.2134243226726421
ck_49ab879b5aa7fccd,0.8068445711957629
ck_bb643194d1cbc47c,0.9882868201262986
ck_b3ce8f1bcedfa043,0.4548787940517417
ck_558ebde8c29132a4,0.5725606029741291
ck_e6222925762273b8,0.7751069464249337
ck_bd80546b4807dd59,0.6312894683234875
ck_bd21164bd2bbb635,0.4349154613974333
ck_ea835557d7043667,0.4905479731106132
ck_1411a80a157ff39c,0.4697086983092279
ck_ab973888c20c9120,0.7444082297820329
ck_95b48972061abe82,0.1974129150539825
ck_fc4a43f8876bf10f,0.7417192910979834
ck_f34fb7ccf82f41e5,0.44231004277857
ck_5af9934a56801ac0,0.25139539621104096
ck_fc7445ec76389a58,0.925259727031982
ck_1eeacc26f02fbba4,0.6594418415155836
ck_4f325dd15c9bd45c,0.5068649419433693
ck_5009a6c8bbaf15ba,0.6782033000611123
ck_0f3de7f074bb33af,0.389142391525769
ck_2cbc2f93a32eede8,0.7203503768588307
ck_4bb90a61c21a303b,0.35386025667141985
ck_3ade9eac7d7b0dbf,0.8203707476064372
ck_4859a58629622915,0.8883683031167243
ck_5fed957287ebca03,0.2073945813811367
ck_ec01ae5351500355,0.0346506416785496
ck_703b41624ae6a5b6,0.32424118965166016
ck_97c38e7f61c27e47,0.4571195762884498
ck_db2c0908150cb2cc,0.6081890405377877
ck_64ac5e6fed86ab60,0.9485842330413525
ck_da1c853b0a061e83,0.6808514972499491
ck_9a36916b60178ded,0.9744754532491342
ck_3715bfa7fed2c675,0.28160521491138724
ck_dd3feb77d7d4f6d3,0.12621715216948462
ck_982ebb24174a4ade,0.33962110409452023
ck_f6b7a10d47dd9a1f,0.3715420655938073
ck_1f56fe99f250cdf4,0.772275412507639
ck_deb3ac0606d6f6db,0.2578936646974944
ck_e666629e5a41b39b,0.28345895294357304
ck_756d2c13d02b3e09,0.6649419433693218
ck_7bc752ae7cf5d55f,0.369056834385822
ck_fc0cc4b25e6a8194,0.3057649215726217
ck_9b2b0e286de78a1b,0.39580362599307395
ck_24b0803447211bf3,0.6212874312487269
ck_82eed68d05a42128,0.48682012629863514
ck_c8a03c516ed5b05c,0.8072112446526788
ck_e914974cee1bccb1,0.45375840293338765
ck_0c533ff2d0f9962a,0.46294561010389085
ck_c12805fa5d970a83,0.7934813607659401
ck_fc2cb29918631f10,0.8892035037685884
ck_c20e89afe575549b,0.44171929109798325
ck_e1ff9e31becc27ae,0.7735587696068446
ck_18116d0ac08f1996,0.9642289672030964
ck_885a83975cea5e64,0.17905887146058258
ck_a0c3059a959ba5d1,0.6701364840089631
ck_75257ca7d7da2861,0.7267264208596456
ck_2210f7a0d13bdbef,0.7880627419026279
ck_9cbd9ecf8374f65f,0.2564066001222245
ck_18f67c00ba21fbde,0.32562640048889796
ck_2d28f14d3973d8fb,0.08386636789570177
ck_8b3401b44aaae728,0.11680586677531066
ck_9d8e9ef37797d3af,0.9602770421674476
ck_9f50920c894f64e1,0.4474434711753921
ck_4737e0d56c6fa0a1,0.45850478712568754
ck_52c311f29ca3aca9,0.09981666327154205
ck_6a4981bc721df37a,0.5649826848645345
ck_823539d936c55fc6,0.0501120391118354
ck_df5aedb4118020bf,0.9654104705642699
ck_a911a066ff0f7b56,0.6686799755551028
ck_684609767df4a14b,0.750560195559177
ck_f2350bf355dc919e,0.24127113465064165
ck_8452b6cf97c65a5e,0.36571603177836626
ck_084cd84501012218,0.9563658586270116
ck_ace6b72e5bf3e93b,0.9178244041556326
ck_2afdd69094c955c5,0.6666123446730495
ck_fa7d5be26bf7b31c,0.8655938072927276
ck_4b041217690fca2f,0.6175392136891423
ck_9fb8e3d38cdf276d,0.966775310653901
ck_c1ee56d65a42f59f,0.627541250763903
ck_fdeaa1cd085691f0,0.5103075982888572
ck_5de33a7a87e9aa62,0.6764717865145651
ck_7476e7fe1ff45545,0.5803218578121817
ck_b0a947b498e47018,0.3396007333469138
ck_e3894ed88a7977e4,0.29629252393562844
ck_c7e07ebfb0bc15f6,0.8114279894072113
ck_3a3daa8b376f2a18,0.19521287431248724
ck_87809324c2675b0a,0.6074149521287431
ck_7eb4f33260f1dcd4,0.70354451008352
ck_ab9f0e08af030060,0.6525565288246078
ck_5b8fc4a76f340797,0.5175392136891424
ck_0e7bf10ef49aa818,0.7749236096964758
ck_a44462a3853ac67e,0.985923813403952
ck_2d14bcd2e0fc043d,0.16125483805255653
ck_df1f2dba802296be,0.956569566103076
ck_466a7316eaf149b1,0.7748217559584436
ck_50df50af592b0c06,0.47007537176614383
ck_5f9e34c849704b95,0.407781625585659
ck_7836bf6def26aa87,0.887512731717254
ck_ba175b1bd8efaabf,0.3662049297209208
ck_1a0aac7f7b94b1be,0.9038908127928295
ck_6768c4b2aa8ce586,0.492401711142799
ck_eefcf0ed15897898,0.47107353839885924
ck_7a6cb27e390b6ceb,0.30385007129761665
ck_5275be4e1577c1c7,0.3430433896924017
ck_6bc0e5b8c0b7d2bd,0.5246893460990019
ck_4874bdec79f9106c,0.5020167040130372
ck_a678731156ad7bd2,0.9169688327561621
ck_db906debc36a5d1e,0.6522917091057241
ck_e87897767c612942,0.548136076594011
ck_45ed5ee496ef8a67,0.25500101853738033
ck_ae20e28f9854f3ee,0.6035648808311265
ck_9ee044b73943a90b,0.31480953350987984
ck_dab34cf6f0626c9b,0.8458138113668772
ck_64a02b7b96149810,0.07209207577918111
ck_c417d06f3e94685d,0.7921776329191281
ck_3e0149cdee4cb294,0.5756365858627012
ck_0e6046fc30f81705,0.3746995314728051
ck_c383aeabd53e9c89,0.4698716642900794
ck_2ef76f1f36e8b869,0.8419637400692606
ck_43948784650bb9ac,0.3841719291097983
ck_bdb966f43ac350ee,0.7127113465064168
ck_5bea0e0ee0b094cd,0.6707272356895497
ck_dff090f03ca5529e,0.06231411692809126
ck_a4691b57f837d88e,0.33813403951925036
ck_99ee90946395d74d,0.9382358932572826
ck_cc81dbc83a8879fd,0.37691994296190673
ck_f3dc0725621b3a35,0.1365247504583418
ck_1bb212d1288b9689,0.585373803218578
ck_9e7278fc7679f002,0.647850886127521
ck_3ded7a8720d7e311,0.17245874923609697
ck_798157bcdb9453e1,0.2042167447545325
ck_9fba80f56f357fe1,0.29519250356488086
ck_f1e1c8491f16f912,0.140028519046649
ck_7b1319a5ca2f63c6,0.969993888775718
ck_124432fd5c92af7e,0.9672642085964556
ck_148cb0c723284dc0,0.241658178855164
ck_b56c62c950eda009,0.0275208800162966
ck_a0498755cd8d7188,0.1991240578529232
ck_5379452a9d74efae,0.08796088816459564
ck_6c2453229d608183,0.6015074353228763
ck_f9d8b4813a88c1e6,0.19665919739254428
ck_c2c7d1e45a521857,0.6797107353839885
ck_4364a83a11743888,0.2227948665716032
ck_2cdf5fd97ba75e06,0.7952943573029131
ck_71bc01291e0533a0,0.3716031778366266
ck_a725d7aed2a0bdc2,0.25868812385414547
ck_a9b0c4dbd7db6a91,0.7892646160114076
ck_a4258806a533efa9,0.5798329598696272
ck_905e460591d9a278,0.8052556528824608
ck_20de8abfd8960ee3,0.5079445915665105
ck_252b0a0f1119b220,0.0954980647789774
ck_95e4bef65c36af1a,0.1607455693623956
ck_5ab68b434ad53fea,0.28032185781218166
ck_13677a1957078827,0.15817885516398453
ck_d251e9fa09e542dd,0.999062945610104
ck_700cb620f300dd47,0.2976573640252597
ck_39a68c55a1bd3ace,0.9282134854349153
ck_61a59a7944d6c53e,0.9222855978814423
ck_db6d1c6d31da967a,0.25883071908739047
ck_650020c500b1b50d,0.4704624159706661
ck_d812eb6930192793,0.10806681605214913
ck_92f6ebc11ebca89b,0.8757180688531269
ck_d87e26eb5bc84b01,0.21393359136280302
ck_66439e697695224c,0.17816255856589935
ck_f21efd504faa654c,0.06587899775921777
ck_15eed0f5652f0352,0.2309635363617845
ck_bcdbf57d98dc0d27,0.5718476268079039
ck_873ceb8004d3a9f7,0.8616215115094723
ck_70bef9ddd4bab005,0.3279690364636382
ck_7560f1891d66f294,0.165471582807089
ck_f439f16f8693883f,0.4080464453045427
ck_14f9535e53f9c7a6,0.5573436545121206
ck_5984be472d2bc267,0.9222448563862293
ck_ed01be7504dc4187,0.8199022204114892
ck_dc3d8b5c17b67ae9,0.20293338765532695
ck_9dc23031b6b494af,0.6315644734161744
ck_fbdac0221bc03f66,0.4222652271338358
ck_863708a99b92ef0d,0.39608881645956406
ck_22b52654776a1ea8,0.9600122224485639
ck_a0714f98001efa0c,0.4737828478305154
ck_9c56114f84e9a541,0.36688734976573645
ck_e155cf506b2fb699,0.6705235282134854
ck_65ed7e72f24731e7,0.08910165003055612
ck_822d6e8e43befc72,0.9343247097168466
ck_b1182471d9ac6b26,0.08653493583214503
ck_821446adc95e6da5,0.36227337543287835
ck_ff182f033134dbb8,0.7991647993481361
ck_9c5feef7647b0588,0.478142187818293
ck_df935d8bdd44883e,0.5245263801181503
ck_01eb24c18ad11fca,0.8335302505601956
ck_00d6730134a1eb51,0.6365858627011611
ck_79ba8e85678d0224,0.33652475045834185
ck_97e3b04a1350f6e4,0.6648400896312895
ck_74e9747954a46eaa,0.8475656956610307
ck_397d5fcc9972f909,0.7009370543898961
ck_9ede89e8a43c3f53,0.7778366266041963
ck_303b33910d67f306,0.204379710735384
ck_3c17841636f6f7dc,0.48453860256671416
ck_78730527f8ba1438,0.8795477694031371
ck_5ee32bc6bb5d1d4c,0.7712365043797108
ck_a13fee8cd925d0dc,0.38011815033611734
ck_6f847263379f2e43,0.7166632715420655
ck_9b9d9e579e7b55b2,0.7843756365858627
ck_87c1d0a79e79c84b,0.5184355265838256
ck_bfc453eabb472f91,0.7776736606233449
ck_978c21bb5fe3171e,0.6487268282745977
ck_dd882323474431d4,0.8137706253819516
ck_533c4f7400d5ab22,0.9002037074760644
ck_5f217bfe28954e75,0.9815237319209615
ck_ae96d35465b3b4bd,0.2240171114279894
ck_512ebe97c0af94dd,0.7198003666734569
ck_f558fe02bb0219b8,0.5979629252393562
ck_84092e23d5ef4d51,0.761275208800163
ck_17d3022ca12eacd7,0.28352006518639233
ck_8a8f81bf3558fd9c,0.1537787736809941
ck_0ada6fed1864e7c4,0.5693012833570992
ck_21fe7bc59dcd78fb,0.26738643308209414
ck_e136e20c1c74fe38,0.29376655123243023
ck_e7a530e09d113dd7,0.7746587899775922
ck_7cb0c9ded4d63027,0.7362191892442453
ck_102db9615e722c9e,0.7066816052149114
ck_129e39ddfde92eeb,0.027989407211244648
ck_d730ff21bfd7769d,0.3649012018741088
ck_54459b45d2be8459,0.12185781218170708
ck_7f1c20319eb60aa6,0.9954369525361582
ck_939fede90473e412,0.18116724383784882
ck_e0f9506a6d5f4a1a,0.19877775514361376
ck_9a4967cdf49265cd,0.9227744958239967
ck_b9eaf03453ac7d5f,0.14102668567936444
ck_522477be6376b450,0.32570788347932367
ck_9b6282e3bad50710,0.7288653493583215
ck_a0e3a2facd508e49,0.6674271745773069
ck_97ffae702f7c3d08,0.17311061315950294
ck_344a95cb7115ec67,0.23222652271338357
ck_1f2760764afa45e8,0.39062945610103894
ck_720cd658d11ea428,0.42727643104501933
ck_04e32ee9834c088d,0.6962110409452027
ck_2bb1389e5e72c8f4,0.7745569362395599
ck_961e7dbc217cfbbc,0.2896312894683235
ck_f3bce4eccfa6d6bb,0.2086575677327358
ck_e0ccfa0d689339be,0.30052963943776734
ck_98217aeafa0bfefd,0.6682521898553677
ck_a02aeec1914c158a,0.6123854145447137
ck_20a17e8f206a14c8,0.6767366062334488
ck_114c32aad4b6183f,0.8256671419841108
ck_79f5198f0decef20,0.1056426970869831
ck_2209de229b4c71c5,0.6252393562843757
ck_6ee939b7f396975f,0.39619067019759624
ck_202f0c14b07ace01,0.8249337950702791
ck_fa24db9d416ab904,0.3357710327969037
ck_cf6aa24b92c4d33c,0.9333265430841311
ck_45f57fb8194cefc8,0.4422693012833572
ck_d5eb179dc45394c6,0.7060908535343247
ck_efb24be983342f75,0.5822978203300062
ck_245f5d62ead5ef28,0.5589325728254226
ck_15fe2a47fa7e92ea,0.04803422285597881
ck_b6527a85fd682554,0.4201874108779792
ck_11f9390a11ce9ff5,0.6534121002240783
ck_ffb4d892c5158201,0.16231411692809128
ck_d4c1da5a1427fd6a,0.7661845589733143
ck_2c041b1efb1c5063,0.42369117946628637
ck_ecc18f40b33be769,0.8641474842126706
ck_0525349f3945375b,0.8033204318598492
ck_0bfe62e0c7eab9c9,0.40643715624363413
ck_b7c37d410b1646c2,0.41207985333061725
ck_4b15b0746318cf42,0.8972499490731309
ck_e5ee006ecd8ff661,0.8384396007333469
ck_ccc83cf66365357b,0.7464249337950702
ck_34a33ffe8339f66d,0.975860664086372
ck_4e39e3b165edab58,0.9708698309227948
ck_1a71f8081ae00190,0.9615196577714401
ck_ed8f1200fc049c40,0.9734772866164187
ck_8a5a57858e8c77f3,0.29144428600529637
ck_fff9fdc2adf5100b,0.9689957221430026
ck_c76f1bf40f3b787b,0.2025259727031982
ck_1a6ddfeef82b1b1a,0.22393562843756365
ck_478d2667aa9896d9,0.570319820737421
ck_641c8e7694b21f3b,0.8180892238745161
ck_293581d879f6663b,0.9485231207985334
ck_1bfa8abdb22be8f0,0.8873090242411896
ck_05ab5b03d0bf9ce4,0.932430230189448
ck_35694db37f0cde7a,0.21821144836015482
ck_fe33eb743d714c03,0.4607048278671827
ck_abd10fbcbaf2b038,0.5515991036871053
ck_46d51648c1bf80e5,0.8944387859034427
ck_5c8390017fabfaef,0.49623141169280915
ck_87d55ca333f22072,0.04605826033815441
ck_c39c6a1453e2b92c,0.010124261560399266
ck_69ff1b0aa143a168,0.04216744754532491
ck_e57c79eaab35ded7,0.4773680994092483
ck_463ae759e2b6ad1d,0.3297412915053982
ck_0dae4a7eb587f3ba,0.4076186596048075
ck_9b12fb56529ebc4e,0.3109187207170503
ck_1af547077ba2dd03,0.8648604603788959
ck_de13de941bebc7cf,0.3485231207985333
ck_83dde7da2bf647ac,0.02477082908942758
ck_c80a94d4660041fe,0.5554695457323284
ck_f39cfeb277ef6528,0.09134243226726421
ck_1cec1ed1512a2d3d,0.16714198411081688
ck_7955a359b6448799,0.09474434711753923
ck_8c0955dad13c3ca1,0.10220004074149522
ck_6d4cd2de601a2308,0.5532898757384396
ck_f4536ba8dd2d551d,0.37241800774088407
ck_b379c198d6db2d62,0.5781829293135058
ck_76ea90ebc74bcdc7,0.672132817274394
ck_734f06bd4aa92781,0.7884497861071501
ck_677e1d0c14cbf569,0.21613363210429823
ck_259271c70f3fbcbe,0.6594214707679772
ck_c0b744eb9e7d4eb7,0.4055815848441638
ck_3d41faeb96802f68,0.09313505805663068
ck_8f604fa70fc3c8e3,0.3217966999388877
ck_0b3c3bea0e0ed339,0.42108372377266245
ck_be5df076b8a86409,0.04573232837645142
ck_6a475fe324d7d790,0.7914442860052964
ck_3ba3fa5387bacee8,0.018679975555102875
ck_324b9939d9c1c31e,0.0709920554084335
ck_a7fcf7b592f68ca1,0.6589733143206356
ck_5b2728f7cca414ae,0.03670808718679976
ck_5f4a25ffd0b85a47,0.5201670401303728
ck_63d4f5076fe4406e,0.22295783255245466
ck_af528d66c86f0cb8,0.26877164391933184
ck_ac7cdb9b8da7b5dd,0.5244856386229374
ck_3bece63711407e25,0.5558769606844571
ck_d4e0b2a12fcfc35e,0.14129150539824809
ck_ee3e7c9d3a9c74b4,0.7768180892238745
ck_50d7c4dab837bf66,0.33719698512935425
ck_ebcb93a2990fc914,0.7939295172132816
ck_2329cc9702cdf7a0,0.7701568547565696
ck_db1fa53d588bf99e,0.3999388877571807
ck_44e57a0bad5a0745,0.599062945610104
ck_472c81a144f4631b,0.17816255856589938
ck_1658429acd5306ba,0.5331839478508861
ck_466103ec5bd9444b,0.3825015278060705
ck_9757163e25262b74,0.55591770217967
ck_34ed59bc2c9b0186,0.3110205744550825
ck_b7bd3a7f263f4f29,0.8562028926461601
ck_149662b09d632e41,0.41802811163169684
ck_a9ffd6b3957bd41e,0.30462415970666123
ck_ab80466ef615e85c,0.42452638011815036
ck_f2c824d3473db24c,0.3166429007944591
ck_a4a01fd45936b078,0.7611937258097372
ck_8f6ce158c2902877,0.08578121817070686
ck_5189a302cfa7cefd,0.021674475453249135
ck_430a3d03be588201,0.5447341617437359
ck_b5f9dd00914b4db4,0.321715216948462
ck_52dec82e9cf6135a,0.6224689346099002
ck_95e444a01e2ab4a5,0.521063353025056
ck_e37cee7b123692af,0.5876756976981055
ck_d68d42858a55adff,0.7071501324098595
ck_3abfc010091d679d,0.53727846811978
ck_cee4e4e1b62bf82f,0.7296801792625789
ck_9ccb17c35e636c5e,0.23709513139132204
ck_f72a5a3b0d6c1177,0.09087390507231616
ck_7508aa554fae6afb,0.7567936443267468
ck_003aa842b7ca1d77,0.9404766754939907
ck_83b2b192f41ee2bc,0.8654512120594825
ck_64796b6b2c3c7f06,0.5961702994499898
ck_6438ae81d43cb196,0.42065593807292734
ck_2bd73d9098504760,0.8175799551843552
ck_aa8b9b36a099e4c8,0.6539417396618457
ck_e5ece47d0dd10526,0.5368914239152577
ck_16077ac345472e6a,0.4411285394173966
ck_a4d6e152b0076964,0.21120391118354043
ck_d90b1d03ae151f62,0.6482175595844367
ck_18b36d342b530af4,0.3235078427378285
ck_2a01e610348b84f8,0.7959665919739254
ck_0a93ed76bf36c8b6,0.5099001833367285
ck_3d56b477fe2370b6,0.7129150539824811
ck_17ab3068fa303682,0.625585658993685
ck_592a3520d841d11b,0.5972703198207374
ck_84d07028b5fca2f6,0.5028315339172947
ck_f4a2bb10afa85743,0.1665104909350173
ck_4fe4b072f03f2c1e,0.1399062945610104
ck_9ad08fcc183ea1e7,0.19270727235689547
ck_130d3848b9dcdb05,0.4320839274801386
ck_bb399ed6bf28c230,0.6982684864534529
ck_a31a64a39a2c4941,0.2477490323894887
ck_c49f25dfb39909cf,0.4737421063353025
ck_55f50a9ae2db8ff7,0.03628030148706458
ck_09faa4e771cf876b,0.3882053371358729
ck_df520a7a6e405889,0.46257893664697497
ck_8c8c98cc694ac900,0.4968221633733958
ck_7f0c4f609673ef62,0.29604807496435126
ck_f51fe59cd445d2cb,0.2993073945813811
ck_b3fb83f0d772a831,0.5559991851700957
ck_d6e7e257751c299b,0.40160928906090854
ck_0d362ddb4a1cb6d4,0.39938887757180686
ck_a574a08edaf81781,0.36948462008555716
ck_a823f5bcb0e4b9df,0.020126298635159908
ck_f792586ad0381eac,0.5443878590344265
ck_54bfd70022c66983,0.17441434100631495
ck_fe0a9372c9372de9,0.1828478305153799
ck_5691cd6fdb6d8147,0.24173966184558976
ck_a95f212a02433d23,0.260297412915054
ck_f5adad75e1c06731,0.7472193929517214
ck_e09c97520eb0533c,0.85591770217967
ck_a1e13c0d58560340,0.043043389692401714
ck_cacc2ca410cbe80b,0.6792829496842534
ck_c0dde2a6ef1e08c5,0.03723772662456712
ck_a04403073c90ce38,0.16062334487675697
ck_03d3026107175dae,0.5000814829904258
ck_50176dae5b1b716d,0.1514361377062538
ck_6c084bfcb38e96c3,0.6531880220004075
ck_36d2be9012f7909e,0.7313913220615196
ck_958acf84c6137a22,0.5551028722754126
ck_114722e12db90a73,0.5612955795477694
ck_203c2a22c0c165ac,0.5154410266856794
ck_2c44ca550e5cfa82,0.5498879608881646
ck_df0a8f20ab8f14f4,0.5204929720920758
ck_826a27ff7555192e,0.5727643104501935
ck_09a988ebcf062297,0.6001222244856386
ck_5c82444b3b9160ae,0.5439193318394785
ck_f6a4a7ed27fe76fc,0.7141780403340802
ck_17de46314b5c6a92,0.3204726013444693
ck_335e63101b1e6c4c,0.8825218985536769
ck_c5eefc0697451de9,0.7543491546139742
ck_49a0efb5d4067b6f,0.8804440822978203
ck_c1f4509c8f5dac5c,0.3966184558973314
ck_57658eda1c59bc52,0.10195559177021796
ck_0d5c0736ec76385a,0.22285597881442248
ck_e0239e6ae30795a7,0.6695457323283764
ck_e4459115cd8e5e4f,0.43807292727643105
ck_bb4aec09d4968dda,0.8798329598696272
ck_a1b4c96faed3e0db,0.5895701772255042
ck_8247b79ac67aae7d,0.4120187410877979
ck_fe2fc7d6e5d83f09,0.12228559788144225
ck_f6aea576cde8d592,0.042798940721124466
ck_b7e7f7d0cd886412,0.8694438785903442
ck_ca7b993e8286af7f,0.2855775106946425
ck_47de038381a9cd65,0.5187614585455287
ck_d38f941d09eec820,0.8764106742717459
ck_d9ba2a6c0d926b4d,0.16844571195762886
ck_cda72f597330d0f3,0.3198003666734569
ck_16d2d27fadeeacf7,0.24695457323283765
ck_be05447853d423a9,0.11721328172743939
ck_cd92852d7376a4a8,0.07537176614381748
ck_2faf7ecccc9fec58,0.15174169892035036
ck_db8733fd92f20cd7,0.3899164799348136
ck_a9989a3a94c26634,0.7050723161540028
ck_957fb25437c75e41,0.8786921980036668
ck_e6a6caf6e7de17c2,0.39248319413322463
ck_f7bc569b37e8bdda,0.4951110205744551
ck_703b375dd86a6124,0.6006722346710124
ck_d3cfb3603f2c6ca3,0.7628233856182522
ck_07cb2b6f2a4303e1,0.5231819107761255
ck_31631e2028d4f855,0.5060501120391118
ck_1631bab0ba1256db,0.7006111224281931
ck_5fdafeaec036f016,0.5751884294153595
ck_6eda4c36aecad602,0.09684253412100224
ck_bd1bf9e3e29de281,0.6499694438785903
ck_bf378ea558a4125f,0.9380321857812182
ck_7aa2deeda0e57412,0.989468323487472
ck_d229cf7f5a3f38ca,0.536484008963129
ck_9e109edd124492a5,0.20594825830107966
ck_779491819995625d,0.7189447952739866
ck_b89c6fa2ad0a12f5,0.5695864738235894
ck_1d01b4a609918c4e,0.9826237522917092
ck_714c5d7cb17bc9f2,0.3806070482786718
ck_269f1746f2609ed4,0.2221430026481972
ck_4be03a2aa62b93c7,0.11320024444897128
ck_cf920313f6dd28fa,0.33491546139743333
ck_fb00aae4e17740c5,0.3284884905276024
ck_085d8c42739e2b10,0.9952739865553066
ck_c72a7d0d03cf3e17,0.8335098798125892
ck_8f6ca5d3b17eac6e,0.4710531676512528
ck_d9573100bbff4014,0.9078223670808718
ck_79d6793d1d0cf43c,0.05467508657567732
ck_91fa5032f7aff0f1,0.9118761458545529
ck_87110d84872c0fed,0.5232226522713384
ck_8220da627e9992a5,0.24752495416581788
ck_2ae44938847f3852,0.3723161540028519
ck_b0f191e44f9b6f35,0.8693623955999186
ck_3049d744b527f4d0,0.3931350580566307
ck_47d3e8d1dd3fbcef,0.4077612548380526
ck_ddf787359d2b5deb,0.01576695864738236
ck_b27a9e39726b26d9,0.2791199837034019
ck_80c4e9274cf976b6,0.9863108576084743
ck_c6afa913168ce8fa,0.3589529435730291
ck_52427b3f8478db19,0.5396414748421268
ck_3b810f15ca0eaa55,0.2282338561825219
ck_0c9e420f97baaa06,0.9719291097983296
ck_f8540cf3a8b2f8c9,0.6714096557343654
ck_1402d24dd623df72,0.3267671623548585
ck_eb4f4267e24d042c,0.6022611529843145
ck_6f661b428d6fb8e4,0.6635363617844775
ck_519a26ecf3d29c90,0.4289672030963536
ck_e886ba71d4a6fd73,0.6759421470767977
ck_437f9ecd2016a1a8,0.4478712568751273
ck_f01af1b0c977cc06,0.6429211652067631
ck_614f777c2eb5d537,0.4107964962314117
ck_b804e784cde9af8b,0.5586677531065389
ck_c2dccbc1b24b137b,0.7249134243226727
ck_1df4a1781a0f6999,0.5207170503157466
ck_bd2cdd53fca26171,0.5106539009981667
ck_424c254249a109f0,0.2603177836626604
ck_cf2ca4f286e289ba,0.7521694846200856
ck_6c33cb15b0d8af54,0.3606640863719699
ck_311d395fa9b8550a,0.3073945813811367
ck_9f792e7e721ff7f1,0.1688531269097576
ck_4c37586080edb7fd,0.3712772458749236
ck_7c4f42c5397113b0,0.44316561417804035
ck_fc418f53ce4aa579,0.9727031982073742
ck_1ba28fb7ef726ce2,0.38170706864941945
ck_d932f98bf6b83956,0.7506620492972091
ck_248b3659a9239240,0.4118965166021593
ck_6a92cf5f4cf5de38,0.4491953554695457
ck_65519d0fb137e0c5,0.09126094927683846
ck_ddc3fc99eaba2064,0.6183540435933998
ck_7310cda3bc65a73f,0.3489101650030556
ck_c01c85bd631d4054,0.3269301283357099
ck_b4954d16b9749829,0.6018741087797922
ck_f301f6758e170d66,0.5339172947647178
ck_9bf95f8c47e7c7b4,0.46789570177225503
ck_c91b7fccf6aeb4a5,0.6361377062538195
ck_785fa45e86bc5e95,0.22860052963943775
ck_2a65f1cc23f1180e,0.06850682420044815
ck_a49a2c1f881a3560,0.11460582603381544
ck_def344d68f06d749,0.6407211244652679
ck_abbd1465fc730d78,0.6031370951313914
ck_07a5610ed28162fb,0.3675493990629456
ck_7ecdee2d7127be8b,0.2896924017111428
ck_67858bc00e81490d,0.07596251782440416
ck_b4ad165ace910222,0.3361580770014259
ck_30753ffe481a1b8c,0.9510898349969443
ck_c401a26725b17177,0.1964962314116928
ck_819988d8a7f26415,0.15430841311876145
ck_3364a1d9261b3638,0.2202281523731921
ck_c484c5bda389bf20,0.016337339580362598
ck_ae416325fef92c9d,0.9711957628844979
ck_5517b9a865960542,0.25047871256875126
ck_a0e96fed380440b2,0.43878590344265633
ck_e83409471d2b0b44,0.567427174577307
ck_127273af97d7827d,0.236626604196374
ck_aaa9861c91bd14dd,0.5301894479527399
ck_a378c58294001a36,0.9789162762273376
ck_abb9d65ff1f95b64,0.3050112039111835
ck_a5ecbefa849ae569,0.3827052352821349
ck_aa9953c0ca2bed7b,0.12937461804848238
ck_40bc6de252865f32,0.29527398655530657
ck_9fb11688dcfe1513,0.5412100224078223
ck_ba68841ca2ba073d,0.49873701364840084
ck_1d3e561a7d20be0a,0.9839071093909146
ck_99a92d710a29c1d0,0.22729680179262576
ck_ede2e887697ffac0,0.00965573436545121
ck_e6de67c0d82a7b83,0.5096353636178448
ck_6b38763bf5ddbcef,0.2044815644734162
ck_8dd44eead7d765a5,0.6820533713587289
ck_30bf5b0056eea9e9,0.9228763495620289
ck_2981d16f8a51a8ed,0.8521287431248727
ck_fc60f42c68c7024f,0.800977795885109
ck_8e2b2251ee224aa4,0.3876145854552862
ck_1906f0dfaf6e9bad,0.9392951721328173
ck_dcbe6814fc4ca0b4,0.794744347117539
ck_f7e958a286ae3b57,0.37765328987573843
ck_713649668a7ca824,0.46149928702383375
ck_6f73cdbf9305e2ea,0.3977999592585048
ck_dd1c490050cd9051,0.5002648197188837
ck_e30db36e376606f7,0.837461804848238
ck_740d8fe8028b5a2e,0.6658178855163984
ck_ebbc9418cd41f692,0.31776329191281316
ck_7b3cc6cc3f250f39,0.5401914850275006
ck_1d30eef7110809e5,0.9119168873497657
ck_77e0589ab339ca66,0.39274801385210834
ck_15ccbf8ff7d14086,0.3056426970869831
ck_246989b0c288664f,0.5713179873701365
ck_fc2a6e27b10b10e9,0.1344265634548788
ck_8afc1112c12f5402,0.3399877775514361
ck_a76e8d83b9141364,0.7314116928091261
ck_51d3e8dd7465c015,0.29307394581381135
ck_e7b4016909405981,0.06799755551028723
ck_e7a3cfb9bf908e80,0.5456712161336321
ck_2bb49dc2388cdc1e,0.09136280301487064
ck_94f4266ee7871345,0.3405988999796292
ck_b2c896beec146477,0.4658789977592177
ck_fcf5d4a4748cdd53,0.16632715420655939
ck_fd0483639811f62e,0.8971888368303116
ck_9a21d183524734aa,0.7081890405377878
ck_1df4b46c0a4c317d,0.7074760643715624
ck_638df9e8a22dfe0b,0.7286005296394378
ck_65acc43a6dc3e65d,0.21375025463434508
ck_7c67b73196e3d0d9,0.36926054186188634
ck_b0ee3a98175b462d,0.3787940517416989
ck_20fad010969f1abf,0.3082501527806071
ck_54b087bd873af8b8,0.41829293135058054
ck_8007824431fa803b,0.33399877775514364
ck_23aab322810b9fec,0.7516194744347118
ck_c8001bdb9aafc8a6,0.3404155632511713
ck_3a34c3ac83cf84b3,0.3479731106131595
ck_60187ac2c473a662,0.9838663678957018
ck_6a0ccd7357979f0f,0.7710531676512528
ck_27f20337bef5ffe0,0.5816052149113873
ck_f9fc468915afe49c,0.7402525972703199
ck_1eabc15a94bd9009,0.40770014259523324
ck_26896c494b2768ef,0.49003870442045216
ck_348c874eaf0354f4,0.7334080260745569
ck_be9c46acd216b45d,0.6991240578529232
ck_a3cce46d15cc20a2,0.8349154613974334
ck_70804f60d9704128,0.848930535750662
ck_a019151ca8e7527a,0.5896312894683234
ck_571133b2aa8ead51,0.7461804848237931
ck_0afa4449f20d5196,0.14652678753310244
ck_4d503c41cf4e5034,0.6298635159910368
ck_d6fb9cc5171e3e9b,0.952189855367692
ck_05ed92a7c3e10e5d,0.4990018333672846
ck_bfb067986660afe3,0.8191688734976574
ck_c1a31690c8573226,0.10615196577714403
ck_cb88ef3dc1f42225,0.49223874516194743
ck_21e3b3bd998745e5,0.8532898757384397
ck_cf52e46fa54e4540,0.1371562436341414
ck_b72c7ac4208052ab,0.3932980240374822
ck_e6465c56b337e6c2,0.2458952943573029
ck_5f87eb05d18186c0,0.2266449378692198
ck_263f6c5ff26b5e98,0.4882257078834793
ck_e0b7e2c0bbe228d9,0.1501527806070483
ck_b657ae3c146cb7bd,0.19482583010796495
ck_abac514d8167ea58,0.6566306783458953
ck_024dcab126876002,0.5758402933387655
ck_5d8481e2b38bd99d,0.4836015481768181
ck_edf229c17d25dac1,0.7672030963536361
ck_6cb7c97b72d6b5d3,0.407129761662253
ck_c96ae2c28086a059,0.25324913424322676
ck_2f241b97c0f8389e,0.5022407822367081
ck_9158bdbb63ee8987,0.2515583621918924
ck_e7b40b60786c1530,0.2448563862293746
ck_66d38518f68e6194,0.1738439600733347
ck_8c9b57ad2a991416,0.6025056019555918
ck_cc91bd7152d3e9ba,0.38718679975555104
ck_0d846660c7957a88,0.5487268282745977
ck_60896cdac2212bea,0.8647993481360766
ck_dc4db8b932df49de,0.6752902831533917
ck_2dc31db181150e20,0.33786921980036666
ck_2f138fce1171e277,0.4689346099001833
ck_68b8b859a6ef505b,0.5822570788347933
ck_c3fe0c6c5e1f40f6,0.4182521898553677
ck_15886fe84866de92,0.5910165003055612
ck_ea269b35406473e8,0.10680382970055001
ck_3ce7cad1f69b71d6,0.2697494398044408
ck_054ed4288ee58d6e,0.7642900794459158
ck_3d4913a86f207fee,0.6820941128539417
ck_23ff85f9d2355e8d,0.37783662660419637
ck_d87ab3261322216a,0.09629252393562844
ck_fac046ce336fe39d,0.28967203096353633
ck_beb97e498e6cf8e8,0.6257893664697495
ck_1f517e0ebf397b51,0.21623548584233043
ck_0af57ebaa45877a1,0.1971888368303117
ck_f99bc1732ce5e999,0.5686697901812996
ck_abb056a9deab275a,0.6550010185373802
ck_0bfc394c5faa65cb,0.3713994703605622
ck_ddc865af1dd5670e,0.45428804237115505
ck_68b5542459638b56,0.7036463638215522
ck_0b1d84252c0b46c2,0.2653697290690568
ck_520ec32c4f253604,0.6281320024444897
ck_79ffcfee599d77c7,0.49967406803829695
ck_eb224c0fd146253f,0.8015074353228763
ck_0e477084434da450,0.6231207985333062
ck_07840bba5570785b,0.6865145650845386
ck_6b67fe8e310ab865,0.5717661438174781
ck_e2a1068c2fa22525,0.5112650234263598
ck_b9c6b32f6bd92a3c,0.39020167040130377
ck_c1e7d1021ae58f00,0.08490527602363006
ck_5d7801201749ffde,0.5312283560806682
ck_c8806749e263f70b,0.19020167040130373
ck_c9eeab826781dc91,0.4408433489509065
ck_309a432c160a17b3,0.28834793236911793
ck_b22e3337b8e3dbb2,0.17233652475045835
ck_79c30169c71b8033,0.968547565695661
ck_5a6593d954085775,0.12915053982481156
ck_70b9b79ea1aacba8,0.5392748013852109
ck_63743141ffa11f45,0.31138724791199834
ck_dfd3dbd0d97a642b,0.3422693012833571
ck_635646a661f05b4a,0.5454063964147484
ck_4b123d6931b6d0d7,0.7444082297820329
ck_f2b0e7a47f442557,0.9605011203911182
ck_1b1df006b81d38ba,0.5210429822774496
ck_360237c1bd30f4bd,0.6319413322468934
ck_5e84bca0e362da20,0.707313098390711
ck_142dba210ed2f3b5,0.621389284986759
ck_a3564236069e3524,0.8555102872275411
ck_cf36d8b070ded782,0.6554084334895091
ck_ddd6625c5eddad70,0.09991851700957426
ck_ad54292a0b2f44ef,0.4806681605214912
ck_45cd5ef6b359e9b4,0.1656752902831534
ck_982c2392238b7be3,0.9101650030556121
ck_083e4ac78685c3bb,0.5904664901201875
ck_729cc0b46cc2e546,0.9003259319617031
ck_f2b8995fe5402759,0.15738439600733348
ck_73e24f5a8da289b3,0.7921165206763089
ck_bd85f30c36f5998d,0.6861886331228355
ck_ee4ff3aeadf912c1,0.3864534528417193
ck_63d2978706e193d2,0.5767366062334487
ck_6a0684436a1e66c3,0.9459564066001221
ck_182dc4a2f5a366da,0.04842126706050112
ck_e6fecb82fc2a82de,0.32804033408026073
ck_cfb06f07394dfe64,0.11939295172132816
ck_7bbe1dc8add17ef0,0.5381747810144633
ck_5cacad76e02c8e3d,0.9452230596862905
ck_ca68dec0c7df5a12,0.3172947647178651
ck_e4c0fc52c82065d3,0.513424322672642
ck_f9197b070416f443,0.2346506416785496
ck_2a07c7021b71cf65,0.6871664290079447
ck_4fa85cebf707de2c,0.027907924220818905
ck_0063d2a9507467e5,0.2990018333672846
ck_ec986285fff05b7d,0.3959869627215319
ck_279d43303708109b,0.3028926461601141
ck_a406bf11e48cf8c5,0.7686697901812997
ck_064b2aa3f0bfdb6e,0.5755551028722754
ck_95790440bc4bd2d0,0.5162965980851497
ck_70066eea13b4c34f,0.283968221633734
ck_19468fe07e26f992,0.97101242615604
ck_86bfe328e0a533b9,0.963556732532084
ck_ace3b96c977a7560,0.8821348543491547
ck_642344e5c652d8df,0.6266856793644328
ck_074be35c951ae10a,0.6117742921165207
ck_f14dce41036486a3,0.9903035241393359
ck_5cf67a3a747e684d,0.81537991444286
ck_f7285b92648c1c81,0.37730698716642896
ck_bef3193f124fca5c,0.8978203300061112
ck_05c4dcbb45de1f8d,0.5495009166836423
ck_d7c28eaa05bb7144,0.41248726828274596
ck_320df984791a1b99,0.3258504787125688
ck_f45bad1606fa00a7,0.4256060297412915
ck_6f81c199e986d9fc,0.31705031574658793
ck_d0c9633fed57c344,0.3809329802403748
ck_a3c25d6cc7478068,0.4597066612344673
ck_4185506d12cf9fa0,0.021083723772662457
ck_7a02ee1bfba7353b,0.5001222244856386
ck_1b52590757c0fbeb,0.5754736198818498
ck_a0e5656e1cf9cbf5,0.14905276023630068
ck_ace21f6daef94f6e,0.36211040945202694
ck_646d8d0834782d6a,0.8961091872071705
ck_1f136a4476b5e775,0.3741902627826441
ck_325c7643cce02da3,0.7800774088409045
ck_9b5e7fe28208f5d1,0.39771847626807905
ck_05d81b1a150f31c5,0.1613363210429823
ck_0e9ec486bff403c5,0.3720309635363618
ck_ee13c091bc379188,0.49366469749439806
ck_f7a7f8f5903617c5,0.44542676716235485
ck_96c3a3517153390e,0.579547769403137
ck_538dad7f096458ad,0.3725198614789163
ck_8758fc6622bbb7df,0.7901609289060907
ck_f7e53af3c91fec64,0.6551639845182318
ck_80b50fad7f255e1d,0.3892035037685883
ck_9645e7adc08631b5,0.640354451008352
ck_e007aedbf37d6ec7,0.5660419637400692
ck_2951d76c41de2569,0.7566510490935018
ck_9439bff87e616d4a,0.21179466286412713
ck_a73045e96af0e4fe,0.5219800366673457
ck_7b382e533e2e925a,0.5373803218578121
ck_730226c2d216cacc,0.1919739254430638
ck_bdf837d761a7cec2,0.8525565288246079
ck_0b34197335ba3341,0.25583621918924426
ck_49170c4b31a20f5c,0.23159502953758404
ck_cd553ba6589d8bfd,0.437930332043186
ck_56b992c6f136fa5e,0.7544510083520065
ck_8beae3d7328fa41a,0.7335302505601956
ck_1a065ea906ae3d6a,0.33660623344876756
ck_e9e3381d5e0e5051,0.29044611937258097
ck_a6d4f998dadc90c2,0.8468527194948055
ck_d36733da917115a6,0.6504379710735384
ck_e738e920bbd74a7d,0.3422693012833571
ck_af65eb885a51048d,0.12305968629048686
ck_73f4eb09af29b1c0,0.5391933183947851
ck_8fc641b1750a2542,0.7742106335302505
ck_41b954c7a948c060,0.34408229782033006
ck_25fc3010e8a0f6d7,0.5329598696272153
ck_a2624e0387974e0e,0.5511509472397637
ck_5cb9d7b2329d5ab6,0.6429007944591566
ck_6c83aa1d100a7cd8,0.8786921980036667
ck_67025c64588abd1e,0.04954165817885517
ck_f5dde68f6f0468e1,0.2619474434711754
ck_46bfb2cfc29a6d2e,0.37950702790792423
ck_49dddb894d33f6db,0.6625178244041556
ck_f738b633b8862d18,0.030759828885720104
ck_3d6c3c00d854f5a4,0.8163169688327562
ck_cdb8061d8d1a6c5f,0.5785088612752087
ck_5e1b81848718bdc3,0.5097983295986963
ck_8def763034187436,0.4120187410877979
ck_8f8e4fb9c6190272,0.36154002851904665
ck_368b968b5f33431e,0.31894479527398656
ck_ba7e347251ea399b,0.7234059889997964
ck_9075432001a64e75,0.5125076390303525
ck_73c5371635aca173,0.9693012833570991
ck_81793387b38047cc,0.3016500305561214
ck_0cf220816e320ac5,0.20495009166836423
ck_820219bb9c761b52,0.8976981055204727
ck_70a932ab39d86a24,0.024770829089427585
ck_2c4be237a7ed79c7,0.12420044815644735
ck_acc764b49ef02826,0.8413526176410674
ck_74c3c3452e4e7cce,0.2061927072723569
ck_34dfb57e5bf31d2f,0.47677734772866165
ck_6ec39903f765956d,0.7478508861275208
ck_5986119e7d81e831,0.5486657160317783
ck_2ddfc948b8eac752,0.9345895294357303
ck_921ff5ceaf40a968,0.7328172743939703
ck_fb3b68b4424b5f92,0.76746791607252
ck_c3db1b3ad4f16679,0.4405581584844164
ck_124a197be41687f5,0.5413118761458545
ck_c58d9151834f5bad,0.5140354451008352
ck_389607982eb6b701,0.9504176003259319
ck_fb0c138c003e933a,0.08702383377469952
ck_50d0bb7edd8c69c0,0.8464045630474639
ck_c6cb651149dc9a8a,0.35936035852515785
ck_81e21354e477eceb,0.7194744347117539
ck_7696e38b3e4197b0,0.41130576492157267
ck_586001d3ed9e7fbc,0.12161336321042983
ck_bba413492dc46f2a,0.3536769199429619
ck_95b894380ad2702a,0.7044000814829905
ck_277621473369614f,0.9953147280505195
ck_a50621b5eeca84b4,0.10442045223059686
ck_bfa7ba218b988cde,0.673579140354451
ck_5ea89567dfe78e4b,0.44546750865756773
ck_6c679602a6476ab2,0.1236300672234671
ck_d3885e286b3b11d2,0.7304950091668365
ck_cdcf6671b37c9c92,0.39009981666327154
ck_b5c93e6d34f8d366,0.060378895905479735
ck_c24f61925dc158d5,0.8585047871256875
ck_cd09375e6c81d2c4,0.4942961906701976
ck_a95afc7a00303a26,0.3939295172132818
ck_8e89ca8b39f3f8ad,0.029883886738643308
ck_9a84b396aada3fa8,0.7910368710531677
ck_5124a2e415384945,0.8769199429619068
ck_d66bb1f063357f99,0.31778366266041963
ck_0fd9312411b0ac55,0.617192910979833
ck_ad8cbe6e27e47ede,0.6014972499490732
ck_8398adeaf41f9cae,0.5053371358728865
ck_dcf851e7bb5855d0,0.08457934406192706
ck_9affb0f26776b642,0.27958851089834996
ck_f0424b3b36bdbef0,0.8103279690364638
ck_66746d1090d6d9e9,0.13456915868812386
ck_e5f8c8a5824db594,0.7262578936646975
ck_3e91dcc209431984,0.6220207781625585
ck_126a82e8d42e5ce6,0.3246689753513954
ck_38e4a74ab256e2eb,0.3239152576899572
ck_1225a97fc413a419,0.8027093094316562
ck_9b5ec0f78e160e65,0.1389284986759014
ck_7c5529bcc079600b,0.5225300468527195
ck_29640fc2fe81c251,0.4117539213689142
ck_160e9ba0a3f7c1fd,0.5925850478712568
ck_bff090cb4ab76b9f,0.2380525565288246
ck_aa06ed358e43db69,0.847158280708902
ck_7264486eb512d84a,0.28639234059889995
ck_f5a32e6160b28379,0.6044815644734162
ck_4ba8bec14c2217e1,0.27453656549195354
ck_610815786d729d2f,0.44799348136076594
ck_e267999226b6321b,0.041821144836015484
ck_f3996a3c8eea1ea0,0.48152373192096154
ck_e9b75ed7567a3f23,0.5908739050723162
ck_d21612d48bb4f7b8,0.5308209411285394
ck_1f871df76c6a995b,0.7813811366877165
ck_953bd5de48ccd70f,0.9540639641474842
ck_02a9104419a6dbaf,0.5118761458545529
ck_1eeeee651e05d535,0.6331635771032796
ck_e2ab04136a442a98,0.6606029741291505
ck_f0d806624ef3d359,0.5251578732939499
ck_4b68b38c1b3326a3,0.3843756365858627
ck_74e60495f8861156,0.3351599103687105
ck_398f3f4cf05c721b,0.30710939091464656
ck_f761b7650a0c1a85,0.4972703198207374
ck_7dadef33f5e2d94f,0.9857812181707069
ck_6ff6883633b8c7ba,0.10144632308005705
ck_4d2159603045109e,0.33399877775514364
ck_a38bd07a5fac5c9a,0.3227541250763903
ck_f517f06551e69507,0.7310450193522102
ck_a7ea00a1760ad561,0.9859645548991649
ck_31fc51d5a3dfe16a,0.591892442452638
ck_bac5233623b25ca4,0.5577510694642493
ck_385188ab27784fe3,0.8121613363210429
ck_9947a323bab5cacd,0.8146465675290283
ck_7973edc9f22ee7b6,0.5333265430841312
ck_f97c477986043755,0.39238134039519257
ck_1a3fd2cc4b4de196,0.5135058056630678
ck_e18ac29ea62cb435,0.6828682012629864
ck_9720a472a3e0140c,0.18620900387044204
ck_668c7fc7d7e47c0e,0.8004481564473416
ck_214af0806470ef48,0.22817274393970255
ck_a46c1773f01f0be7,0.8156447341617438
ck_f2bdcfb4203ffdee,0.6641067427174576
ck_40e84e6ffe788a4c,0.5160928906090854
ck_dfc6f5712d8d6678,0.8625178244041556
ck_01ef1036b2e66a4b,0.2736198818496639
ck_3acfec10eec32f9c,0.6159502953758402
ck_084a85145c15ed77,0.7159095538806274
ck_fcdb4fe2f095fba1,0.8510898349969445
ck_023908db0a193076,0.8951313913220614
ck_fec0ff92fd622253,0.6552047260134447
ck_c009c97d5fafbced,0.8984110816866978
ck_eb9f0c06ee017ee5,0.5381951517620697
ck_d7792b429620fc24,0.30835200651863925
ck_5e9e149a3b69c726,0.8022000407414951
ck_ce927322ef8f651c,0.5975758810348339
ck_b8fd61a8e82bce32,0.9827052352821348
ck_9aafc33fba1474cb,0.2243430433896924
ck_ce81ff9b8b35562f,0.5597677734772866
ck_25bfca1d8eaa152d,0.3531065390099817
ck_170c65860e2a7e23,0.3755958443674883
ck_952da7ca9f33decb,0.6212670605011203
ck_1ebd574406235957,0.3559788144224893
ck_589109a188adc2c1,0.127072723568955
ck_f0cbd5383bb07778,0.7435322876349562
ck_242521e261148fba,0.17233652475045835
ck_509cece86a558de4,0.28321450397229575
ck_0dd7c5925d28755c,0.17781625585658992
ck_a7e669cf1c3985aa,0.5503157465878998
ck_acb84dc2351eeb76,0.138256264004889
ck_b837c7dac2a9b931,0.5399266653086168
ck_18eb1f9181f95df4,0.18808311265023428
ck_b0b9047dddb1ec84,0.8897738847015685
ck_43aa136bdb0a2832,0.9335913628030148
ck_3e47f8c56c811700,0.8015685475656957
ck_77c587d24695ea15,0.5091057241800774
ck_20578ac693ea4e93,0.54231004277857
ck_b9f6040eebd1605f,0.846974943980444
ck_ca9d86f65cfdf018,0.6293135058056631
ck_a4fa8833995c716a,0.49604807496435116
ck_f589f1e29301b5fd,0.569708698309228
ck_961ddb8ff55d868e,0.014015074353228763
ck_5662492a54e6688b,0.5305764921572622
ck_ad48826c1c26eb78,0.9410877979221837
ck_621c9ddde6bf2eca,0.7182929313505806
ck_417a3500b2c717b3,0.7394377673660624
ck_c7e129058beb3ac1,0.5001425952332451
ck_ec1c902b9b9b9c5f,0.9009574251375025
ck_317360ec0a67d27e,0.881136687716439
ck_3e3ea5d8c4a229dc,0.826746791607252
ck_d11d27de7bf0b973,0.8443063760440008
ck_d37d56e931105db0,0.5311468730902423
ck_4863077723cd6ce1,0.06689753513953962
ck_479a065d5903e9c3,0.24249337950702793
ck_e66ae4fd586fedea,0.5043185984925647
ck_192bbfd0d5720134,0.6630678345895294
ck_3b436cb29af99f3d,0.5805255652882461
ck_7c7ca54969eed187,0.8104501935221022
ck_826ee896c9f1144d,0.8676716235485842
ck_ba1f6dd43fc8a0b1,0.37728661641882255
ck_49685deb63e4e8f8,0.3586066408637197
ck_687ab5d5554bfa79,0.291240578529232
ck_41346ccd9242cc8f,0.08360154817681809
ck_8f8e5e2b9dfec3d1,0.6194744347117539
ck_94d5ce61a0c50465,0.29855367691994295
ck_6b954c75aad8c012,0.6893053575066205
ck_748af92828c9d288,0.12878386636789568
ck_dddd14091ce812c2,0.5458749236096965
ck_723323f6870fab59,0.7783866367895702
ck_dbdf8d0708cc6718,0.2756569566103076
ck_f04938570a154de3,0.1361173355062131
ck_58afa1550b3b5294,0.44086371969851296
ck_3b150afde386ecff,0.7386229374618049
ck_666b95e75d99ec4e,0.9616622530046852
ck_e00332597cf1eb24,0.5814829904257486
ck_9a9e3dac79280d7f,0.7555713994703607
ck_e8d37262e859d9a1,0.4272356895498065
ck_895bb39d24bc1c4c,0.1463841922998574
ck_b367449195e36499,0.17903850071297617
ck_d23f9a50d1135ce1,0.8693216541047057
ck_670dc4910cf476c2,0.3047667549399063
ck_3ecd8a5ce65e21ca,0.22477082908942758
ck_8584fea2df4c6317,0.6642493379507027
ck_0789ff4562202b20,0.4302505601955592
ck_749e0e50c3907be8,0.15982888572010592
ck_c3ff6790cc6d7e34,0.12733754328783864
ck_75fb7e56432ee4b2,0.31421878182929314
ck_529fc3170fd11abd,0.8038500712976165
ck_34a69b3b4a681796,0.7737624770829088
ck_255f0e5888ae9e23,0.7861886331228356
ck_65be698386474170,0.05113057649215726
ck_5eec9ed855c26000,0.05125280097779589
ck_5ab39bdc9610f6f3,0.9364025259727032
ck_1b5b75762f033462,0.389794255449175
ck_d3e208671cf37f91,0.9632104298227745
ck_5068ee554ceff971,0.5582195966591974
ck_d7d50fb57fcb2d0e,0.05795477694031371
ck_ba6e1115fceaa067,0.7156447341617437
ck_d07bfb16a4a7dac0,0.9786718272560604
ck_ead68310311690c8,0.9496027704216745
ck_ee53ce862bc9c111,0.5494601751884295
ck_97e56e6037024dff,0.08734976573640252
ck_80b04344c98ec072,0.32668567936443266
ck_5954f45a2ab45f43,0.5894072112446527
ck_18ddf7e836256e3b,0.5460990018333673
ck_89a1a780144d808b,0.4987370136484009
ck_a7331e8b808c39aa,0.7652882460786311
ck_a1fd0ad03ff9b776,0.5898349969443879
ck_c0cf50eef030b401,0.048869423507842735
ck_074f20921189e7d6,0.12000407414952129
ck_e2aa7be60794593d,0.8357302913016909
ck_72771757dfb7f7a8,0.6185984925646771
ck_a9cd84a6dddfe584,0.5505194540639642
ck_142c00f9f8557504,0.6075575473619883
ck_221b5d40358230f4,0.5106946424933796
ck_a2d7a563f520b7ea,0.3436545121205949
ck_66cd34bc568d95e0,0.5297005500101853
ck_a17128972d3e507d,0.5609289060908536
ck_bda299466bb2136e,0.6199837034019148
ck_2b699066665abe8a,0.45443063760440006
ck_0ac9848bd4ba0c14,0.04591566510490935
ck_98d2f9a6ba3a3077,0.9598696272153188
ck_a872df31b28a5f7f,0.8479119983703403
ck_7e73e1d44ce82ed9,0.4405581584844164
ck_1a415416f620d49d,0.239376655123243
ck_c95c786d2f8b8edc,0.20892238745161948
ck_e45012f22b7f91d5,0.3686290486860868
ck_aa0b083e2a6813eb,0.7581992259115911
ck_4666232ddbf77756,0.21049093501731514
ck_e08e9c8ec5f23d8b,0.5378488490527602
ck_31d4c0518e5f52c6,0.4200244448971277
ck_c1ab40638f04cb02,0.4739661845589733
ck_4c1fdd1669c7cf51,0.29372580973721735
ck_11662cc7940ffc82,0.6985333061723364
ck_2e679af24adedac8,0.42413933591362807
ck_454b9e21b7f25a4c,0.15113057649215728
ck_355c4f29089731e8,0.9320635567325322
ck_507e40760a24d2d5,0.7522917091057242
ck_0943e0f305078e34,0.9880423711550215
ck_abc54ed7111e9ed1,0.3466897535139539
ck_a60fe02fc04407a9,0.7656752902831534
ck_244b897bb4d57c1f,0.33660623344876756
ck_8c84fcde93a04334,0.917335506213078
ck_9eea37d2de633b27,0.20529639437767366
ck_b2cb9e6610eca967,0.43715624363414135
ck_09aadb4c41b166f1,0.8164391933183948
ck_8d94fbb4828ef326,0.2654512120594826
ck_089e3a07abbe3b8f,0.3059889997962925
ck_dfee9de05e3971cf,0.3220004074149521
ck_6abf8302ce052451,0.8798940721124465
ck_6ffa90143838a4a2,0.13577103279690364
ck_325caeab5c7a9c3a,0.41910776125483806
ck_1964ee9db929a173,0.9542473008759422
ck_942b95988a6245a6,0.7027907924220819
ck_913ecdeeb8e21a9c,0.3470564269708698
ck_ecf9794349eb4b3b,0.7871256875127317
ck_b6cb8d6ae828eed1,0.7338561825218985
ck_2f82ea66c4f53b33,0.9106131595029539
ck_6e676daa4855b58f,0.8776125483805255
ck_2a37fef48b44e9c8,0.5153595436952536
ck_3bd12d468fdc2450,0.26264004888979425
ck_1a28b6a40a6bd3b4,0.8510490935017315
ck_61b79dec96d15713,0.26970869830922795
ck_31d5e3daced93d3c,0.4337135872886535
ck_e6c8611c0cf233d7,0.18494601751884293
ck_f04761b4a937ac3b,0.3486249745365655
ck_38c1c75cf055031b,0.6991851700957425
ck_59a561f3df01441a,0.6763088205337136
ck_04e40f556a5062ef,0.28720717050315747
ck_8409716d174635b6,0.4670197596251782
ck_3019afee83342701,0.6984925646771237
ck_b51a58e7f032c9a8,0.7662253004685272
ck_5043e474f848346d,0.5722550417600326
ck_4388abce33ecd01b,0.9344061927072724
ck_c93def7392f0aff5,0.8138724791199836
ck_72e7b1acc19df820,0.47689957221430024
ck_f253130dc3ca5b3c,0.39904257486249745
ck_eb264d1b180d4b4c,0.8919535546954573
ck_c2504f5a113433ee,0.1818089223874516
ck_c16ab1e4dafb4910,0.902750050926869
ck_4bc42878fa180991,0.8166021592992462
ck_1c771a7c78f6622c,0.5028519046649013
ck_d523f0e50a2747ad,0.17498472193929515
ck_9060f4e7ab7a1b0c,0.32083927480138524
ck_6b55ec4e87a5e22c,0.8216948462008555
ck_55fc62a5f89a7251,0.4597474027296802
ck_bd2545c62f258231,0.799348136076594
ck_1ccdc69d0bb712b4,0.5066001222244856
ck_710f867a3bd5898c,0.12413933591362802
ck_f91d48c40337d375,0.6243023018944795
ck_f76d929541ed41dd,0.8012222448563862
ck_e26a6659c237b650,0.8007129761662253
ck_184983177b73dea5,0.49028315339172945
ck_6d0d081bfa8a0022,0.7018741087797922
ck_2f6e64f638da0f97,0.26860867793848037
ck_15b93103ccd38609,0.3607455693623956
ck_094d10439b7b4eac,0.34721939295172133
ck_d2ca47180a926ba2,0.1708902016704013
ck_a69ca7b9d70972bb,0.27718476268079034
ck_68914e67343a7d32,0.3451823181910776
ck_8176616132458c0f,0.36807903850071294
ck_eee99af3598311b8,0.7299449989814626
ck_94410eedfca91304,0.7014259523324505
ck_cfb11a0a2325bff5,0.22550417600325934
ck_75217ee144b715f8,0.7803625993073946
ck_d56fc799542299b8,0.03414137298838867
ck_4c352dd3e7c81269,0.6385414544713791
ck_e23e50e02cb3904d,0.7943776736606234
ck_b921af37d500e139,0.65237319209615
ck_82181b935360dcbc,0.9816255856589937
ck_22a7cf3b99c5e5fd,0.6240578529232023
ck_f67ee7910d532216,0.3495620289264616
ck_5f48762a14a0326f,0.12255041760032592
ck_1757fcb0e6e3f88e,0.8725402322265228
ck_2c2f080ba185016e,0.6972499490731309
ck_4c25570eb72711b8,0.114585455286209
ck_a3be871ca22ac416,0.6334691383173763
ck_ab70961e7c6695b2,0.44901201874108776
ck_a1cdebfc42a52448,0.27474027296801795
ck_f1b80b821a20186d,0.6911387247911999
ck_ae668e4564cd2aa1,0.0769199429619067
ck_0e2bc3a5afa439d8,0.7856793644326747
ck_3dc378f37d0b74b8,0.44159706661234466
ck_9f9555197480d1cd,0.49938887757180683
ck_bf4e7d48770a4a8b,0.7970869830922795
ck_614ef655f0685060,0.21356691790588717
ck_04d2ea38ee27770f,0.044082297820330005
ck_e03a9d8ac94161d5,0.33752291709105725
ck_d4007b5b26d9d854,0.047199022204114885
ck_2dd147ce6d61749f,0.5908331635771034
ck_ff45764ea7d6619f,0.6802200040741495
ck_dbc487cb0a6c18da,0.963841922998574
ck_791d5392bbd80447,0.30908535343247096
ck_b4068439c413b150,0.4080668160521491
ck_85df7b7de9700aba,0.26496231411692805
ck_001e42551cd06e40,0.24228967203096352
ck_a6c02ae50932cd9d,0.2640863719698513
ck_9fd0be2c018ff5e4,0.3818089223874517
ck_32a495128395fde5,0.7453656549195355
ck_b6f2a2fd232c141b,0.6430841311876145
ck_28dde633692904b0,0.854328783866368
ck_a1a93c5f375f6021,0.319942961906702
ck_e3982142336782df,0.6439193318394785
ck_a9812ff3c111ea94,0.6360358525157873
ck_f04062216f95fa00,0.7024444897127725
ck_7c560467daca735f,0.0184762680790385
ck_76ee10d6e2dba70f,0.7979832959869627
ck_3521243bdac61178,0.48197188836830307
ck_28588fb03b320520,0.7527806070482786
ck_580dcec33ec232b8,0.37398655530657976
ck_7109923fd7dab20a,0.42629863515991034
ck_7c872c99481c1e9e,0.5029944998981463
ck_46f4e1f5026f4d1b,0.0744550825015278
ck_00d1ebc31ec4653c,0.46048074964351193
ck_aac70764dde15168,0.7227541250763904
ck_648c03f9aa4e45f1,0.5614585455286208
ck_5478eb69ef912785,0.9100224078223671
ck_79b8523137bb2603,0.8135872886534936
ck_795c49f312640019,0.027459767773477285
ck_89184bf7b7fe41cd,0.8931350580566307
ck_97d4bd922996fa10,0.4435933998777755
ck_1cef30d08f3a598d,0.182807089020167
ck_2f9fd36a4a40a6a8,0.03754328783866368
ck_40780fc0f8d6f309,0.5603788959054797
ck_9083ca9fec2a7f4c,0.3590955388062742
ck_62081bc35aa59931,0.40645752699124055
ck_2e1b46c5fc56b863,0.8738235893257285
ck_3d139692c51b604a,0.7196781421878182
ck_b5e54e22e3d6960a,0.34809533509879814
ck_c0c4be3f44311b04,0.2931757995518436
ck_82a8bdd2692c2a5e,0.5086779384803423
ck_bdd2da300b530c5a,0.43379507027907926
ck_ee40498cd97183d3,0.26323080057038095
ck_70b9274473bd6dfe,0.4330006111224282
ck_473d6314ea614b29,0.25035648808311267
ck_7443d6dca8cd1352,0.06453452841719291
ck_3b49768b448b071e,0.528519046649012
ck_b43f04431c267dea,0.31770217966999387
ck_4424a5223ba2fe00,0.49684253412100216
ck_819bf3e8231f4081,0.566123446730495
ck_91d417507a8c58cb,0.8872479119983703
ck_e88e86b19cada4aa,0.585883071908739
ck_59684167f9c6bf4c,0.7559584436748827
ck_d5f5b0dc97b9dc27,0.4555510287227541
ck_13d1b192bbff8f32,0.3829293135058057
ck_b21d8630387cabce,0.24118965166021594
ck_e4ac22046699b99f,0.32387451619474433
ck_74b848064f2ff45d,0.33676919942961914
ck_166aa980cc87fa77,0.7062741902627827
ck_98e337806104dd88,0.2803625993073946
ck_66eb09be007f0755,0.4121002240782236
ck_3ec9b9d8dd7be11c,0.5441637808107558
ck_8b8b9de339d75d0b,0.7329802403748218
ck_6715139e240007d9,0.2516194744347117
ck_a0255ab46e122d2f,0.14864534528417195
ck_66e81a4190c33510,0.5116113261356692
ck_5d75ea4f5c9080bc,0.9529435730291301
ck_df69858b8a8b3165,0.32891627622733755
ck_e15252ebd7553422,0.5055815848441638
ck_34d6d74bb3ed11e5,0.2807903850071297
ck_c2608f78f6851d10,0.47101242615603994
ck_bb99071e8f58c8a4,0.6371766143817478
ck_06010f0df5b7cef8,0.540211855775107
ck_8c582eb0f6c0148c,0.40446119372580974
ck_0034d010d28aea78,0.3988388673864331
ck_01c1f06692566ca1,0.5029537584029334
ck_4807726e797fb893,0.5354451008352007
ck_edc9668282e3c8cb,0.50325931961703
ck_5486768475af7bb5,0.9773680994092484
ck_3fb9813849e51837,0.31297616622530045
ck_861af5a9a9a6d619,0.5520268893868404
ck_da39653add0f1109,0.14542676716235486
ck_74a4244eb1f162e4,0.011407618659604808
ck_9a930faade55b8ea,0.4119779995925851
ck_fb6e06ca88519dcd,0.38537380321857817
ck_9776cd8263a9f415,0.518313302098187
ck_b3dd1198ac5aea73,0.5643715624363415
ck_b6675a04df1a4276,0.06268079038500712
ck_5c7ad6e731b69333,0.8863719698512935
ck_28dc0fdbaec00580,0.7611529843145244
ck_8e7a32f7e3905f4e,0.33538398859238133
ck_8563fed6674afc77,0.4852108372377266
ck_9a2fcccb82da663e,0.4308209411285394
ck_6a519bdac0d94527,0.04377673660623345
ck_a0dab7aa9c4a39a9,0.5017315135465471
ck_a3ce05e9e5e32142,0.47718476268079035
ck_7a7e40ee3f97c035,0.7898757384396008
ck_9e9a830785112a73,0.5738847015685475
ck_ab1bb02f6b189304,0.9344061927072724
ck_7b8cb0f90fbdc8c6,0.26993277653289877
ck_b138fc249e659e60,0.5158280708902017
ck_e73caa3771ec5e0f,0.33216541047056425
ck_18a55b06ccccd88b,0.676186596048075
ck_fdcb1d9265d8fec1,0.7991647993481361
ck_e21a900556b382ad,0.4298431452434304
ck_c6bf67470f526771,0.6169892035037685
ck_b568ba3837afb39a,0.09472397636993277
ck_a2858979dd5645ef,0.16064371562436341
ck_1da9d40837ebaa57,0.555123243023019
ck_9341c7959543c542,0.24141372988388674
ck_c8ad86806b9a2369,0.7775106946424933
ck_5c85d93ecfed4b0e,0.5314320635567324
ck_f07b09879d697b82,0.03617844774903239
ck_fe43da07608b1749,0.5554084334895091
ck_4bca22b5926b9c28,0.19339987777551437
ck_aba573aa942b1d41,0.16970869830922797
ck_57c14e32fa4683bf,0.24233041352617643
ck_891530b489ce402b,0.20348339784070074
ck_5e74fdadb93ff293,0.7918517009574252
ck_14436a409ebcc90f,0.46190670197596256
ck_00013fdfa0bd37dd,0.25333061723365247
ck_7dbe24ba01316775,0.783092279486657
ck_0e3f80c1553c591b,0.48869423507842735
ck_3edc45db58760d76,0.1579955184355266
ck_29076a13f539187a,0.9178244041556325
ck_b1e81b58b9a545ce,0.8295172132817275
ck_3f8571d4f7420b2a,0.6770829089427581
ck_7dff6abe4bd644dd,0.9459767773477286
ck_2884bab237af16b7,0.4477082908942758
ck_231e6dd1fe708000,0.2193522102261153
ck_33ecaa7b892e73df,0.2628030148706457
ck_b109ec4c63503030,0.28696272153188024
ck_a7f522382509cef1,0.053676919942961906
ck_748b3ea941d8b3b9,0.8909757588103484
ck_29f3a1737a2d9634,0.5381442248930536
ck_cee8d42475a0f020,0.46261967814218774
ck_c6b6ebe145a8ffab,0.09782033000611123
ck_21c99e1d6b881894,0.15304542676716235
ck_5ad798286384484e,0.6756976981055204
ck_b621b6ffcc7f4848,0.573110613159503
ck_ea819e337233475c,0.8650234263597474
ck_9e3896c2668ce06b,0.7202485231207985
ck_501dcf1ead036d2b,0.24416378081075574
ck_8d5eda29a2cffa3c,0.19949073130983908
ck_4d3aa36ff83f1132,0.9400285190466491
ck_8e9faf94e3e6c757,0.057771440211855776
ck_ce0ec41f96951048,0.49413322468934606
ck_f09165d73ee903b1,0.4256671419841108
ck_a432b1bf1d3b3d5e,0.9138113668771644
ck_ea618f720ff0b4b0,0.49060908535343245
ck_7584e7bd755cb28a,0.5152169484620086
ck_e14681aad43e1a72,0.6980647789773884
ck_5e18870d8e30e379,0.5424118965166022
ck_ff7c26a62bda8089,0.06630678345895294
ck_cc5a35175d381d5a,0.2689549806477898
ck_3c25029e40aa8a84,0.11462619678142189
ck_771247b5bc16c12a,0.22544306376044
ck_664b5e02759f985a,0.22140965573436544
ck_692a9e8f504b9762,0.06268079038500712
ck_df8ad2deb0a4ffed,0.5456915868812385
ck_eb48c0bcd12ea654,0.49942961906701977
ck_7c77e597c951cdad,0.49313505805663066
ck_4f75144c6f3b13ad,0.47679771847626806
ck_1bcff399166d7c43,0.47956814015074356
ck_975c2aa3d4a8c51a,0.23662660419637402
ck_bc6f07b06aaa4ce3,0.8712772458749237
ck_80b072b7f3c7e8e5,0.41988184966388264
ck_471e4018a23b4e56,0.5270116113261357
ck_53cddfba570b4a3b,0.5360562232633937
ck_630530e50764f229,0.522693012833571
ck_dcef7887a4f1e435,0.5579140354451009
ck_2795921a055643f6,0.35147687920146675
ck_7456df89f3792235,0.10670197596251782
ck_5014a3b07e1f049f,0.9181707068649421
ck_d4ec44760cbe03f4,0.40160928906090854
ck_96810ad39d4cb7b0,0.5585047871256875
ck_3222ea25aa29bfa6,0.19431656141780404
ck_f6c42001b84a10cb,0.720920757791811
ck_5ac86682385c86b8,0.2827459767773477
ck_4280c33af57eb4f4,0.3368303116724384
ck_05f79ddd8eefaa56,0.5521287431248727
ck_3a57a13ce032a6fe,0.06777347728661642
ck_a721f0d635fad68a,0.2573436545121206
ck_a3f821bdf408c326,0.3268079038500713
ck_0ada63008be5685a,0.5116113261356692
ck_8c949bdc6e8720fa,0.8429415359543695
ck_c0d2c56f9c722e99,0.9790588714605826
ck_5d2b9e6e087b8dfc,0.9973721735587695
ck_5217b55593a332ca,0.8918720717050315
ck_7a7bb9be5a7e48ad,0.6439193318394785
ck_24cd0d779e866287,0.04125076390303524
ck_7367917891a63771,0.6556325117131799
ck_4b31a8862a857e6e,0.9663882664493787
ck_81429c4910ca46cd,0.1810450193522102
ck_b35d803568f82d9a,0.49040537787736804
ck_4b00e75c2d2d0522,0.0823996740680383
ck_77fced07f6dff42b,0.48089223874516196
ck_3c9a06eb07c300e4,0.3323894886942351
ck_b3867f7f494db64c,0.10173151354654715
ck_0c45e54897ab34e2,0.6958239967406804
ck_507a6a580ab55c76,0.34008963128946834
ck_291bffc7809f896a,0.04638419229985741
ck_3753cc5b9d02e2fd,0.10623344876756978
ck_4f63d5245b3ac1dd,0.3543695253615808
ck_9dfb2ae78659240a,0.5030556121409656
ck_90f6f5ced708aa75,0.01181503361173355
ck_8b5b5a6b5539e39b,0.9532287634956202
ck_4719112b55d20161,0.495620289264616
ck_fec888a7108ca52d,0.9825015278060705
ck_4f5d022c99f118b7,0.7409452026889387
ck_e967ff05514b697b,0.7206151965777144
ck_839ce35819bfa4fc,0.11391322061519657
ck_bdee1221b9addff8,0.3230800570380933
ck_9cde4036d0914427,0.4872479119983703
ck_5ac959cbcc5e98f3,0.2214707679771848
ck_619842688294dabc,0.29266653086168265
ck_7373d7b04c7799bd,0.4438582195966592
ck_c1dd3feb9a0b6471,0.6796903646363821
ck_0324a4812ec319c6,0.45496027704216746
ck_7f3685aa2933b251,0.7367284579344062
ck_06aee5a62a67a84c,0.8237930332043186
ck_3428910b44b9d08f,0.5282949684253412
ck_c3ba7534cefc1de8,0.20313709513139133
ck_1f1273a67cbad5e5,0.9402933387655326
ck_124565a11b2f8bb8,0.4354451008352006
ck_38e46bc861e0165b,0.5803218578121817
ck_c8ad3f01319c065e,0.73905072316154
ck_3f94a34f5038f7c1,0.949582399674068
ck_cee56be5a502fbd1,0.896781421878183
ck_2b90b76cf4d162f9,0.32897738847015684
ck_884b2e463ff1d54f,0.5305968629048686
ck_fab4f2f8531b4827,0.47641067427174577
ck_4fc6256e0e60a926,0.6595233245060094
ck_0a2f8b2f8a5b6f02,0.4090038704420452
ck_9c0deab8a8367c5e,0.1247300875942147
ck_d3a2a4c011fa2554,0.5024241189651659
ck_4108b4038f762817,0.4473619881849664
ck_4df036e2aa7e1056,0.391240578529232
ck_ec094eb1cbb3efc5,0.05316765125280098
ck_09f8f51bfd2492c6,0.10421674475453249
ck_b60fb9a10d6f4489,0.6826441230393155
ck_3638bc3388dbc1bc,0.9073334691383174
ck_7a58e0cc9943c39a,0.2522102261152984
ck_37dab6a0a536ed49,0.8008555713994704
ck_adc576690df5b33b,0.5461397433285802
ck_1383b2b1875000f2,0.2808107557547362
ck_43c1248db37a2eb0,0.1696679568140151
ck_29c11bd68858e923,0.19409248319413325
ck_9401f9e11f65337d,0.4315135465471583
ck_ce5ed372b1a2ed6b,0.5211040945202688
ck_08b4619490e751a8,0.9415563251171318
ck_44b9125526acb05d,0.24929720920757792
ck_ef1a1de20d2124cb,0.5838663678957018
ck_e5e2624b7fc89774,0.6062130780199633
ck_f5100511609b92c0,0.058158484416378074
ck_64f3bb17101b7c42,0.3391118354043593
ck_ea1e5b5128ecba2c,0.3662864127113465
ck_516163fcf04d5e77,0.5976981055204726
ck_7f9a748110d70005,0.19859441841515585
ck_d263b55f0a681cce,0.6793033204318598
ck_0e962eacf98a813e,0.16182521898553678
ck_0406931800e0e2e6,0.27459767773477284
ck_0e9b982afc88a3a9,0.9842126706050112
ck_8bbb625384edebd7,0.05787329394988796
ck_5eaeb87bf6207406,0.9854349154613975
ck_cc3318839c4b0745,0.35365654919535544
ck_08a0355d1f1890ef,0.22440415563251173
ck_af7ffd1a822460d3,0.9010592788755347
ck_2a09c7aa870edb6b,0.4196781421878183
ck_bc04f51c23290bcc,0.268873497657364
ck_d3a8333cb389f4c6,0.4072519861478916
ck_88e3dd3039508332,0.5631289468323487
ck_b8c7771de9b57705,0.5526583825626401
ck_585ababa02383b50,0.23004685271949482
ck_e988c108754cee9c,0.38688123854145445
ck_4a691892d9d6cf89,0.555082501527806
ck_7cdce37d895eefb8,0.49757588103483397
ck_483fb981a1fb4317,0.3042167447545325
ck_c1e5182bd99e0e35,0.8193318394785088
ck_9a1e3ec9a1839939,0.36750865756773277
ck_5c3f13de0dbd5086,0.37846811977999595
ck_f4f6f0caaab70040,0.5144224893053575
ck_791be3378dd7d64c,0.30358525157873295
ck_956dd784525f5886,0.4317579955184355
ck_098167eaf124c279,0.5601548176818089
ck_33ecff7914349ebc,0.4892442452638012
ck_e05d44e46c7174e6,0.38899979629252396
ck_1b2ce474fa6582b4,0.6151762069667956
ck_ab581082e8f72e3d,0.2923202281523732
ck_e63256667aa19070,0.7465064167854961
ck_f568772b6cb3febe,0.674231004277857
ck_dd89a282375bbab6,0.7079445915665105
ck_a39d0bca345b492d,0.11104094520268894
ck_d12d2924d0f7a64a,0.36763088205337136
ck_6a548da1728b5823,0.9810959462212263
ck_6d64193681d2a94f,0.841943369321654
ck_ced6b6dcdc7c201a,0.3357914035445101
ck_d1b0699d26282871,0.5613159502953758
ck_58f757e40a9b8877,0.333550621307802
ck_3272c2c4a37d5220,0.9045426767162354
ck_d94dfde9e03c9d1a,0.716541047056427
ck_08a6d4903a7fbaca,0.4792625789366469
ck_6c72a36b05fa0f4c,0.6981870034630271
ck_dbb4bd4eda97255d,0.37488286820126293
ck_94b59bbc824b307a,0.12733754328783867
ck_0229a07185f15469,0.48606640863719697
ck_11bf1039f8b3025b,0.275351395396211
ck_36789ca11459131e,0.7507639030352414
ck_8572c5f5c1447c62,0.6452434304338969
ck_9e75c6641939f4fc,0.7862701161132614
ck_b45e47c39d4dc7bf,0.5804848237930332
ck_02903c48b6cfd65d,0.15483805255652883
ck_b153386f1729de81,0.16237522917091057
ck_36979996f33498f7,0.9468934609900184
ck_3c02d4dbbf6716b6,0.38431452434304336
ck_66c9a19963957531,0.7982888572010594
ck_bae8dae7cfd8baba,0.07327357914035446
ck_bba0ccc6cd968680,0.7578936646974944
ck_3267fe3aac05c71e,0.37382358932572823
ck_40052cac10562cde,0.4632511713179874
ck_d973444855403e2a,0.404379710735384
ck_012519bb095ad36b,0.9924831941332246
ck_ad7c256ea10c4a00,0.861927072723569
ck_70a60e095e9b706f,0.1193522102261153
ck_f2734417c0db4ee3,0.5767162354858423
ck_9cb89cc3178e0172,0.7029741291505398
ck_779cc0f2de4d5488,0.8786310857608475
ck_35f8656bf93e3b3d,0.40002037074760644
ck_bdd8eba728800e29,0.629965369729069
ck_002cf760d173f0f8,0.5279282949684253
ck_b046067c6ca3831e,0.2429211652067631
ck_a4a42d4bff8af645,0.3937869219800367
ck_bce253d2396681a1,0.5311468730902424
ck_00dafc060c8de32a,0.5470971684660827
ck_968a99e097ee78c9,0.8152169484620085
ck_66949171b387bb93,0.4576288449786107
ck_ad305286702b1958,0.11328172743939702
ck_4732da7e0d2dfc7c,0.22110409452026894
ck_17a95bba77217d85,0.6111529843145243
ck_3e2516a3e35067e0,0.3474231004277857
ck_0b615ed566da1f58,0.5227337543287839
ck_d2b3ce1ebabe9f93,0.5894275819922591
ck_a892252e4e0c2828,0.4101242615603993
ck_cf606fd6ebfdf9bc,0.04501935221022612
ck_718865237134ebe8,0.21943369321654102
ck_878522cb775b904c,0.7570584640456305
ck_9ed53de6ef779ae0,0.15324913424322673
ck_3f16e2cd7e6874cc,0.6257689957221431
ck_3c59df37895ead2d,0.30977795885108983
ck_6821459b626d492c,0.5285801588918313
ck_11c7667920541587,0.2817274393970259
ck_23a016cf6b98d89c,0.6905072316154003
ck_7137eeb394d200f1,0.7777551436137706
ck_9c4886c5c90ddbdc,0.3940924831941332
ck_1422a7bf7756294d,0.9755958443674884
ck_7ebc5fa7f0d3b8f2,0.5848034222855979
ck_fcc2059a8d5c41fa,0.8438174781014462
ck_00ff7389d6a83e29,0.8346302709309432
ck_03129b41457795d2,0.47339580362599304
ck_38ba64efa7c38250,0.5035648808311265
ck_57a6b56b09bff24e,0.41570584640456304
ck_e3b3c5a80a567418,0.14459156651049093
ck_fc40a16adfced018,0.3690160928906091
ck_9d4b5e6b43bad4d8,0.6789977592177633
ck_61129937ee466b49,0.5659401100020371
ck_74112e47b8629c2a,0.8245671216133631
ck_b4703ee97f94d7fb,0.3288042371155021
ck_e560f720a988d8a2,0.8954369525361581
ck_708fea345f68037e,0.33310246486046036
ck_25394c1b83e0b803,0.8495009166836422
ck_17ab24fe914ae44b,0.11203911183540437
ck_16c501470d9bb006,0.07133835811774292
ck_628f449e248c19b7,0.5358932572825422
ck_6d64190623dea714,0.22230596862904867
ck_504a45ee08db72b6,0.5208392748013853
ck_6cbb011e0c70bc7c,0.24066001222244857
ck_b3225a98acd04f83,0.2184762680790385
ck_aa37993f1c17cd1e,0.6678142187818293
ck_558cfe5f77a55a9d,0.25984925646771234
ck_0d0a1a021efea5b6,0.5897025870849459
ck_daf7aea023b7a8f6,0.5433693216541047
ck_d75f25184ece2b51,0.07508657567732736
ck_466d4b5366c50b98,0.5882868201262986
ck_88f27ab479063852,0.4840293338765533
ck_66779098e78c1760,0.3717865145650845
ck_b150fe4efb449b05,0.49757588103483397
ck_9c3aa9f23d01fa1c,0.15168058667753107
ck_6a01c375fc26705a,0.16044000814829903
ck_002eb6552b504ea1,0.24004888979425545
ck_affa5aa0bff9bb0c,0.5617233652475045
ck_027614eeba8b1a4b,0.2848034222855979
ck_67e075c982add719,0.38682012629863516
ck_399b0d510be98bd2,0.4171521694846201
ck_e9b0bca7368555ef,0.18111631696883276
ck_59c29d9c57b4f994,0.846037889590548
ck_37176850ed68831e,0.29071093909146467
ck_a0db4ccca08030c3,0.9574251375025464
ck_aa188e5c25f7f42a,0.5135465471582807
ck_7de6997178207800,0.030413526176410674
ck_c729d19053387be9,0.7044000814829904
ck_f2d3e3d90608596d,0.9209818700346302
ck_2db3fb565e0211ee,0.10721124465267876
ck_bed8a480e27e911e,0.6229170910572419
ck_d7ad9921a4d25926,0.6511713179873702
ck_2a59f23fc5194699,0.846974943980444
ck_63601a58a6120d8a,0.5624567121613363
ck_efd7b9e22c6317d6,0.39606844571195765
ck_9ab42875a0f95b43,0.6292727643104502
ck_85cb5033fca7c846,0.6999388877571807
ck_5249b223000915ec,0.5410266856793644
ck_3efb0e9bf25612c7,0.24049704624159707
ck_678e74532ac19700,0.36850682420044817
ck_a980b296c95153f9,0.4449174984721939
ck_01ac687ce0d696a7,0.5955999185170096
ck_52e1418cf1aa9871,0.46341413729883896
ck_7d28da4f1dab09ee,0.762578936646975
ck_010d0c2e6c1657fd,0.7092483194133224
ck_b524f7a2e752b9d0,0.2635771032796903
ck_cc447fcc24a0772b,0.773436545121206
ck_2cb3c99845e572da,0.16917905887146056
ck_604c710141327a81,0.25551028722754127
ck_8d5fa65717d2e0c6,0.5294357302913016
ck_31199510b40602a1,0.49346099001833366
ck_49e253ea12f4e922,0.4775514361377063
ck_780738e0d71e7e43,0.4452230596862905
ck_2cd21137a07fdd7d,0.19215726217152168
ck_5e021f2a3b66e256,0.6002037074760643
ck_efbc79246e32c66a,0.46976981055204725
ck_9951bd806c13c7fd,0.7821755958443675
ck_7a52674e2806d8f5,0.8575881034833979
ck_1a319e509f1efa1a,0.023018944795273985
ck_c920901b9a4ba993,0.9598085149724994
ck_b71279e807d0b3a7,0.450091668364229
ck_47e1032f490bb018,0.6403137095131392
ck_192579ecdca7ff83,0.483968221633734
ck_b1496c474c4a3239,0.14872682827459766
ck_5e68ea2c5e893cf0,0.6062741902627826
ck_f2ecab85d4693b4e,0.640211855775107
ck_89d7bfc81c3df597,0.2837034019148503
ck_7929284327667791,0.6948665716031778
ck_494ec63c5ce8e150,0.3814829904257486
ck_319b059bb2145586,0.6806274190262783
ck_ccb3767c239018c1,0.20688531269097576
ck_a1c7adfe26e09a8c,0.6509676105113057
ck_0e13c4f73818149b,0.6816052149113873
ck_c285a51ed6214f52,0.39737217355876964
ck_916784595f028226,0.8361784477490323
ck_6cd8e0196365c474,0.5336321042982277
ck_57b657aba4daffde,0.5860256671419841
ck_562c76a3753fc7da,0.946689753513954
ck_66cfc1ebc9a513c8,0.26687716439193315
ck_0f38d4aed68d7d24,0.5453249134243228
ck_d8ddf5e99f7859e4,0.6265023426359747
ck_41bc3efa0fca700e,0.65768995722143
ck_40799e129fcf42c5,0.8343654512120594
ck_786f079389126e44,0.7146669382766349
ck_bb4c6b713eb0b978,0.724933795070279
ck_4f01f7eac0efaba5,0.3344265634548788
ck_47d29c01b20cf69f,0.36736606233448765
ck_bf15a1f8d67a30d3,0.457547361988185
ck_bfecad7586f65e4d,0.668547565695661
ck_fc9f16df35190eb4,0.9184558973314321
ck_c09c914e416edd08,0.4141372988388674
ck_c54c5d8e4433b0f2,0.06123446730495009
ck_1694c28f44480e98,0.6331228356080669
ck_1dcaa3078dbb7571,0.11509472397636993
ck_af559f990c640e41,0.48101446323080055
ck_9b436162039a77d0,0.7823589325728255
ck_79d62ef181bd0cd8,0.6507435322876349
ck_23caafc2cd34242c,0.4629456101038908
ck_ffe2aa26f597e552,0.6007129761662253
ck_e6ffd0754ac08661,0.050173151354654714
ck_beaacb4a783db21f,0.2645141576695864
ck_9863bff41d24ce9b,0.27433285801588914
ck_323b9cc5c49f8ea0,0.6615400285190466
ck_ab3de3d3e41c2082,0.4746995314728051
ck_35c93b2924900376,0.24332858015889183
ck_5a9d5f9901e37e31,0.5206763088205337
ck_782b0be796164335,0.21462619678142186
ck_11960b5f1c7a5e2c,0.25176206966795683
ck_9a66cb13a9884cc2,0.3658382562640049
ck_ba666a425930615a,0.11971888368303116
ck_40140bef4db73741,0.3175392136891424
ck_e05e91cc180063d4,0.884294153595437
ck_c7f6f45710bc050f,0.5015889183133021
ck_055fb9f2e1c8c934,0.8523731920961499
ck_58bb02d98e2b9cd5,0.5981462619678142
ck_d9f8efa6a7800f76,0.34713790996129557
ck_69691226c68fd50b,0.9050723161540029
ck_6f2f0396e5b1c538,0.9811977999592585
ck_78bc3f1d0f35ea6c,0.43016907720513337
ck_2d5a6b6636a2596b,0.08233856182521898
ck_7878545739af0a73,0.05198614789162762
ck_03c4fa4f3ed3512e,0.037991444286005295
ck_1a9e51d092d62c84,0.9384599714809534
ck_9f3861940d8d873c,0.5366673456915868
ck_4684fdd61c6a0fac,0.4947850886127521
ck_715966f86d5c913d,0.16149928702383376
ck_77f293d44b4a3d2e,0.7689753513953962
ck_24dae044dc05f849,0.6062741902627827
ck_00b9818e2064405e,0.8474638419229986
ck_c1c2cb49c3c1b0f5,0.8607863108576086
ck_bed50fc64fbbf8ec,0.2871256875127317
ck_4f6ed5ea5ab7c429,0.30627419026278263
ck_458531c22ec2f9b3,0.32609492768384596
ck_51c50c4c443df31a,0.952515787329395
ck_732d45bd578dc39d,0.42224485638622933
ck_783fe5bc20cd02db,0.7749032389488695
ck_7f188aaa63d1d442,0.41472805051945405
ck_ef307a6aee38d1fe,0.9571195762884499
ck_e37196b20968b73c,0.6777958851089836
ck_4ef9de711c3d93b1,0.5971888368303118
ck_17946516d5df71d7,0.24852312079853328
ck_3534be0f4efd313c,0.6336117335506213
ck_29fbabf855cabdff,0.09729069056834386
ck_191673540d8486af,0.7160928906090853
ck_5f52728d777ff2c5,0.41434100631493176
ck_a045a19369016818,0.9934813607659401
ck_4eadbe7298b15e96,0.5487675697698106
ck_a3a0bd59729fe619,0.3584640456304746
ck_a1e77090b1c6ccf4,0.08987573843960073
ck_69ab9d4784eb77bd,0.5727439397025871
ck_baa47383ffd50f04,0.27508657567732736
ck_e35b2ed08b9e55a7,0.21293542473008759
ck_b6e3af0a5119d9a0,0.8048889794255448
ck_a7c1dabf3869772f,0.8421063353025056
ck_80b8fca67a14e0be,0.9213078019963332
ck_dd9c5f0c42878e67,0.3392748013852108
ck_41ef7967faf5ce82,0.2531269097575881
ck_a93560aa348d6225,0.702281523731921
ck_ffe91d6f0bd93fc6,0.6731717254023222
ck_fbf630c960194033,0.5310857608474231
ck_497ed60723283c0b,0.3556732532083927
ck_2a46b7ca55239413,0.25216948462008554
ck_1a4e5ace078dd782,0.5650437971073539
ck_616cc31910f5de50,0.23253208392748015
ck_0d65bc749eb42710,0.3776736606233449
ck_2408db62e4395ccd,0.4727643104501935
ck_5d7721930106dce8,0.4191281320024445
ck_e8a6acea22b20312,0.883316357710328
ck_e2f792fae128b18e,0.8195559177021797
ck_e6d3ce445b86003f,0.11774292116520677
ck_263334d722ecbc97,0.9135669179058872
ck_8c5b29f6666d4874,0.5619067019759625
ck_7ea0bf310fc20c7b,0.9390914646567529
ck_54d463f7fd89ec3d,0.6031167243837848
ck_79e45040dbdd6447,0.7811366877164392
ck_60b4d59953505682,0.9657160317783664
ck_fb00dd5021642507,0.52041148910165
ck_f409ff994a210601,0.8379914442860052
ck_2ca0020038bfec58,0.9379507027907925
ck_adf84b9df54c3d80,0.6789977592177633
ck_942dbf632591b65d,0.7066816052149114
ck_454a7e4d859a3409,0.17217355876960685
ck_2139062d4569aa07,0.1530250560195559
ck_e949a0f4df0b3902,0.8384396007333468
ck_bb113e3e6716ed65,0.3757995518435526
ck_6a28ea6ce69cb869,0.8176818089223875
ck_7df9910af2bba21b,0.22387451619474433
ck_78aa4b731cbfe251,0.2985740476675494
ck_5839f5cbd8165b1e,0.5045834182114484
ck_7158ad9e58769ffa,0.865797514768792
ck_acee218cbe61df69,0.6885923813403951
ck_f8dc8473c2772729,0.7978407007537176
ck_f34c93a8173555b1,0.7299042574862498
ck_7cf301d075e4e709,0.3740069260541862
ck_b87e88ee5512ea17,0.23261356691790588
ck_bed0c020b10afa3b,0.4906294561010389
ck_ca10102961f99eb4,0.15817885516398453
ck_393287947b5c8d79,0.3953350987981259
ck_2fe6cac002142f67,0.6144632308005703
ck_79c7f0d29b1db1cd,0.7362191892442453
ck_c735b643d3cbf67b,0.4447749032389489
ck_ea4332c8fe48e2a3,0.3429822774495824
ck_d39864119cdd460f,0.30886127520880013
ck_3b963d6be2773861,0.09498879608881647
ck_df39e3b8a9fd0bfd,0.9509676105113058
ck_6236a461dc0d11a3,0.18191077612548381
ck_475ebccca25e30d1,0.4291912813200244
ck_c10c8bcf5bcd516e,0.6897331432063557
ck_49ccc3716a564256,0.5641067427174578
ck_4e4f99102f6938cf,0.12185781218170708
ck_a97b481ade6f7972,0.705398248115706
ck_3fa559c679751b3a,0.5719698512935425
ck_3eba1fd2c7acc4c0,0.9491953554695457
ck_18c179b4afc4fccc,0.44377673660623346
ck_cc1c0b93d05b7d20,0.737930332043186
ck_742f7c28ddd019e8,0.5888572010592789
ck_04470bc93b8a0d71,0.3277653289875738
ck_6e8f8ef7a03cc6bf,0.687370136484009
ck_eb1ddfc353b4da83,0.026400488897942553
ck_98831b57c7ca2e4f,0.05290283153391729
ck_a6c7b8d6e8596d4f,0.26838459971480955
ck_cd7d24e3b095e96e,0.8163373395803627
ck_3f5ae4673a9f858e,0.6619067019759626
ck_05f375fc8ae0afb0,0.37361988184966394
ck_1fc98436281ee39e,0.12124668975351395
ck_6c48c58678f64bae,0.022367080871868
ck_8c95aeec6a4c75b0,0.47899775921776333
ck_364cde38958b7af3,0.9172540232226523
ck_85bf21aa1a00452f,0.15094723976369934
ck_796d3eaabc667c23,0.9937869219800366
ck_ac449ee0c315edde,0.08380525565288247
ck_6f9fd15ac6b163de,0.25371766143817476
ck_4087065be2a45ad7,0.8414952128743124
ck_ecf006bbc78ee3eb,0.9173355062130779
ck_8ca808cc5a49cb5c,0.3648808311265023
ck_94b90ab8b2dfb50f,0.4953962110409452
ck_59fd11b3232de9dc,0.9678957017722549
ck_67f3794d93e2dd67,0.8481360765940111
ck_b7f5acf5df1bb13e,0.30032593196170304
ck_fb04ecbaebb774bd,0.22644123039315542
ck_68ef3e7301c621b7,0.6316357710327969
ck_41406cfa209b6bda,0.4205540843348951
ck_b0f8f5408662337b,0.21884294153595438
ck_0d2901bfe585c391,0.9001222244856386
ck_3398551e81dbf3db,0.6707679771847627
ck_61c3e3e277629646,0.31104094520268893
ck_2825e34dd3e7ea2a,0.1984721939295172
ck_20d7571ba830009d,0.43589325728254225
ck_c98b16f9a72a6568,0.06286412711346506
ck_e7c8a9e4641eb9ed,0.014728050519454064
ck_254a7c97c36dab8d,0.5912202077816257
ck_e98429675b46272b,0.12578936646974945
ck_c2fc0ac460786d02,0.7817885516398452
ck_fba15647b3a140d9,0.3394377673660623
ck_15ce50f2704227be,0.5129150539824812
ck_8c748aaa4a4554f9,0.3614585455286209
ck_e00e82a9419ff086,0.6246282338561825
ck_832341c98254bd84,0.7705642697086983
ck_27466468d06db4eb,0.7750662049297209
ck_9d7b9e3ff1f3e71e,0.14267671623548583
ck_42c6973d3a6fe983,0.0827256060297413
ck_877c85bad118bc62,0.8506009370543899
ck_75d2a2715259c4d7,0.501120391118354
ck_37d3e5c681a2214d,0.9167040130372784
ck_bf285dd49f372de4,0.4522509676105113
ck_a5bdd026fa9c50fd,0.40690568343858224
ck_88d9244a9cf7a77e,0.945202688938684
ck_5881b174e49b04ee,0.178284783051538
ck_5b16d67c5ea89930,0.509737217355877
ck_b75b936aafac56b9,0.3860256671419841
ck_aed2681e1646a0df,0.7868201262986352
ck_f63cb5e8cc702bad,0.507129761662253
ck_1805fcfc4a9e4ffa,0.972275412507639
ck_25c355da356c730d,0.473253208392748
ck_70396398e4a96449,0.40774088409044607
ck_0f743bd13373748e,0.5905683438582197
ck_4b387765f0e916cd,0.0389284986759014
ck_e971faae8a10a260,0.2607863108576085
ck_9eb08369e983abfa,0.03778773680994092
ck_c30c5844512e429f,0.7751476879201467
ck_59e77e3a81f1fa0d,0.3992259115909554
ck_ca4465f2b5c1a52e,0.9798533306172337
ck_c89b9ca398402f1e,0.15946221226319007
ck_36e72ef9273e7a95,0.24153595436952535
ck_2bdd8616870e5e1c,0.21238541454471377
ck_216e87a41de22b5d,0.821389284986759
ck_60f4fb44f5efe3a0,0.06921980036667345
ck_05652e8ace6ce6cb,0.27062538195151764
ck_8c136dc691e65695,0.018965166021592993
ck_a08f8dfadbdca112,0.40890201670401305
ck_bda4041a3e90d860,0.5193725809737217
ck_15dd3ecaa8ce0245,0.9574047667549399
ck_3e3c64b3b7876ce6,0.7706253819515176
ck_46225858a38b2e57,0.325911590955388
ck_0cb9f54928f4feee,0.5341210022407822
ck_152671fbf8a9a78e,0.7947443471175393
ck_ee7a515e87d17d4e,0.6072723568954981
ck_f7276091bf513d22,0.021511509472397633
ck_4f05daf1cf0d5755,0.25117131798737014
ck_83a69c4a5d55ef19,0.7167447545324914
ck_c50fed2a7c9198c0,0.43964147484212673
ck_70d19d5650ddc8f5,0.4331839478508861
ck_4b4d99e443618904,0.6125280097779588
ck_dca0b6ca93311ca2,0.9016500305561215
ck_b7431d4706461ec6,0.3520676308820534
ck_7b59d22cadef3b05,0.895518435526584
ck_53428573abcd606f,0.5395192503564881
ck_f538ab6aecf2adfd,0.0772458749236097
ck_d321249fb065d2fa,0.8654919535546954
ck_72fdfc7e6d8e1436,0.09225911590955388
ck_b52b99dad89ecdfb,0.6519861478916276
ck_d2d4282f9d256b3e,0.2312487268282746
ck_c8f2a1dd8a6141a4,0.1688123854145447
ck_8d38747058d0aeea,0.948930535750662
ck_3ac528caac74f563,0.42947647178651455
ck_8dbaaa00ad829ca9,0.46759014055815845
ck_7c38ec898f0fc21d,0.4018333672845793
ck_8171ef803f5ff604,0.5793033204318598
ck_01a750db6fc1168a,0.8911794662864128
ck_ceb017baa26e98c8,0.8541861886331228
ck_e2c66c72cc0b0f78,0.9081686697901814
ck_8d9518f64b222416,0.16536972906905684
ck_804c5a1fa5753617,0.18588307190873904
ck_fca7cc9c42695453,0.13328580158891828
ck_3a632cdf2c19051b,0.7115298431452434
ck_b2b63ea65edf1dde,0.700325931961703
ck_27b07021500ee841,0.6170299449989814
ck_9724718fe64c6557,0.9707068649419435
ck_2786cbc3e75ec034,0.8866979018129966
ck_d9c2622cb6df380b,0.385414544713791
ck_ae1da8ee98e402a4,0.41181503361173355
ck_62967b91504149f9,0.1804848237930332
ck_6b255bf68709109a,0.5987166429007945
ck_c55afc68421d85e2,0.2730087594214708
ck_7c7266f6ef2a8466,0.7941128539417396
ck_885cf685a9541190,0.9668975351395397
ck_1a4bb7d3d2ee3227,0.35993073945813814
ck_b4911c42f3bff740,0.018150336117335505
ck_66f9f78d4c6a3edb,0.7333265430841311
ck_49bdba9ee1899dfe,0.5759421470767977
ck_79b235d51718435d,0.34852312079853326
ck_d840db8cfe2ef6f1,0.11342432267264208
ck_610c7bcc1cd7ecb0,0.4948869423507843
ck_cf49b6544aff6c50,0.9136687716439194
ck_de05f97c3d40dd1b,0.6579140354451009
ck_0302f67d75973dce,0.4135058056630678
ck_54c2604c9ca6256b,0.4952128743124873
ck_a1c88c0568f142d0,0.7935424730087595
ck_5d72ff6cc2963d1a,0.318965166021593
ck_0446920a1004c596,0.16139743328580158
ck_71044c29ef071570,0.25728254226930125
ck_2122e9bb1afffef7,0.22597270319820736
ck_d1e3de178601d3c2,0.4564066001222245
ck_bec8324a3587ef04,0.2001018537380322
ck_b616b6f45225f319,0.7693623955999186
ck_ce1e695884511479,0.3544306376044001
ck_a662b4bf900781e4,0.030026481971888366
ck_b5a84c5547378c10,0.0984110816866979
ck_f80af368cfc6cb7e,0.5403748217559585
ck_da3526ab6c5c884a,0.6133835811774292
ck_bd20be9a3392d79b,0.23831737624770827
ck_b8266dcd90cbfa62,0.17555510287227544
ck_ac84b33304362c06,0.5036667345691587
ck_794d8935a895e33f,0.6746180484823793
ck_8fea7d915259f1be,0.21368914239152578
ck_7a1519ad5ff45312,0.10723161540028518
ck_9bf3ce30b65f75c7,0.6752495416581789
ck_5f864d72d1eead99,0.8156854756569566
ck_3c48e0cfc2a58041,0.9456508453860255
ck_d902183f80cc81fa,0.6494805459360358
ck_539cb0d117db8cd3,0.8685068242004481
ck_28f530aec8e77130,0.7222448563862294
ck_e7d903c50d353361,0.6391322061519658
ck_d288b77d1e227970,0.6331024648604604
ck_017208fcc01b5d40,0.18390710939091465
ck_7e3923d278a5106e,0.6558565899368507
ck_9700a00ff9e66216,0.42159299246282345
ck_5c36c78b7a4d138c,0.6246893460990018
ck_c457e9c9224b773d,0.40786310857608477
ck_1dfa91405d7e66bc,0.5214503972295783
ck_f1d8a2695a575e56,0.4957425137502547
ck_3b92a46daf8d00d2,0.4795273986555307
ck_aab23b5470469649,0.40325931961702993
ck_ecdd01a391610d99,0.09922591159095538
ck_abd3aa292f8edb4d,0.6151150947239763
ck_7fc9a0776e1339e3,0.16484008963128946
ck_c0389ebeb0e65cb8,0.14856386229374619
ck_48d0fc4f6a2109fa,0.9780607048278672
ck_571dee4f3336c7ce,0.39832959869627216
ck_4cedf26628c84f26,0.39234059889997963
ck_63356762d24aab81,0.7541658178855164
ck_2c5bc11bb7ae5d2c,0.9657364025259727
ck_6d26a152f900fee8,0.4140150743532288
ck_c972b0e781efed3b,0.33043389692401715
ck_fa0ecbcf9a33d6ce,0.4168262375229171
ck_fa3a766e49dc77ae,0.42240782236708085
ck_7baf1e55db0dc558,0.3122224485638623
ck_e8bc49e6494c1f37,0.43401914850275003
ck_8ef1d05cc1e53e7e,0.5721124465267875
ck_cef2a485a77e0723,0.1554899164799348
ck_228a583f23abff48,0.493522102261153
ck_ac32c6e374782b27,0.7410063149317581
ck_b9485218cef413f0,0.38840904461193726
ck_7f15503048915d6f,0.14200448156447343
ck_b62f5144db15ad34,0.895762884497861
ck_917d82c552f95a23,0.6602363006722347
ck_fb4797045077bc6d,0.05518435526583826
ck_2cf8a44e041217de,0.834345080464453
ck_b7dd681eb3d2ee38,0.38838867386433085
ck_e9e8cacd2fa35e79,0.44007944591566517
ck_342a79f91de5d1fa,0.553025056019556
ck_2c91f62c05685ed7,0.7194948054593604
ck_e30cb64302939f38,0.6521694846200855
ck_d0e95b90ba86da10,0.40928906090853534
ck_1774faf414a5d49d,0.9596251782440416
ck_2401e8ff89e574fd,0.9512935424730089
ck_0cd8802264e0a1ef,0.33534324709716845
ck_da84a0dfe947fd3c,0.17080871867997557
ck_c8affb27ba7fb5db,0.823161540028519
ck_bc7ece8787ca7200,0.3876553269504991
ck_469a0578d05990c2,0.11990222041148911
ck_eef67f8dea702338,0.4740069260541862
ck_4f490e379e9ded9a,0.4060908535343247
ck_354379de065a8ff8,0.1424322672642086
ck_5db1cb368bc41ac3,0.364025259727032
ck_9b1c3742dd6fcb8b,0.448136076594011
ck_63ce4f44c92d7143,0.6145447137909961
ck_e15e3390f5ed45f3,0.35901405581584844
ck_da645ea91d66aa6f,0.9299653697290691
ck_834ca727df855f07,0.8051945406396415
ck_e1d5ad20c737c745,0.7954980647789773
ck_ff8059ae5fa5f1ee,0.018781829293135058
ck_8bb9e75393954a1f,0.13385618252189854
ck_4e1757d1347ab387,0.9890812792829498
ck_af3f74b1d75a5d95,0.3768792014666938
ck_6b1ab0742ff04c3e,0.6040741495212874
ck_f56073911c9f1ab7,0.40499083316357715
ck_51bd5f69b4fe0b92,0.9397229578325526
ck_fc3d95030b81f416,0.00765940110002037
ck_cf78169633a1600f,0.12853941739661845
ck_ad7269eaa65c67f9,0.21230393155428806
ck_cc6d33890d47a6cf,0.5028111631696883
ck_bc8f31f4a2ffa1ae,0.20238337746995316
ck_720776a46e56dfa8,0.4436341413729884
ck_e2d1f212f259539b,0.3889794255449175
ck_eaf6f7082c3db2bf,0.7135669179058871
ck_773efe58c6278c3c,0.7307801996333266
ck_c4a72c09f2fdacc4,0.6089631289468324
ck_8982888dd6611143,0.13693216541047057
ck_9d5049e195eda029,0.34096557343654516
ck_de58ef6f9fe2b546,0.38517009574251376
ck_c0b50c11e4f5adf7,0.640069260541862
ck_ddaf228487858bb8,0.521389284986759
ck_eb2323215ff70362,0.4563251171317988
ck_168c96a1a636ea15,0.5468730902424119
ck_9c46711b14d9eebc,0.19407211244652678
ck_de8af660806b97b5,0.06848645345284173
ck_6ab83f45bf16eaa6,0.17755143613770624
ck_bf2228a052815840,0.7686494194336932
ck_3f943f20a9da9bff,0.5045834182114484
ck_3baae40454c00938,0.33147280505194543
ck_bc2e771a1d8d2dee,0.8071705031574659
ck_e55f5ca37f30ce8c,0.3008963128946832
ck_4ad5937bef176d89,0.1872886534935832
ck_126531a9126c17c4,0.22218374414341005
ck_7ec423cb56257516,0.41258912202077813
ck_54748ae0f2daaf10,0.5989814626196781
ck_ff24776280ceeeed,0.18199225911590955
ck_3c3a1a1365741bba,0.4308616826237523
ck_615277c8a4e2b18b,0.14061927072723568
ck_a96aaef34173aee6,0.8498675901405581
ck_bea56db7f3e930e8,0.16657160317783662
ck_ca491debd3b32a59,0.6269708698309229
ck_d9ea77f4114a389c,0.15005092686901608
ck_322ffda3332d08a2,0.5120187410877979
ck_c40ffefe4e30b001,0.6122835608066816
ck_3b1d7648d4580bef,0.11128539417396618
ck_23981a3261674131,0.4892646160114076
ck_11667f5b9fac7bc7,0.2054797311061316
ck_646bb3c7be5f0817,0.11334283968221634
ck_ebd0a45712dcf07a,0.4142798940721125
ck_baf43bf1bd963f9f,0.6499694438785903
ck_e0ca2c819658f6b6,0.9966388266449377
ck_f0d6633d0834fff5,0.5778569973518028
ck_91081be0254878a5,0.48545528620900386
ck_1325000bc7f35b5e,0.076981055204726
ck_c624b9063400fa3a,0.7496231411692809
ck_0ad6fa0e23c3bd0a,0.8571195762884498
ck_6ddb55b1f23c6cb1,0.5467712365043798
ck_dce1fb3acd65562f,0.3235282134854349
ck_a9aa389688ee5aea,0.3502546343450805
ck_5c5284c45d9ad8bf,0.7639437767366063
ck_9ce743dd3e92549c,0.5622733754328784
ck_8342e08cc2f9bcb7,0.2125483805255653
ck_25e551a0a8d2fcc2,0.7666734569158689
ck_d4fd0e438c97e0c7,0.8764921572621716
ck_ac7fe1c344190c50,0.4026481971888368
ck_ddd65711b5651f89,0.23143206355673254
ck_ec7406cb5cbc8f10,0.3812792829496843
ck_1c65e8d5be3b9c60,0.9147280505194542
ck_38ee42f15a573e81,0.5199022204114891
ck_0e5385c70c6de025,0.6341413729883887
ck_d3137f0f7629040b,0.46420859645548995
ck_9129c92c12e0c8b4,0.07471990222041149
ck_c86520a00e50a926,0.5192910979832961
ck_87f82b2b5fee757a,0.5457730698716643
ck_643abfbd7548d0c9,0.6425341210022408
ck_be51f4e5e6b85768,0.7092483194133226
ck_132c16312f37810f,0.37339580362599306
ck_c78c096ca8cb33ac,0.058627011611326135
ck_2ce5afbc014763b8,0.4542676716235486
ck_50ed8f4e7ae6710f,0.5327357914035445
ck_5a4eb535c9a11993,0.30075371766143816
ck_9b665ef46d785324,0.26264004888979425
ck_e066f71f8b296b7a,0.16329191281320024
ck_560bc6017870ab06,0.2420044815644734
ck_fd78f8a8663646d7,0.22662456712161336
ck_4af5ec61ddbde1a4,0.5385720105927888
ck_c2ed04a9d218410b,0.49372580973721736
ck_2455d43bbdd2bb69,0.4360765940110002
ck_56eed7041add49a1,0.9339580362599307
ck_5f0be7b468a72333,0.3856793644326747
ck_19660cec756632ca,0.10370747606437156
ck_fb90408f4892a21f,0.45434915461397435
ck_833a65b86a5d9bda,0.007557547361988185
ck_2ac36e1dff211d38,0.6529232022815237
ck_c00e70606904539a,0.19849256467712365
ck_ba8affe4b9505a95,0.9573232837645143
ck_0c3dd22587b08018,0.7281320024444897
ck_618c4e5cfae99dcd,0.8355265838256265
ck_c9690baddfc4177e,0.1624567121613363
ck_59fae092fb0c4aa3,0.3571399470360562
ck_e03b7d0fa0b28f4b,0.05728254226930128
ck_d451d24c780b5884,0.2480138521083724
ck_e980d325b8dbb8dd,0.24546750865756772
ck_cff18e2d8c520272,0.12198003666734569
ck_a0e46b67e986ab56,0.4666938276634752
ck_3a469039a5b9d963,0.3466693827663475
ck_12cbb211ebd2b437,0.7546954573232838
ck_b8cdd6d6dccc4554,0.10191485027500509
ck_794ba5921cef50c9,0.5908739050723161
ck_2c7667f64edec2b5,0.17276431045019353
ck_7262b4e0c29c942d,0.36380118150336116
ck_5d818522cbfe2a54,0.8256060297412915
ck_de39c1947fb675ee,0.8040741495212874
ck_c021495606b4735e,0.3015889183133021
ck_1fc03ba33edd9e67,0.7634548787940518
ck_a6fe344bbf67f14b,0.42409859441841513
ck_963762210edc5694,0.6752088001629659
ck_d064428b7e7dc409,0.3357506620492972
ck_59be61b53d971611,0.5101650030556122
ck_ec8738ec663cd2eb,0.3793033204318598
ck_59d086fab5998646,0.3830719087390507
ck_bd32dd3b2cbb7888,0.9960073334691384
ck_ce0166addb93bbad,0.15255652882460785
ck_7c0fdfbb447cdc04,0.45347321246689754
ck_cb1bd7635968ed8c,0.9086983092279486
ck_66f94903177f20eb,0.30409452026889383
ck_1d7cd5dcbcdafd7b,0.948604603788959
ck_5e418a7c04437b4a,0.645386025667142
ck_631ea1ae91ab333e,0.6478916276227338
ck_0a8029e79a5ae7ce,0.6101650030556122
ck_c4cca8278bdad9b9,0.24481564473416176
ck_4dec3df58077a257,0.8531676512528009
ck_609c249edd88c565,0.37013648400896315
ck_02e5f9cbbbf2f078,0.7550825015278061
ck_32e486859130458f,0.9346302709309431
ck_21ed2ea6386c5a07,0.02442452638011815
ck_1242aa4496576a99,0.20285190466490122
ck_475ea9aa6d3898b7,0.6561417804033408
ck_fe1b1adae3be70a6,0.9456101038908127
ck_c5414d7a8031d4f5,0.5726217152169484
ck_ca1f6f01868e978f,0.43807292727643105
ck_5eff0208c74ec714,0.49291097983295984
ck_a315c9619a317609,0.47516805866775313
ck_2b87683c90acb852,0.45271949480545937
ck_7cd9f39c50748ed0,0.40577510694642493
ck_16a06d58d71935bc,0.8808107557547362
ck_d116e0e7c19b878e,0.9281116316968832
ck_931510e384b1d0cb,0.6901812996536973
ck_e7651fb87bb24132,0.2663271542065594
ck_88ef9f85948e1a01,0.3614381747810145
ck_17bf38d51115a8f3,0.44057852923202284
ck_2659d1d3762a2825,0.45143613770625385
ck_a7285955e2852686,0.36088816459564066
ck_f2c33d5b65b321db,0.6818700346302708
ck_83e5979334345622,0.720737421063353
ck_629537d8b4d0f395,0.29022204114891015
ck_72022008a92c9386,0.5456712161336321
ck_2973b8274f0bf69b,0.3392544306376044
ck_565e3418d2f4061c,0.31654104705642694
ck_54bb53b8f8ea32ae,0.993338765532695
ck_af0a6540ea7a36b2,0.32878386636789575
ck_888651bfc2c8cf70,0.16536972906905684
ck_1dedcb48ac381a1c,0.8545936035852515
ck_f73273e220296be8,0.585088612752088
ck_8424bf65223a5a9e,0.3262986351599104
ck_337b930fd149a696,0.6238948869423507
ck_8a4952de8a123ef8,0.15457323283764512
ck_884168153c9c0c81,0.16076594011000203
ck_fdda581aec411010,0.14933795070279077
ck_2b7cadbc8b180d32,0.9623141169280913
ck_8aa8b9968233a1ab,0.12957832552454676
ck_0af18b3ce015d294,0.25923813403951923
ck_8dde670a735d1e90,0.8827256060297414
ck_62f46226f244139f,0.7288246078631085
ck_f948e8a8fdd79b4e,0.7158484416378081
ck_fa00aa0f3e859904,0.7033000611122427
ck_fc7935f784a4f249,0.3553676919942962
ck_e7501307c0698e5b,0.3577306987166429
ck_549ed417f2834cee,0.542126706050112
ck_fb2a35571ec719d4,0.8530657975147689
ck_25822068c86c856f,0.048686086779384796
ck_8f35d229b62c8f23,0.2798329598696272
ck_bdcf049c1e7d0c95,0.10272968017926258
ck_0aa9db36eb16422a,0.2570788347932369
ck_42dcf92e9e016922,0.7573843960073334
ck_42341cf31c08c981,0.4799144428600529
ck_0b20bfc515ba42a2,0.48103483397840696
ck_0ec820b670d48098,0.12525972703198207
ck_1f0bafec397da8e4,0.6908127928294968
ck_82f07504ab59ed33,0.7753106539009982
ck_337b24a474010abb,0.9957221430026483
ck_703703bda38fdcf8,0.2531472805051945
ck_01e7960c63dca3a4,0.9806681605214912
ck_be5bd81e3715cb8f,0.9619678142187817
ck_197f8058cea1fbea,0.11986147891627622
ck_eb3fb1106f2f1b21,0.711366877164392
ck_658b4b54be09a4bc,0.9850071297616623
ck_266ce7ccf41ccc50,0.4400896312894683
ck_110608c3b03d4038,0.9384396007333469
ck_1be8cb95d6d9bbf8,0.1707272356895498
ck_8e16a64a776afa82,0.6270319820737421
ck_34bd190d37eda534,0.6373599511102058
ck_4f521611ae14ae66,0.284762680790385
ck_d839798f9520363e,0.9160114076186596
ck_d1bbfd246c0ac9d5,0.6767569769810553
ck_f19030e6e85a6776,0.8434304338969241
ck_cdabe60ab59f9d5a,0.2727235689549807
ck_bb84b2b30293f566,0.9197392544306376
ck_427b91925952cb40,0.7412711346506416
ck_1078b1e155b5b640,0.43542473008759425
ck_95fdc264eac72fa0,0.26968832756162153
ck_e35eb857c61548b2,0.9521491138724791
ck_69bd0b1abea7e1f0,0.9476471786514565
ck_59de511b20c842ba,0.7398248115705846
ck_168e7ea341a36b80,0.18759421470767979
ck_4937cfa6526ea138,0.5941943369321654
ck_bb1a981306b750ac,0.7560399266653087
ck_f42a43e4c3f34ccd,0.2050926869016093
ck_c7ae1d4b3ab38185,0.15583621918924423
ck_bd23cf9bba1dd33f,0.7901201874108779
ck_0fd826fad7ec7cd6,0.6447137909961296
ck_f143641bf3dd0414,0.6589733143206356
ck_ad6d48c20a3688a7,0.13709513139132207
ck_7bda5b5b927b2905,0.7650234263597474
ck_a337eb38eefdcc88,0.7668975351395397
ck_403da2a2d800df9f,0.9231615400285191
ck_aa01d5aafde73d0a,0.08734976573640253
ck_494954023f0eb309,0.6559584436748829
ck_1c6820fc38135ad9,0.5200040741495213
ck_0e0bab173622db9b,0.8739865553065798
ck_547090bf35a3b243,0.5720105927887553
ck_d69455220b21dc9b,0.48586270116113256
ck_90b4ac695b9c6bf7,0.5284986759014055
ck_8d2afe17c0082e6a,0.745895294357303
ck_926b81c0ba528eee,0.30562232633937664
ck_ce36b0c287bd198e,0.7772051334283968
ck_8026e017909aaa6c,0.4097779588510898
ck_dfba788f35d4c372,0.21523731920961497
ck_f09f9d0e0886e0c6,0.5085964554899165
ck_4ffe0366df388604,0.5685679364432674
ck_75bb521de55644c7,0.27934406192707273
ck_81a960fddf79ecf1,0.9771440211855775
ck_8f43459991ea511f,0.24434711753921368
ck_f878b68d66fbfd4b,0.3074149521287431
ck_e84abfc0c747c9dd,0.9721328172743939
ck_3ad3fd3cceb56b66,0.9793644326746791
ck_7cf562578c7f158a,0.05946221226319007
ck_f81a97d350397306,0.8139947036056223
ck_255d87b7fb40caa5,0.33850071297616624
ck_b3905153b9eee924,0.44332858015889176
ck_2c80a592fb4cd6a3,0.18111631696883276
ck_57deb202d4188a29,0.21794662864127112
ck_e3cb5f31d8e94448,0.960114076186596
ck_0db62d5f7f75f80f,0.6450600937054389
ck_ced9163ea85589ea,0.8288246078631085
ck_e16528edc694fb33,0.9771032796903647
ck_78cc5ec4940fec3b,0.19254430637604403
ck_31742076e9a998f8,0.8740476675493991
ck_5ac335f02280271e,0.4369729069056834
ck_7cc2e091806cfa5b,0.7999388877571807
ck_3152c7115257f084,0.47044204522305966
ck_ab1b9d019921bca7,0.4672845793440619
ck_c33a762d98f9b290,0.35899368506824203
ck_b16a7c51b6f7a6b1,0.6167651252800979
ck_97402a153348e68f,0.18189040537787737
ck_95391029a21caa24,0.5974740272968018
ck_c2015a1200971fe9,0.67958851089835
ck_ed4427962c68918c,0.9826848645345285
ck_c5e4a17d3efb19a4,0.9099612955795477
ck_8aec3d3dd51517c2,0.1878794051741699
ck_f5178a658225d8e4,0.24039519250356486
ck_8594f165e95316d2,0.0798737013648401
ck_f0c4aac04076a6dc,0.3670401303727847
ck_ac2f7397801036ef,0.5119983703401915
ck_d1ea4bcc407c7d5e,0.44261560399266653
ck_cce8b6657a538fe0,0.690731309839071
ck_66d0c6d6b67a8d58,0.29307394581381135
ck_1a6b30320835e57e,0.5872275412507639
ck_8cd274cc85aa35d1,0.6176206966795682
ck_ada46085a78280e4,0.4762680790385007
ck_ce1b06623e4a815e,0.1204522305968629
ck_45e70c8a9686580c,0.8096761051130577
ck_0084d8ab6b1044f3,0.16408637196985126
ck_a5f7b6fed6df2aba,0.7871460582603382
ck_94940d783e7988e6,0.6204114891016501
ck_00f9ca84d1d8ae7a,0.3650234263597474
ck_0deb56f3f6452818,0.35573436545121206
ck_a58e900469dfc3f0,0.5360969647586066
ck_028c41b195280980,0.17924220818904052
ck_7661d7ceaeb19f97,0.5078834793236912
ck_6957905a65c47879,0.5500509268690161
ck_f7c6c26ef3c4ae06,0.46997351802811166
ck_8777beb11aabd66d,0.6411081686697901
ck_7db098a17374bbf8,0.9782236708087187
ck_66aeb00e44486cda,0.845060093705439
ck_838c52cc1d315ec3,0.20580566306783457
ck_1745847cd4e5dc83,0.5704827867182726
ck_201687857ec8b3cc,0.41890405377877366
ck_81818169208a8cda,0.5890405377877368
ck_3303fd3f64632c7c,0.8907109390914647
ck_edf1096809e83ef8,0.14169892035037687
ck_235ce9603c7dccbf,0.7765532695049908
ck_9df7e153868bca13,0.2586270116113261
ck_3cfeade2cf270fee,0.3992870238337747
ck_982b0bf2e2b6c4f7,0.04872682827459768
ck_faeb0da678bb86c0,0.18266449378692198
ck_e86ad2fe815b6ed9,0.4888572010592789
ck_70d69e5d1bb99e85,0.44888979425544917
ck_7e9a8924eab779e6,0.9752699124057853
ck_019d5891103e7da3,0.3134446934202485
ck_14f0484b3817eda5,0.6277449582399675
ck_85de63d278f0fbae,0.07127724587492361
ck_ae91b4cff57fb3bf,0.4332450600937054
ck_2a6d43b9f883b78e,0.9452026889386841
ck_7a4e3d553e8ab5b7,0.8547769403137094
ck_fdf89dc69f700f84,0.8644530454267672
ck_f92e04024bf13558,0.04216744754532491
ck_4a522ca2dc4831a0,0.047280505194540634
ck_68ba25dc3385fea1,0.46302709309431656
ck_22128a4f0d033422,0.6819922591159095
ck_5b52ee0a13c71590,0.4132409859441841
ck_59472d17debedafc,0.45491953554695463
ck_9dde2c63acda3ba3,0.37765328987573843
ck_7510b1023cd08531,0.5726828274597677
ck_071ddaaf2e4e3671,0.2561417804033408
ck_1355db6f4010232a,0.4942554491749847
ck_0a7adc2f27f98510,0.8305764921572621
ck_68250033717cd59e,0.2551028722754125
ck_7c12de74de30b788,0.9404155632511713
ck_65491367584c730c,0.5295375840293338
ck_e9047964952bee70,0.6488897942554492
ck_5567779d6ba184eb,0.6202281523731921
ck_d6ea026357ec6477,0.36345487879405175
ck_cd7dcc884e283746,0.720594825830108
ck_0bd77fea8ed75a15,0.35381951517620697
ck_e80883208e8d0453,0.5558158484416378
ck_2ad0ecbacd5acf8e,0.9695661030759828
ck_6c1dbee7e8fdd5c8,0.38771643919331833
ck_ee4d9a7449515908,0.21851700957425135
ck_636111f7f030496c,0.1018129965369729
ck_2c629c657f73941f,0.34220818904053774
ck_c1c9d3842d758420,0.8598696272153188
ck_e4df7faacdfe8c40,0.6957628844978612
ck_94e8142728e44380,0.7036667345691587
ck_765aaf42c5088545,0.395620289264616
ck_e0f845159b6e6a4a,0.6125483805255653
ck_5bc07deb82edbad7,0.23587288653493585
ck_713159c5c6a7a4d0,0.9963740069260542
ck_b08afc91d9ca55db,0.6106029741291505
ck_a7bc323ffed2ea97,0.8738439600733346
ck_85ca825f905a34a1,0.5578529232022815
ck_33160c443d4b3f19,0.4715216948462009
ck_832d39c590a3ca75,0.9384396007333469
ck_7d1661a34164406e,0.9704827867182726
ck_c2466fc40fc9d5ed,0.9848237930332044
ck_ed0e776c0926ce67,0.7467304950091669
ck_cdd2ebeec75bfa69,0.8389488694235079
ck_d7877684c7923ec3,0.4875534732124669
ck_7384d4d2406aabf4,0.3667956814015074
ck_b8e5244e650aa81b,0.509737217355877
ck_25a1ea40b2d59254,0.09048686086779385
ck_b9e5b318ee4de68d,0.2967610511305765
ck_620d7ae27af83cea,0.3566306783458953
ck_40b4e264d1a12b83,0.9345080464453044
ck_b694c803b62862b3,0.2597066612344673
ck_cbeca201dbade3e5,0.6680994092483195
ck_f9b439c9161c3e52,0.41077612548380527
ck_9880410fcd10a28e,0.2587084946017519
ck_74928f5f91aa12b2,0.7853126909757588
ck_b6673bbe61d2680d,0.6400488897942554
ck_53c8315b5c30acb4,0.2538602566714198
ck_78f01d78ea79642f,0.46070482786718275
ck_8582490d6e365a63,0.5875738439600733
ck_af25c72d16299258,0.13039315542880425
ck_7905fe8e257b0449,0.8612344673049501
ck_0d16d9349e4a9e08,0.5740680382970055
ck_31b16b8848584e98,0.5064575269912406
ck_67207e3eecc02d76,0.5948462008555714
ck_e6b95ff91116a592,0.28771643919331835
ck_c08f622bcd6de6e7,0.22175595844367488
ck_f9a68da9e0f0bc85,0.0838867386433082
ck_4072b59388976896,0.2938684049704624
ck_8ec86e853ad52828,0.8481971888368304
ck_4fecb87eaffd5cb5,0.15314728050519455
ck_d6880578428b965e,0.8564473416174374
ck_bfc82b3c1c9f2897,0.9498879608881647
ck_c340644176ca03e7,0.4581381136687716
ck_321e740066fb05c3,0.919433693216541
ck_8929d2eb09872052,0.6331839478508862
ck_205c107cec528414,0.9390710939091464
ck_e76db7d2562f9836,0.4475045834182114
ck_9ede51c8434cff6e,0.5685679364432674
ck_492e4b89c61b7b6c,0.32248930535750664
ck_9385f5a1eeebefcd,0.774047667549399
ck_ee52c7bf88f952ab,0.2681605214911387
ck_d8116c34302021d7,0.0969851293542473
ck_01645ea51972e99a,0.6662253004685272
ck_7b45ed23304a854b,0.4305561214096557
ck_2096d32f3d497ea1,0.832756162151151
ck_dfbb2056f1ef7d3b,0.5624770829089427
ck_938ce30c864bc7df,0.11289468323487471
ck_ff30dda2c881a4bd,0.9331228356080667
ck_f88c79186a082beb,0.4599918517009574
ck_08c7bb0f9851cb76,0.8401303727846812
ck_2675e7a008e584a7,0.27801996333265433
ck_cbaf8a954281d4e3,0.9821144836015482
ck_8b24eadf6c72b30c,0.9420452230596863
ck_ffc8e3c1377d0706,0.44958239967406805
ck_5b59e859bed5b40e,0.4541658178855164
ck_7b61717f172f9317,0.9864534528417193
ck_e5c30947b732f661,0.8854756569566102
ck_bc273f3ce79f7e1a,0.2746384192299857
ck_f69e93388b3028cb,0.9073742106335302
ck_3837ad850996ba60,0.3722143002648197
ck_36d78ff3bc033ee5,0.43173762477082905
ck_5e20953547ba4135,0.7961702994499897
ck_258d661e450ac870,0.3354247300875942
ck_1df66f537496ca59,0.8765736402525973
ck_361f535599110201,0.6540843348950908
ck_337e98c69f6e7886,0.294825830107965
ck_d3d5b2717cfc3913,0.650376858830719
ck_b1dba768dbe7affe,0.5072316154002852
ck_92d782bd9ce0d1e3,0.6250763903035241
ck_26bd0f8898afc8ba,0.3250967610511306
ck_7916e53daab36745,0.6182521898553677
ck_2caf553b31831a50,0.30110002037074757
ck_c6200734c7f9b2f9,0.9512935424730089
ck_cdc55623cb16e6a9,0.24294153595436951
ck_57849e15b61c43b4,0.6951313913220615
ck_b7af9b2ee0eebbc6,0.4830515379914443
ck_00aa5fc3b3bc66aa,0.757730698716643
ck_9929723f65636c7f,0.9902424118965166
ck_8f6cce9f69912983,0.4003870442045223
ck_c422ba389ff00781,0.07712365043797108
ck_9ec7f334604a228f,0.6496638826644938
ck_5d01200ba3341462,0.38950906498268484
ck_2bf10be403849c9a,0.24760643715624364
ck_6ca018259f70858f,0.32953758402933386
ck_a54dc042ebb7c766,0.8426767162354858
ck_79da63fc100830b5,0.3248115705846405
ck_67ab6f9e05c85085,0.5936239559991852
ck_fa80da579ea9afc0,0.6216337339580362
ck_4339f86c87289222,0.9534528417192911
ck_a2299b4f530be0d6,0.9370340191485027
ck_19db0bf788697c2b,0.42145039722957833
ck_fa4211c4d826d830,0.049032389488694234
ck_96100d5e8e051e91,0.09156651049093502
ck_5c3a671883d58b3f,0.007985333061723365
ck_2d9524787cfe1ab3,0.8725198614789162
ck_47ab8e51e5b3a2d8,0.3151965777144021
ck_c924f36bc1bbbaa3,0.33269504990833165
ck_5c58e7f8fd55e26c,0.10533713587288653
ck_a07e7409d6d5aa06,0.4976369932776533
ck_c8413898f5f7cb7d,0.743104501935221
ck_577c816b41cab002,0.9760236300672234
ck_9f7807ed64cdb728,0.7159910368710531
ck_495d814d6d6d521e,0.08121817070686493
ck_7aa8bc018c2b003b,0.2669790181299654
ck_7c3a6a82f3c3241d,0.3971684660827053
ck_487f7fbc290e4ae2,0.22293746180484825
ck_e556c4d36aadbe03,0.049847219392951725
ck_7e6569a1b2455cb0,0.09401100020370748
ck_de2924955926d046,0.7882257078834793
ck_73d60b4630e3937a,0.2004481564473416
ck_805ee564bd35ef15,0.798879608881646
ck_0d40961e47797027,0.0465471582807089
ck_f06d00a4f9c87d80,0.26164188225707885
ck_5ef50fb07b6737d5,0.5922387451619474
ck_16541fc15683e21c,0.26907720513342837
ck_09fd43f1b7e2eca2,0.3832348747199022
ck_2a2c336a69b8d68d,0.5899775921776329
ck_2685f38930866af0,0.646689753513954
ck_298278a9da874437,0.5900387044204523
ck_00bd7803f2530c68,0.7062130780199634
ck_c2b4a1d8c0b6c1cd,0.276838459971481
ck_2acb54ca20c3af6c,0.5401303727846812
ck_e3d4b6f681c783ab,0.7902220411489103
ck_f90293f1eba5d7b6,0.9025667141984111
ck_e69d27e8965df0be,0.0525768995722143
ck_b7f5d10b427346ad,0.08024037482175596
ck_1ce20e4223a936b1,0.31939295172132814
ck_6b97d1ab90f6bdeb,0.4541658178855164
ck_e30e17db5473c7b2,0.14400081482990423
ck_154c8efb19dee665,0.15451212059482583
ck_6f5bb0c930644cae,0.9923813403951927
ck_9e17699baa83d173,0.6098187003463027
ck_9693b1eb70880205,0.2191485027500509
ck_1e97899875bb427b,0.24976573640252597
ck_558a82590f65df69,0.05811774292116521
ck_18df83242ff3cdbb,0.7581584844163781
ck_80ad4396e1084c68,0.6241597066612344
ck_0a993bc947bab61f,0.7098187003463028
ck_5c2d43ff841632f9,0.21464656752902833
ck_6e4b99fb9725d9fa,0.37117539213689144
ck_e0983999ca26c19e,0.688816459564066
ck_6573c4947cc8607e,0.5587899775921776
ck_d879d645d6e44207,0.40244448971277247
ck_1375ad9f10688e4a,0.31937258097372173
ck_7501ebbf4e21f160,0.35970666123446726
ck_ca60d61cd4dc3bea,0.044428600529639435
ck_ab9ea095a5c58b4b,0.4157058464045631
ck_23756522b58df5d8,0.06655123243023019
ck_90bc176c43d85fd5,0.90857608474231
ck_908b663b2dda94ad,0.6925443063760439
ck_4df2fb8e4b649e27,0.20698716642900794
ck_5615c6bbdef05291,0.8843960073334691
ck_b62f3e3185251f71,0.08910165003055612
ck_38d1a22850178f33,0.12067630882053373
ck_5b3ba20c8bb1383b,0.43839885923813404
ck_5576ffc6aaf6f22c,0.03412100224078224
ck_cf7a022178165e56,0.08156447341617437
ck_f2c7a4c50e2ede96,0.6217559584436749
ck_285719c77eadf915,0.3156651049093502
ck_f2aa1b677619ab19,0.45123243023018944
ck_3830c58d841e9e69,0.9503361173355063
ck_32eba3510c8eac5e,0.5823589325728253
ck_8955d7b9030d5eb5,0.5355265838256265
ck_6775e387dace7525,0.6838052556528824
ck_0a0cd7f4be606a93,0.5297209207577918
ck_a9f700eee5d638df,0.2946628641271135
ck_3d7db96995745472,0.7179058871460583
ck_aeed557007d52e9c,0.06928091260949278
ck_79b6a86830156b5a,0.4033204318598493
ck_6a1ff9d69466181c,0.9965980851497249
ck_f11b1565f986f5e3,0.599164799348136
ck_4819327a78615485,0.06767162354858423
ck_3ed9e081959b2f5c,0.2889183133020982
ck_16af4be191c47d3d,0.017885516398451824
ck_25122cc0e8b1a662,0.8034630270930943
ck_509c22828d467ba3,0.6763291912813201
ck_31109c899336348d,0.41381136687716435
ck_c51131e53baa59c7,0.12860052963943777
ck_cf8ecabbc61d3e11,0.45671216133632103
ck_eb6baff0f85ba936,0.5020981870034631
ck_777669e2243204f2,0.9576288449786107
ck_ac0ea27e692acdc9,0.5587696068445712
ck_4c6ea04ce8ca9e2c,0.1644123039315543
ck_ca54b32fca7e94cd,0.10315746587899775
ck_4dfd8947f540eb24,0.511977999592585
ck_95aff1fe27fb24bb,0.525117131798737
ck_c7550723b90e5615,0.15872886534935832
ck_57b3fee69bdf85e8,0.17490323894886944
ck_f823407ace7ff064,0.8131187614585456
ck_a69084a068bcc8aa,0.7678142187818293
ck_c7b17f7b24bef5d7,0.5950499083316357
ck_7c4e588f927c27c8,0.5553676919942963
ck_77fdac602d0c6f95,0.7889183133020983
ck_e963d8525018d072,0.49223874516194743
ck_6e8ebaea8f7bffaf,0.05161947443471175
ck_aa42976a31cb7770,0.23047463841922997
ck_22c862a496008c96,0.9936035852515788
ck_527550dd15f38782,0.7799551843552659
ck_b3ab3c210e2c7c19,0.4887553473212467
ck_ed9c56fdb9f45ddc,0.9040945202688939
ck_b53281da70defcfa,0.4576084742310043
ck_03009b721568ee98,0.7775514361377063
ck_3d9afd862b3f4053,0.9397433285801589
ck_ad3c4be96599554a,0.30069260541861886
ck_d1c787c27d50af49,0.6706050112039111
ck_c7a9c7b2eef46a99,0.4911183540435934
ck_53036d3c6c74446c,0.9152780607048279
ck_1b1efbd9c0964c8d,0.5905683438582197
ck_d66f42a269d5c1ed,0.4627826441230393
ck_fefc49a2b8ad993e,0.6352617641067427
ck_8b3b874249adece9,0.7741495212874313
ck_193d9c87ad3f1dad,0.15797514768792015
ck_0c6a50d747593b7b,0.5606640863719698
ck_c830f3830875b47a,0.3629456101038908
ck_79e202f06d8dfe42,0.48337746995314723
ck_5c0fe988b8aa7fcb,0.9160521491138724
ck_a8382d8345f21e1e,0.1575066204929721
ck_8cb20053914692d0,0.8133632104298227
ck_1da2f69023ca4c13,0.1584436748828682
ck_38abb60995114f8f,0.4518028111631697
ck_f5791fd8fd8fd191,0.5228559788144225
ck_a4e6fc391b674335,0.9198207374210634
ck_bd771efb4a7e15d0,0.39291097983295986
ck_38ba4a6b6a292054,0.7390710939091465
ck_f7a07283345a0dce,0.3444693420248523
ck_87dc484baaf5a23a,0.39521287431248725
ck_c84ef83489badbfd,0.7458952943573028
ck_a397cd64ec5d644b,0.27553473212466895
ck_7977135c2ff61e92,0.28893868404970463
ck_52174855b243a8b0,0.7897331432063557
ck_0f35e930d0614613,0.9761051130576492
ck_b170a7db522a0d6f,0.5445304542676717
ck_7af748a23775bd54,0.9138521083723773
ck_52f641c9ee6fda70,0.34422489305357507
ck_c3719a30414bbb4d,0.3953350987981259
ck_2baf214ad6bc0dbf,0.7539417396618456
ck_8b39d8aacfdd72b4,0.4461397433285802
ck_d39b0152116203be,0.482338561825219
ck_ed33f8a937f9c7c8,0.33440619270727234
ck_8ef97b55a5fd6ec9,0.07742921165206763
ck_8247f008a14bd1a2,0.06490120187410878
ck_f0d349d68249d5db,0.08187003463027093
ck_a544e766540861fc,0.6365043797107354
ck_9dfaca4c7c80b10d,0.6520880016296599
ck_7e5401c362b2216a,0.022183744143410063
ck_64ff60c073fdb6db,0.6963740069260542
ck_fc5ea49518e5d637,0.3709513139132206
ck_580f136ced341298,0.1284579344061927
ck_9cbef9bc95449dca,0.0637604400081483
ck_e475a3b8ba870a7e,0.31034833978407006
ck_97e94708bcf43563,0.2655734365451212
ck_13f03ec785cbdae1,0.023304135261764107
ck_152820d8817f478c,0.31617437359951106
ck_d20d4ba60eec9945,0.3070279079242208
ck_5c45968a805132e0,0.5742717457730698
ck_bebea2cf3063fb24,0.4852923202281524
ck_c3c69aefe7ea1d2f,0.4705235282134854
ck_02028b72f26fe855,0.4582807089020168
ck_dfadff70a58a9133,0.2202281523731921
ck_6482ed4491bedcaf,0.2000611122428193
ck_754cd7b4a5ae3f94,0.37311061315950295
ck_3132857aec8485bc,0.023833774699531476
ck_7ce4ca91b8f9f1c1,0.32383377469953145
ck_41938582f4351772,0.421389284986759
ck_f87d66946252476c,0.8685475656956609
ck_8053f1879a9b4e43,0.0971480953350988
ck_93892e91387f5103,0.6870238337746996
ck_15254db133b28371,0.5676512528009778
ck_d557b9feb241b3ec,0.273905072316154
ck_71c3a8e4c12c989f,0.13878590344265634
ck_80e3041811033443,0.5540232226522713
ck_3380d60067b4634b,0.14811570584640454
ck_a9c2cdc758df8510,0.7664290079445916
ck_3c0031d7514da17b,0.6777958851089835
ck_18d214b1418be39d,0.7207374210633531
ck_7ce768407fd48321,0.4452638011815034
ck_7a50abd42298133b,0.5678549602770422
ck_2db10f987d137582,0.5656956610307599
ck_e077d004cd1d80ae,0.45986962721531877
ck_1cb6dc67f9a321b5,0.6131187614585456
ck_b864f64101149c35,0.8596862904868608
ck_9bedf54df9418e4a,0.3207170503157466
ck_c47e32c47f0e6578,0.9185170095742514
ck_71f382d5e338daa3,0.1179262578936647
ck_14b4bf7be6ac2b61,0.725911590955388
ck_5c87eea1cc07cc92,0.7502546343450806
ck_5f445182829ef342,0.6683642289672032
ck_a5d7311291caaa54,0.3646363821552251
ck_b7df99aecef385e6,0.6461397433285802
ck_3327a0582407068b,0.4624567121613363
ck_08dba09fd7dab896,0.6450804644530455
ck_f4ec334be5266378,0.3114687309024241
ck_240f7f894c5a86e7,0.668221633733958
ck_a9d994554fc14a02,0.06133632104298228
ck_13648cbd306eee6d,0.3712568751273172
ck_601edf9105b3c321,0.9883479323691179
ck_9527adac182abe57,0.8974536565491955
ck_4e0e80f5cc271bf7,0.06783458952943573
ck_96a89e720176b389,0.643756365858627
ck_63560eec94b76d2f,0.5148910165003056
ck_c9c99e5b19aeced8,0.048930535750662044
ck_bc32655ee5ed643e,0.5674475453249135
ck_edccb5a93b741744,0.23353025056019555
ck_f786cbc987b70930,0.18677938480342227
ck_0e8f26536ccc8947,0.5204522305968629
ck_b87ef4b98cfcec4c,0.5863719698512936
ck_1a9235812de4b2c1,0.5321450397229578
ck_d1ed88ea4211ba4d,0.045569362395599916
ck_a4ddac49657a4450,0.6398044408229782
ck_d9ffca35188e49d8,0.5356284375636586
ck_3db73bbe03c3d240,0.10012222448563862
ck_fffa0622344a36ab,0.0848645345284172
ck_148c28df51bba5e9,0.9656752902831534
ck_076cbc25c8f15fc3,0.987186799755551
ck_e5ca550b39ed45bf,0.9033815441026687
ck_8dacf3a2061ca17d,0.6367691994296191
ck_2d7394afd61643d0,0.03699327765328987
ck_e42206e91f6a1752,0.03082094112853942
ck_2f4f94827984c426,0.06143817478101446
ck_edfe8e90e8f4366e,0.29044611937258097
ck_646b15f753e5e9c6,0.6724791199837035
ck_66600620149c8799,0.2831126502342636
ck_4ff6fc70bccfba96,0.780749643511917
ck_41af3729590c2484,0.31032796903646365
ck_920a48ba8c583e96,0.14253412100224078
ck_0253b3e7be021306,0.09987777551436136
ck_2ae6949246ea2648,0.49213689142391526
ck_db23a5100f338d72,0.412303931554288
ck_fcb2a559474c3493,0.40647789773884707
ck_0a4d7acd2a53cbbd,0.546363821552251
ck_c5d62b2b7a6f3bac,0.9816663271542065
ck_cf59f4fc0ea690b2,0.4088001629659809
ck_837be8126bb19250,0.24491749847219393
ck_58955542edee1adc,0.06742717457730699
ck_1b93381d8eea58d1,0.34874719902220414
ck_97b8e05d62abdc14,0.6057445508250152
ck_71a0d645744302a3,0.2599511102057445
ck_a7b57882ab66b111,0.1687512731717254
ck_65f76421be648549,0.33823589325728254
ck_b53ea8713d32ca7c,0.6041760032593196
ck_991c4c924a1d85ff,0.9515583621918924
ck_8432ccec1a4ec7fd,0.9871053167651253
ck_64c1633297f43788,0.24711753921368915
ck_4291fd9c1161d8e1,0.7832552454675087
ck_5e98ed6391d9f429,0.7079038500712975
ck_c7baebe4549fdbb4,0.7049704624159707
ck_6e67225ba59fa5ae,0.7260745569362395
ck_719602def4d35fe0,0.5279486657160318
ck_bdee7c86f5ebe81f,0.5107964962314118
ck_8de38f8c7f91961f,0.7368506824200448
ck_b0b5bf9254700402,0.3963128946832349
ck_7b55d9bb1a250d4f,0.7008148299042576
ck_3954b7b0fd1d6614,0.028478305153799142
ck_f29471fe7c818d6a,0.08802200040741494
ck_9e65a8a2f587691a,0.43630067223467106
ck_eaec5f1a83b66eb0,0.7741291505398249
ck_004fe0daecbe2c1a,0.28015889183133025
ck_d17653a4a2d4a79e,0.7261356691790588
ck_0dd417fcbf19e424,0.7291912813200245
ck_4c99a6eadea143e2,0.8424730087594214
ck_74d602c907ee9119,0.10910572418007741
ck_1aa87cb62acc0ac6,0.46023630067223464
ck_094974d75e29fb2f,0.8506620492972092
ck_5ef935ac3d4d3332,0.43907109390914645
ck_b26e4ae47c9107ed,0.883601548176818
ck_396cea6f95186ad2,0.6787940517416989
ck_48446a9e8184c7d4,0.1184151558362192
ck_31e1ede23247d56b,0.7708290894275821
ck_7afefa349b960a3e,0.3557751069464249
ck_f5e02a3432571b20,0.7209818700346303
ck_64eefec062592c43,0.4469749439804441
ck_a1201284122c141f,0.7340191485027501
ck_1b34c420a4c85a95,0.23933591362803014
ck_d637a011332ba67a,0.56952536158077
ck_99c0004d8b7079f8,0.18802200040741496
ck_948517bad569b40f,0.7866164188225708
ck_a28d6b1601b472a6,0.5331635771032797
ck_a0b4209feb31f5c0,0.9952536158077001
ck_d6d2c1f6dfc455b6,0.5479323691179467
ck_3f9e6d356d3dd3cf,0.2330617233652475
ck_d08e00c842b75176,0.29590547973110615
ck_bfdd232a7c5f2660,0.6678855163984518
ck_2cdad03ed069438c,0.4713689142391526
ck_42317c3eabd0a285,0.279079242208189
ck_3eb73e56751c704d,0.6421878182929314
ck_ef33c04f4c9e3758,0.7699735180281115
ck_1dc23dc870f1773d,0.4514361377062538
ck_76091f357974a152,0.42289672030963543
ck_4d9eb75e8eee90fd,0.6257893664697495
ck_578f67e69e5d2cfd,0.19358321450397226
ck_3a8ce1cc724229b8,0.05654919535546954
ck_a96887f841e80fc1,0.8513139132206152
ck_d2d4a8f4a9f2c33f,0.3079649623141169
ck_11f85bc705dbe036,0.569199429619067
ck_7429b3f87528e335,0.34713790996129557
ck_26df74feac7ec51d,0.449765736402526
ck_c78b2638fadd91ab,0.5632919128132002
ck_7eaad325abe3b50c,0.18466082705235282
ck_fd44e34af620e606,0.8133224689346099
ck_f99738dff854e25f,0.19370543898961093
ck_1ffbce3a239bb264,0.10272968017926257
ck_96c7d52ba0a766ef,0.6396211040945202
ck_cb1c00c300af3f9e,0.5628844978610715
ck_ec3d12848ced99f2,0.41845589733143207
ck_26cfd7c3c6c7bf69,0.37144021185577514
ck_7ae86b5a885affc3,0.3670605011203911
ck_3edaa94d28cd48ea,0.2295986962721532
ck_3209c530c9812e39,0.2509879812589122
ck_ea62ebfc1f04b49a,0.2293338765532695
ck_5fc90b4668ea81bf,0.39979629252393567
ck_95654593cdebd141,0.31564473416174377
ck_958c0bd61820147f,0.6181299653697291
ck_8440ef1386c07194,0.2977388470156855
ck_8cd1b68dd74b1375,0.9113668771643919
ck_c9eb4df91ff07f2c,0.6018537380321858
ck_c29489366c01fe65,0.9786107150132409
ck_c965fd6bec0f0ecd,0.5946017518842942
ck_84c402b23766e1f2,0.5474638419229986
ck_181f3dae03b87136,0.6318191077612548
ck_022a8ae79eb28cf6,0.980199633326543
ck_469c17407d17b706,0.39460175188429414
ck_1fcc5843f39148a9,0.3104909350173151
ck_5debd55f361b2ddf,0.05436952536158077
ck_28cb9b03e89263f1,0.1228559788144225
ck_f067470743d3c7a2,0.8158688123854145
ck_d5d225ce41a1a762,0.4760440008148299
ck_15b4840922195ffd,0.6910979832959869
ck_6bcfa37c717f19f1,0.6608881645956407
ck_8d501a0386c66be8,0.8809329802403749
ck_1a9d6190c57ea7e2,0.9319413322468935
ck_c49832eabdac5bb7,0.1232430230189448
ck_b4331140b2e0d4aa,0.43945813811366874
ck_5efbea1befdefe1b,0.8304338969240171
ck_72ff52c4824072ce,0.6091057241800774
ck_ec3715add8bbb6e9,0.047749032389488695
ck_9822f8ed05335741,0.7119372580973722
ck_c3d7d3d12a1981a3,0.4621918924424526
ck_a115a7919ac5875a,0.7846404563047464
ck_4dd4ed23e0b927b7,0.9117131798737014
ck_4c76efcc1ee6762d,0.5268486453452841
ck_3ad6e7bf452c9b21,0.5331839478508861
ck_dcbab304b55a42c7,0.334059889997963
ck_24b53090faf722cf,0.4520676308820534
ck_187317383400491d,0.18639234059889997
ck_e07fd57565c94c28,0.6997962925239356
ck_740e760fdcd27835,0.13905072316154005
ck_d3796aebda1cfed5,0.9789162762273376
ck_e541967c681cb929,0.6547158280708902
ck_431118050b834dcb,0.06596048074964352
ck_90f3655f0c8a0074,0.1154613974332858
ck_13cd943777651aac,0.6426767162354858
ck_66accecabf3901c0,0.7409655734365451
ck_937f0da2306b2eb9,0.3290894275819922
ck_105b0c93573fd5b7,0.8280097779588511
ck_00480407160e0743,0.2442452638011815
ck_e032068be7b77d15,0.7355673253208392
ck_991b7dfd69098320,0.05958443674882868
ck_37d47cf0f34574a2,0.22234671012426155
ck_011551a596544f5d,0.12523935628437566
ck_9acd98f4fe2d474e,0.8357302913016907
ck_7c88d3d377bb61bb,0.769708698309228
ck_e2374c7136c964fd,0.7357914035445101
ck_2fa8f2577116e9ca,0.7437971073538399
ck_d07c5b0321c685ea,0.8717050315746588
ck_bc736114a31088a7,0.5830922794866572
ck_32bb42f9bff197f8,0.6792422081890406
ck_66267bbad1f1415f,0.9801181503361174
ck_19988702ccd79201,0.3087186799755551
ck_f473a03fbcdbc4b0,0.18500712976166225
ck_e3f1d85fa5d49396,0.5030963536361784
ck_c4402ea6291df271,0.6547361988184967
ck_243bd5ca8c4ae5d0,0.3245874923609697
ck_f271e855925e8d6b,0.925117131798737
ck_e424148c6f2223df,0.0858627011611326
ck_e4d0a9e1102a58b5,0.30996129557954777
ck_91c2a5fe69b9b1d1,0.1984110816866979
ck_5fd8924732fe403e,0.8460175188429415
ck_9a881d5433126ada,0.37082908942758197
ck_73cab88b29c7845d,0.6126909757588104
ck_5b5dea6476d4e182,0.44096557343654513
ck_ccccb17d2ca6ce94,0.6977388470156856
ck_cd1dc68e441222b1,0.9632104298227744
ck_8312c49b1431a406,0.5320635567325321
ck_25fea39897f2a559,0.5150539824811571
ck_f56200205280bddf,0.7663271542065594
ck_7336611650dcc088,0.09266653086168262
ck_590716322ff147ae,0.5986147891627622
ck_c82364d87875a1a1,0.5435730291301691
ck_fa4b60387d744fc5,0.028356080668160522
ck_d841eba8906e9a15,0.14153595436952535
ck_d6df562a79b9d0d9,0.36907720513342845
ck_59a14d2564193101,0.17327357914035443
ck_8530158e3d7f59e7,0.3094723976369933
ck_ac68d707006c12a8,0.3601344469342025
ck_976fac1bb3dd8c58,0.5158688123854145
ck_f854fba8f4adae3d,0.822550417600326
ck_b98e9c3ec6e7d1e7,0.15035648808311264
ck_803c0b4cf9d4bc1d,0.5701364840089631
ck_76997a33c3ea5107,0.052658382562640056
ck_f1a9d832b700bda1,0.9796496231411693
ck_2bd96ddb8c323d63,0.9915053982481157
ck_9e5b7acf51b1b743,0.6038500712976166
ck_09169f22194fd6aa,0.2951721328172744
ck_6d69e092f9b0848b,0.5134854349154614
ck_9f83fa5a2d3b9049,0.4275819922591159
ck_57bbb19eecb4b87c,0.31959665919739255
ck_e0e9cfabb979f428,0.1625993073945814
ck_b1ff9edc51d42f97,0.10478712568751272
ck_4682fad271d47eb0,0.986718272560603
ck_ab33fb754c818ae3,0.684110816866979
ck_b456f62b80e21557,0.07714402118557752
ck_16340be3f2a7fffd,0.025178244041556327
ck_ce66831f6611014c,0.3254634345080465
ck_4610a073bb54d1b1,0.5083520065186392
ck_fd038a7d33a9d6e5,0.18883683031167242
ck_c8198cb4c461304f,0.7262986351599103
ck_1e7de58822000dea,0.10863719698512936
ck_b2a79dd3df560f14,0.8054797311061317
ck_74a06f347b32347f,0.11409655734365451
ck_c6fdb2972417c9bd,0.7589733143206356
ck_d7607a213b800bfb,0.5699531472805053
ck_df65967b8b40319c,0.05053982481157059
ck_329a73dbd585ee09,0.43617844774903236
ck_74991a9e85c3b07d,0.6317987370136484
ck_bb76609b79e0bc9f,0.21743735995111022
ck_f7fc1bd0b9ab1fa4,0.6190873905072316
ck_d111c98b36bdb791,0.48274597677734776
ck_f07e27d125497b66,0.4571399470360562
ck_093e3a7134e11d6b,0.45430841311876147
ck_862c7953bdea48b0,0.37757180688531267
ck_392cf2cdd515c34d,0.3303727846811978
ck_80eb91b0b4001084,0.7360765940110001
ck_5923f53b77193a58,0.8393155428804236
ck_8049f5fce32be185,0.9675086575677327
ck_ebc5a2c6cf88e252,0.6806070482786718
ck_9ea5872f14cce338,0.5474434711753922
ck_f7fbc95ebf584379,0.17687920146669384
ck_bafe82c870356706,0.9850478712568751
ck_278b36c5932d9bff,0.3719698512935425
ck_6a892dd5d05c1649,0.7401914850275005
ck_0734fd90b2cabd43,0.6599511102057445
ck_9b552204498b6762,0.6151965777144021
ck_f6c909c205767956,0.6497249949073131
ck_32f590e87bc3d715,0.0394173966184559
ck_66a8325f28be7562,0.06636789570177225
ck_b129261da9c3c3c9,0.2951110205744551
ck_a524071c51ddde20,0.6119372580973721
ck_ba576d6d4cb6130b,0.9024444897127726
ck_8d8226520722af78,0.4748421267060501
ck_c5b0f0d4f1655a20,0.544408229782033
ck_61814ae9b6d8eab1,0.4725402322265227
ck_382ebf136f7fa337,0.9143002648197187
ck_423ff4ede6a9f066,0.4762069667956814
ck_546ad962d04b7de4,0.9583214503972295
ck_9473ea4a01c95f9a,0.8491953554695457
ck_9eb1da8cd35a50ce,0.28417192910979827
ck_de5eaa2cdbcb67ff,0.7948462008555714
ck_537cc97d0398c922,0.9060704827867183
ck_998475a2e4dfad4e,0.04858423304135262
ck_e62eb708d2688fae,0.4445100835200652
ck_ea623358f704daa7,0.8327357914035445
ck_b911a09f328dfd4b,0.1951721328172744
ck_4b3506b624e5193c,0.6138521083723772
ck_448456f96788713b,0.6931757995518435
ck_5d5ef9e75f65d076,0.4700957425137502
ck_3b74512f774a6e5a,0.05502138928498676
ck_a032e8ac1507c6df,0.9486249745365656
ck_7e2d6b22a0ae20c2,0.7628437563658587
ck_d80283209c963f11,0.270177225504176
ck_d1157eade2ac3975,0.3633326543084131
ck_be48f583f79427f7,0.5870849460175188
ck_0027b5d4107d65d8,0.8745569362395599
ck_94fff69584dd3b2a,0.6167651252800979
ck_75fcda73f0b43557,0.3850275005092687
ck_a1c78972e4ee4082,0.6215115094723976
ck_f0982bbdbd122f91,0.22002444489712772
ck_3199b471575aeb3a,0.20089631289468324
ck_7fa947a0b1c1cf74,0.7132409859441842
ck_a60c618b7f0e4252,0.12495416581788552
ck_722ac47c8ac9b6c3,0.9245467508657568
ck_d44dc3839a195c8a,0.7112853941739661
ck_a2c3e82fab520483,0.4987981258912202
ck_6f8ae0319c07cafe,0.12318191077612548
ck_49886ff1e2c759d6,0.6082705235282135
ck_150a1108f936e6b0,0.18899979629252395
ck_e21f9f96f597695b,0.3592585047871257
ck_7297bff2b7fdcbc8,0.026339376655123245
ck_ee949c71f4f702eb,0.9781218170706865
ck_6fc37dea4b4f35c6,0.9019759625178245
ck_e76257caa98dc25d,0.9862904868608677
ck_828eef2334e17b3a,0.5574251375025464
ck_604e1b8a8c693aa7,0.39997962925239355
ck_7743c9fe037d1f9e,0.8848441637808109
ck_864a11202e19e812,0.7917702179669994
ck_4ec040b9e3785e4a,0.5570788347932369
ck_7346e4f820d9c00a,0.9702587084946017
ck_48d4d63beb26b623,0.2146873090242412
ck_c423aa6de3ed1e01,0.31427989407211243
ck_d74b2ead8aaa3f73,0.6953147280505194
ck_1dd69a11daa7bf1a,0.7407211244652678
ck_d9143e236eef177f,0.5997555510287227
ck_f790d91e5ff0eccd,0.8443267467916072
ck_69b5620e00ef5dec,0.016602159299246282
ck_cd32e58e8a1c0e85,0.5287227541250764
ck_064013b0957d87a5,0.9914442860052965
ck_a481385c2e60dc4a,0.49199429619067025
ck_d72035cb29db3aa4,0.45589733143206357
ck_3759939a0205306d,0.3680586677531066
ck_f437a53fc832ec95,0.9171929109798329
ck_260ef2f3e6434819,0.7823996740680383
ck_35e411b05d22f663,0.6217763291912813
ck_8bf46e472f3e20de,0.8891831330209818
ck_d546994fc5d3e9d1,0.42819311468730903
ck_6ff0fc7487e737e7,0.9206355673253209
ck_5c67f27816ae0b6f,0.4246689753513954
ck_c5517923458106ae,0.29729069056834384
ck_d9735647a6b0b0a7,0.9624567121613363
ck_541a734fc457246f,0.8261967814218782
ck_2f6a639468f41043,0.2990018333672846
ck_bea2cf7a6b7bb900,0.33786921980036666
ck_7eebd0e6ad6c070e,0.3886127520880016
ck_b64c87d5e3b10e6a,0.9596659197392545
ck_9dd7daacb7833233,0.42232633937665515
ck_396e9ea9a6c6d7d9,0.21470767977184763
ck_1645e6cc53fa99ff,0.5999796292523936
ck_ea2a83ccb8d57490,0.11607251986147893
ck_e64f0df63e1be595,0.7906090853534324
ck_fa0b234481cb57d3,0.6565288246078631
ck_63379e3c9fe6f711,0.5640456304746384
ck_c67f7944896a0310,0.6228763495620289
ck_c10e54c9db29e6ef,0.9926054186188633
ck_7184ad7709ae4c80,0.6017518842941536
ck_f8b6069d7577fde6,0.4299449989814626
ck_18444be153bac1ca,0.9762477082908942
ck_d0982b4e0e118e4d,0.18995722143002647
ck_6faf3e6820398866,0.4569769810552047
ck_97e980463aca4644,0.3205744550825015
ck_630c835243c66b19,0.9789773884701569
ck_fe429ba3e1aa0e4f,0.3252800977795885
ck_1058129ed7b48c59,0.575534732124669
ck_04a1a46f07885296,0.4976981055204726
ck_f01e94331067edf6,0.3315339172947647
ck_77b2fb17c29f5e72,0.5618659604807497
ck_4f0c5857da45fb28,0.7101446323080056
ck_2cfb9a7775e8a5bc,0.9868201262986352
ck_6846100e43659bf3,0.2559788144224893
ck_f89719a854fe11d7,0.7270930943165614
ck_bf47375e41ca3bc0,0.10912609492768385
ck_2770b0400a7bef08,0.7867793848034222
ck_2a09d142de1c77ff,0.5517009574251376
ck_857a1f5547b9ad68,0.6335913628030148
ck_185f15b1523bbcf4,0.21291505398248115
ck_ab2aed614ec1cdf8,0.7203911183540437
ck_a9e7f3b2d5dfd97b,0.3720513342839682
ck_0eeb3d9b3e697edb,0.4926665308616826
ck_fa5830d81bc8ddc1,0.14371562436341415
ck_231ae0329ebc3220,0.533224689346099
ck_1587763dd54688c9,0.2736606233448768
ck_9f85fea4490c00cf,0.4324709716846608
ck_a2d709e7eb91e4af,0.7499287023833775
ck_43637d28c7216453,0.2702790792422082
ck_f3ab5dd853d38252,0.7665716031778366
ck_4a1f0172d3bf4fd3,0.49969443878590347
ck_517620ca16505af0,0.1892035037685883
ck_9ae904fbef56065c,0.18779792218374414
ck_d5ef1f6e34bb35b8,0.7293949887960889
ck_ff42557857ae3aeb,0.11495212874312487
ck_ad9a18f58589faa7,0.43485434915461396
ck_df1a6edaa3e6b271,0.35174169892035034
ck_99021fe7225b5a68,0.6269097575881035
ck_99e52c3c2530b69e,0.9919331839478509
ck_3a4811dc4a1a891d,0.34082297820330004
ck_ba3a6be026c87079,0.21073538398859237
ck_da6d1e5cf6aba6fd,0.3728865349358321
ck_ddc7c1f3d45fe6e6,0.7396822163373395
ck_e1b1e7a7e4a15b3e,0.20660012222448565
ck_8288f7f226e08b89,0.19698512935424728
ck_c4524993ec31dbe5,0.10067223467101243
ck_8b19bb5b23b6741c,0.357221430026482
ck_d21b38231a8a9f4a,0.8789773884701568
ck_3f730318a9792292,0.727724587492361
ck_a4db6e94a8f77f9d,0.7203911183540436
ck_a8cac8d480306839,0.09586473823589325
ck_5472214011fbc2a7,0.18798125891220208
ck_7356f47dbbbe7904,0.2608881645956407
ck_16801e628e883d78,0.26374006926054183
ck_0dc1e536231c4860,0.5434100631493176
ck_7cd0634a6e60af83,0.2999185170095743
ck_ef6f8e048ae1bd4b,0.4899775921776329
ck_82f3f744209888ac,0.6114483601548177
ck_f33188c232a03526,0.9162762273375433
ck_4a59f4e10bf45d7f,0.0647993481360766
ck_d96c893721385e4e,0.21218170706864942
ck_f65ab819373edb37,0.48258301079649624
ck_21cac21fc10b7768,0.3766754939906295
ck_139b54e6ccbdd7da,0.7825422693012833
ck_d6f5c8741697abb3,0.5167243837848849
ck_a28d9bb5590d458f,0.7528620900387044
ck_ed26d906883bea0a,0.5371766143817478
ck_227602ad072b838b,0.10350376858830719
ck_39d5f6c17c745ab1,0.06131595029537584
ck_744eade757ba69b5,0.7212670605011204
ck_c1295d97cdf35ec2,0.24632308005703807
ck_69105f881da3c821,0.13615807700142596
ck_933789b55361d7c1,0.9732328376451416
ck_b667952253503174,0.294642493379507
ck_7bf668e25abeeb05,0.43403951925035644
ck_91742711dfdffd56,0.5956610307598289
ck_af32a0660090dd68,0.504379710735384
ck_2122f201e65f76ee,0.34406192707272354
ck_f48acb73a5d6af07,0.6352821348543491
ck_337c5684510cf432,0.5572621715216949
ck_f7bde7265053364d,0.44923609696475864
ck_c190c7b924edba75,0.711224281931147
ck_044fa3b3a003f0b5,0.6284579344061927
ck_87eb43e3b9d96169,0.8086371969851294
ck_2d3d6c9364362017,0.09627215318802201
ck_ac55dc6cbcdf8228,0.2686086779384803
ck_61d7b0568ec5d6cf,0.6003870442045223
ck_89c74feeaffa7d09,0.4237726624567122
ck_93776b0c113f41f0,0.755265838256264
ck_15e0b679931f7a8d,0.41228356080668155
ck_77b56c49cfdb1d81,0.8944184151558361
ck_73188a826b5f499f,0.27985333061723366
ck_4f463ef25325ddfa,0.9336932165410471
ck_863db2e394dc47d1,0.9718679975555102
ck_d52432ed597f3cc9,0.45388062741902624
ck_04fb61e5739642f8,0.9137909961295578
ck_2e481d75d110c06d,0.866306783458953
ck_3fa1a523d77cd619,0.49637400692605416
ck_466dc6274fecd708,0.30578529232022816
ck_e1790b3aa2241b10,0.9696883275616215
ck_84ad096a46e1a960,0.7070075371766145
ck_3be72c9c178fa00d,0.5526991240578529
ck_5a17c89219d1d9fe,0.35003055612140965
ck_4f639f4ee6ce8d9e,0.7901609289060909
ck_f4ec4a935e51b4db,0.5749439804440823
ck_f04040a830f92bac,0.37651252800977797
ck_3e4d02a04be2aaf8,0.07775514361377062
ck_4d1baef193cfb900,0.771338358117743
ck_0fb3153d37626b75,0.331920961499287
ck_88ec57a11b11f702,0.9722957832552455
ck_dca9dc465f759db4,0.36830311672438376
ck_64f5fba6af67e024,0.13520065186392338
ck_896096cb167254ef,0.6897535139539621
ck_7878679065876b98,0.7328580158891831
ck_fe8e5a6c880ceb4e,0.2858627011611326
ck_a5e036327d3d1862,0.2737828478305154
ck_310f73940fc4cf4f,0.5999796292523936
ck_46a8db16ad00b749,0.7644123039315542
ck_0d33977c3de8cfaf,0.9943776736606234
ck_c6fff412f531db0f,0.10937054389896109
ck_bac6dadf428eaea9,0.5210022407822367
ck_1b96d9af0d7da2d5,0.22568751273171728
ck_fa8a4a9e77799fcc,0.19543695253615806
ck_0bf48607a874b4d1,0.0976369932776533
ck_eeb75f8a6439f65e,0.5940313709513139
ck_a209a5f7d172125e,0.41421878182929317
ck_8f346b72fb40bf14,0.26860867793848037
ck_bccbf9fef367f00f,0.4627419026278264
ck_2d1548f1ee405cc9,0.08176818089223875
ck_e8298ff2dc1e9d50,0.15017315135465473
ck_77c0fb524edb4a94,0.14294153595436954
ck_28ac4c5134cb8e77,0.7358321450397229
ck_db23a0e3e54be60c,0.928844978610715
ck_a059d00cee5cee99,0.29460175188429416
ck_3e9e3bba8bd363af,0.3092075779181096
ck_0428728df24cdab4,0.28824607863108576
ck_88cd35378075c84f,0.060867793848034216
ck_0174d76398d9dc0f,0.6373599511102057
ck_3f1287e6c27de0dc,0.316541047056427
ck_ff822700f3605e06,0.9883886738643308
ck_4563227b2038ae07,0.8464656752902832
ck_788e78065526ee19,0.5666734569158688
ck_8a16eb584093b12f,0.417844774903239
ck_cc276f71ab6c08fd,0.6667345691586881
ck_d61d97b21002f3e9,0.8117131798737013
ck_4b2e87d86a5e415c,0.7143002648197189
ck_3e6f35e4500d2f2a,0.16017518842941536
ck_3acdb083e0d8ad61,0.18158484416378082
ck_cd655202db489010,0.1650234263597474
ck_829cbf5ccda481ae,0.23029130169077205
ck_f5882e6f98b8b4cd,0.0411692809126095
ck_767947540b234add,0.48629048686086784
ck_a6e8e8f535b1f1d1,0.7360358525157873
ck_58412a2674fea506,0.38957017722550413
ck_fae7e518a585fa61,0.7996333265430842
ck_9c60ae6958d68dbd,0.8561417804033408
ck_328696b8f5e54ec6,0.872743939702587
ck_7df3f8f4f1068d62,0.11291505398248117
ck_cfadd21458230ef7,0.3953758402933388
ck_7048bedd554c703b,0.342778569973518
ck_50422466f145bfd7,0.3309024241189652
ck_61e1f7168cd9ff25,0.8195355469545733
ck_733aff0f56f5b3c9,0.6963536361784478
ck_e14892e424180549,0.030922794866571603
ck_03f6664a96de7d0f,0.6890201670401302
ck_b7f4baa2cc82fe61,0.28822570788347934
ck_1e51199a075ca0fa,0.22116520676308823
ck_0e70516fa07cfb17,0.9769199429619067
ck_0f37c554a5057801,0.9036667345691587
ck_5576b725de38d106,0.40839274801385206
ck_82f360df1e9f4eb8,0.7967203096353637
ck_395f3bd4aacd7ca6,0.38349969443878595
ck_5e8e857b63966609,0.9128132002444489
ck_93470896f0804b6b,0.9897331432063556
ck_3be854e42e76569a,0.4996333265430842
ck_0567302c57a2417e,0.7668567936443267
ck_ee535461b5f05539,0.8684049704624159
ck_94a096c36162a153,0.5275208800162966
ck_dfc8f5c141fd7c63,0.22136891423915261
ck_98b34f2d704c1c2a,0.5609289060908536
ck_96dff7a09d45f116,0.792401711142799
ck_79557434c129ba52,0.472601344469342
ck_4596624a7c01d501,0.295294357302913
ck_04e89fbd739243fa,0.22886534935832145
ck_6149ffaf18872dc8,0.01317987370136484
ck_cd78f0832a09bd8f,0.9378488490527603
ck_7e29c10d781c3b41,0.30370747606437154
ck_1f7ee7b23fc6f2f4,0.019209614992870237
ck_c49b685d2b3ab89a,0.1487471990222041
ck_84569a8fc50e73ac,0.40385007129761663
ck_b92b11d205af91eb,0.02098187003463027
ck_06280e6d6d2485b0,0.2937054389896109
ck_3c08546dd0c92863,0.47964962314116927
ck_99d3983f907828bf,0.4360765940110002
ck_eccfd552aa652d3c,0.593990629456101
ck_0cff8153881875ba,0.47386433082094115
ck_c1aebbeca6ab5ff9,0.14656752902831532
ck_538fdbbb3c2bcbbb,0.5744550825015278
ck_8c0210322733c718,0.2144224893053575
ck_0b0c93039f987abc,0.558158484416378
ck_6d07d6d1bd227d37,0.9013852108372378
ck_9b6ee35e8cd0b11c,0.3020778162558566
ck_d838491d3d4f5ecf,0.5251578732939499
ck_0593ae243a9ebee9,0.4872886534935832
ck_ef261fc09be8eb0b,0.0999388877571807
ck_d0935b571a4a3868,0.6056426970869832
ck_97d04a67a104af39,0.7825830107964962
ck_e25f70d0b7229420,0.6256875127317172
ck_9b71274ff83de482,0.9830922794866571
ck_6de2aa2bb60978d3,0.6019759625178244
ck_eda55c8fb47593d7,0.2088205337135873
ck_924e572517515f19,0.9046445304542676
ck_d6f27eacbad310f4,0.5022407822367081
ck_8550f229b5eb03ab,0.3283560806681605
ck_e3e95546a84d0ed8,0.6978814422489306
ck_3135c019696ee6af,0.9763903035241394
ck_41ba315d8fccb559,0.23395803625993072
ck_72b86e4485da2d0f,0.9826237522917092
ck_daaa995f3c2f0e47,0.5167651252800978
ck_053746067839696b,0.6511102057445508
ck_a15fe7d0f4b65c33,0.9482990425748625
ck_15de11438732bb05,0.42778569973518027
ck_2c4d25acbe3fabd9,0.3908331635771033
ck_7f08078908599bd2,0.6182929313505806
ck_e794741742fb2619,0.30820941128539414
ck_238e53b6dee8c301,0.351537991444286
ck_53a6a33060d5c8b8,0.32540232226522714
ck_0e0919292ad33472,0.9590955388062741
ck_d86ccf148c06c8c8,0.792218374414341
ck_c881f26c9bf9ae42,0.9438174781014463
ck_4b0947bf94e9d847,0.5592992462823385
ck_e10ff5c38bd18470,0.39232022815237316
ck_b60de9e97aad9e45,0.9605214911387249
ck_190bc849e5ff5401,0.7210837237726625
ck_e7be077aa0b2632c,0.17482175595844368
ck_a51abde881ebeff3,0.5500101853738033
ck_2208392a9f6bd249,0.4877979221837442
ck_0259da8f109017e9,0.6868404970462416
ck_05e01ab9c95449da,0.5400896312894683
ck_c82897ebffb6ae66,0.14909350173151356
ck_b4a6bb4689cd7cfa,0.4949073130983907
ck_9e21ea33018ce538,0.48419229985740486
ck_caa348f0e65db062,0.9707679771847627
ck_a964e6b5d8415334,0.9470360562232634
ck_510bfbbee37ff436,0.37325320839274806
ck_9741a82faf5c7889,0.4827663475249542
ck_e7f61b4a39ba98ac,0.29207577918109595
ck_069d158665a53909,0.6347117539213689
ck_6426427efe3228af,0.6195966591973926
ck_ab4a8d02ec3c0fd7,0.014931757995518434
ck_aefa0d8d933e0eca,0.5635159910368711
ck_232325ef6bce92f1,0.38521083723772664
ck_14e58c3fb26a2b4d,0.608759421470768
ck_06e73afdec26aecc,0.913281727439397
ck_3168f4f2778d64e1,0.5092483194133225
ck_ff3998d6858daa21,0.04980647789773885
ck_bccff46fb0868454,0.900040741495213
ck_c7d444d90fa86d7c,0.9369932776532899
ck_f0bc3bdee6bfbb94,0.5762477082908943
ck_f7112818a6d81422,0.5406396414748421
ck_aca35dbcb835ad02,0.7054186188633123
ck_f637fabf0f60528f,0.576797718476268
ck_53d17ab97de1ac3e,0.19417396618455898
ck_c8c1bf16d9113493,0.8577510694642494
ck_e842fb0cf055a83b,0.7451619474434712
ck_93c0cb3dac4891fe,0.2211040945202689
ck_0c1f088e17e46daf,0.5902627826441231
ck_8f4b384955bf57c9,0.3359136280301487
ck_09cd5c4df1e81ac2,0.8451823181910776
ck_1e832a5b2342554f,0.7928091260949277
ck_2cb763a881aee27f,0.1805459360358525
ck_5875828b11406398,0.46021592992462823
ck_48e84b0cb0b90fa7,0.6018129965369728
ck_833688de8629c5c0,0.08859238134039521
ck_117d78ccd5820f36,0.4402118557751069
ck_668ec61c4c39cae3,0.09912405785292322
ck_73a7794b659d7a34,0.3500305561214097
ck_10f90d879209734f,0.4504990833163577
ck_d1d079913aa158bf,0.11662253004685272
ck_01c631b38e8a9535,0.2844571195762885
ck_f6923088c17a04e2,0.7779384803422285
ck_b447badc9138987d,0.14324709716846606
ck_8b772caed8f1541c,0.36374006926054187
ck_5403c76fe68a08ba,0.9372580973721736
ck_3e6833574edf1736,0.22656345487879403
ck_e527fbb9450a4581,0.9593603585251579
ck_cc90e219f1ebf390,0.16974943980444082
