cookie_id,score
ck_315fb710a0e371e7,0.03418211448360154
ck_a76ee3b3e3e522fd,0.8887757180688531
ck_94c9a4d382689e82,0.6106742717457732
ck_8eaf9509ad9462a0,0.12344673049500915
ck_9a88a5a989cb5bc6,0.2862904868608678
ck_15239ef0689c1a35,0.7441841515583623
ck_8de69cd219d3b87f,0.9612140965573437
ck_f92cd37022b0ce21,0.622367080871868
ck_1a3ff7620580a514,0.24591566510490936
ck_397c03aa33a57310,0.8137706253819514
ck_a7cf6c3b322f6b7a,0.35530657975147684
ck_c39a9e75760e3201,0.25239356284375636
ck_88ab6d245228c38e,0.0044000814829904256
ck_17733f75ebdea93e,0.4737421063353025
ck_58eb871e8d7bed52,0.9035648808311265
ck_e55b7fa67db1ec27,0.07577918109594622
ck_62f5cfe22c952694,0.3267875331024649
ck_7fbb709a0fe95759,0.22037074760643716
ck_87abe9cd066a20fb,0.43320431859849257
ck_d58e058b5c553dd5,0.29142391525768996
ck_d27b872648b71202,0.33196170299449995
ck_4b4a3c5b95c55b43,0.11668364228967203
ck_66dd4f4b4127256d,0.44758606640863724
ck_93cc12703b500613,0.7443471175392138
ck_d28806a2179092eb,0.9929924628233856
ck_0595c2a0c7881e05,0.4785088612752088
ck_50087d8666191144,0.9356691790588714
ck_b08b3f089138c901,0.29724994907313096
ck_fe3b67041dad2dd1,0.08050519454063965
ck_8449a28f7d475d93,0.50829089427582
ck_8642e3b6d84f49d3,0.42305968629048685
ck_e49b5e4f2f2e79db,0.9199837034019149
ck_437afe412ea4259c,0.8196781421878183
ck_569b83668d74042d,0.9382358932572825
ck_233a487d31c3e631,0.996088816459564
ck_1fca72e03143a645,0.9473619881849664
ck_79205e31223df2ad,0.8068853126909757
ck_9625a64406ea16e3,0.28918313302098186
ck_079bd18dacb704a8,0.8850682420044815
ck_4db6d4fd2b49aa81,0.4087186799755551
ck_0dbefdac0a1868fb,0.12572825422693013
ck_24ff97ad90bdd69a,0.6692198003666735
ck_77f8c5042065d506,0.26828274597677737
ck_f11be8ce05382cec,0.8138113668771644
ck_c9d72140b0389216,0.8157669586473824
ck_69eda24e931fb36a,0.1685883071908739
ck_ed471e496916ee15,0.21601140761865958
ck_ff090498c4b17ac3,0.89468323487472
ck_c3c19d6a0720915c,0.24387859034426562
ck_af02e1817cfa40b5,0.9078019963332654
ck_2df5a9fc87553eb1,0.252189855367692
ck_4ac918e884cff336,0.5226726420859645
ck_ca149244b54ef3ad,0.0013037278468119781
ck_6babe5b8674ff51f,0.17677734772866163
ck_1573878386886290,0.14251375025463434
ck_3925f8565abb7fe4,0.1612955795477694
ck_c4de808ae69c771f,0.02550417600325932
ck_a777c813551281fe,0.474882868201263
ck_df4424f6dd85080d,0.5861071501324099
ck_85e5494ec20383ae,0.5641882257078834
ck_f71a4094e889c3af,0.1384803422285598
ck_f2f3cf9cd23b2809,0.6335709920554085
ck_18e2076397bcc211,0.7754736198818496
ck_c9f9fddef39bc664,0.5781625585658994
ck_7e826e233d6ea028,0.6543084131187614
ck_62fd7eb46bee9210,0.5067427174577307
ck_206f8e3cd72768f3,0.8567936443267469
ck_aa295a11b0a6ab36,0.3229578325524547
ck_9a56739d81f84a53,0.17392544306376043
ck_aa075c418ed9fe5a,0.6589122020778162
ck_62b9fb3db284941b,0.6062741902627826
ck_f4f83b1403ebea46,0.5174577306987167
ck_16b66bd803288bc3,0.9323283764514156
ck_c4ca1434f3778f1d,0.984436748828682
ck_1b823610371a29c0,0.3352617641067427
ck_c2bd5a722aa637d9,0.12397636993277653
ck_7890208951df34f0,0.6374006926054185
ck_020eb0e454524ecd,0.08999796292523934
ck_3b66196ccf436c35,0.46604196374006923
ck_109fc467ec0a4af5,0.899164799348136
ck_f3dcd818db92de7b,0.4753717661438175
ck_31e7742f160980ef,0.6702383377469953
ck_77fce5f86f00b8f4,0.8855978814422489
ck_46bc797b4d07d607,0.15253615807700144
ck_37899b1b571b1c6b,0.48889794255449176
ck_ef8a6af43fedd464,0.10788347932369119
ck_bcc8519fe8521038,0.7509472397636994
ck_90696b7182dd9129,0.2491749847219393
ck_4a24ad61d017e1ba,0.801588918313302
ck_0acc3d8c67218b9d,0.2150743532287635
ck_05c97fc9de11aba6,0.9371358728865349
ck_f8ac3a0500c0ec62,0.45589733143206357
ck_617b65141f546a1c,0.2561825218985537
ck_9d00823bf60388d7,0.4718272560602974
ck_123c15d93f1840f2,0.907924220818904
ck_573feefba6bf78bb,0.6770014259523325
ck_b25657bd16739036,0.3801588918313302
ck_bd26d2bef14a8597,0.3210837237726624
ck_a553418f2fba1440,0.3444286005296394
ck_89f3e380b0686963,0.23084131187614584
ck_b359192aa659bdce,0.1517620696679568
ck_02241f3dc301bebf,0.1922591159095539
ck_5ccc1a1c78cb33ee,0.6972906905683438
ck_349cc5edda1b8853,0.8264819718883684
ck_e9f228845bf6e28b,0.6370747606437157
ck_0a45d033d4e280ea,0.3896516602159299
ck_7e63168dda612235,0.230800570380933
ck_676fa5f6aae5475b,0.5790588714605825
ck_74b502b20690ccfe,0.2563862293746181
ck_073509af21dd7f5f,0.9645141576695865
ck_498a0acd450944d8,0.35648808311265023
ck_7f15b50b29dead01,0.7937258097372173
ck_8089fe7403c5f537,0.31603177836626606
ck_05b2b04e11d9ae9c,0.6850275005092687
ck_31e70f2f04b48b88,0.3387655326950499
ck_994316fa5a02b319,0.20105927887553474
ck_b76510998b9a2260,0.6749643511916887
ck_4db95c310e105d30,0.008148299042574863
ck_6f730b77dc6cdb84,0.5061723365247505
ck_2493ee8e7b91d304,0.4325117131798737
ck_92d679d6ac7dcdcb,0.8308005703809329
ck_3a0e0200cbb185cb,0.6807089020167041
ck_0b2eeb4e00ff7955,0.4574862497453656
ck_9843d0e61c37ebe8,0.9929109798329598
ck_e61c8721e3ef1921,0.1386433082094113
ck_2e0eedaaf2980c2c,0.6115705846404563
ck_9036b2e5e9298a34,0.2875534732124669
ck_3265442528d51728,0.556895498064779
ck_f2ddae2eb1cb29b4,0.6331635771032798
ck_6cfa71d27fc27f92,0.473253208392748
ck_f3199fbe84a28b9a,0.3786514565084539
ck_b78d785ca3ef773a,0.1459360358525158
ck_374865697f1480eb,0.3746180484823793
ck_06d0e4a9189302a9,0.6586270116113262
ck_9c9884b9bcaa552e,0.8881645956406601
ck_fd4cf578e87703ff,0.5166021592992462
ck_1917ef3e6e345549,0.889834996944388
ck_e70418b00cbbbac9,0.6137706253819515
ck_a60388296a47062c,0.7232022815237319
ck_d598fe8d2c779ab9,0.7324098594418416
ck_646dc03de4c31803,0.970829089427582
ck_e4fd8cbd842b6993,0.4518231819107761
ck_2225b555aa2a42ed,0.5058464045630475
ck_6be8ae9d78148882,0.4179262578936647
ck_4199342d3aca74e8,0.8321450397229577
ck_779581adb573261f,0.8378488490527602
ck_bb303568b6915205,0.8083520065186393
ck_17c4296276448afe,0.5783662660419637
ck_a60a61ac829252a0,0.1839885923813404
ck_6ea70950c1cae00b,0.9618659604807498
ck_1abb93f6924645e1,0.5195762884497861
ck_faab769cce19879a,0.8359339987777552
ck_d5b8e74e7ca6355a,0.6124261560399267
ck_f11f7691af16ad07,0.21104094520268893
ck_188fdf2be7c92e9d,0.9987370136484008
ck_4a103f8254b366f7,0.7030352413933592
ck_bfa17a0b1760e616,0.1392544306376044
ck_a4d7f6a5869d440a,0.9918924424526381
ck_58e20f5a3e7f11b8,0.9562028926461601
ck_4becdd3d2696c7ba,0.12303931554288042
ck_dad5cf32ab9f243f,0.572458749236097
ck_7d9f73dc7c4f90c3,0.8819718883683031
ck_c19371047a2d011d,0.22122631900590753
ck_247589ff532f7aa8,0.3988184966388266
ck_7a9f241d5f082567,0.3555510287227541
ck_0a2b7078736b4dda,0.42179669993888774
ck_687b412e2aac7eb6,0.659971480953351
ck_fce0b6855886a0b8,0.2461601140761866
ck_e291cc60920456d0,0.8854349154613974
ck_04219a7ea798db51,0.8335709920554084
ck_286bfd719836e9f3,0.8745976777347728
ck_55efc92394fee232,0.5727439397025871
ck_e36c8da1bd359960,0.9056834385821959
ck_34b0988a97d96902,0.7868812385414545
ck_e0fb11fc9dcb34e6,0.23418211448360154
ck_bcc9cbc9ed8b7c31,0.26270116113261355
ck_3df8da6f60a89a5b,0.49517213281727446
ck_b1495ee5c59a6b28,0.5281727439397026
ck_58f4c3ac61fda129,0.8259930739458138
ck_735f244b99e3aa8d,0.3537176614381748
ck_6b93bd8abf87b1d6,0.9865553065797514
ck_12107dacc6d05bd1,0.07981258912202079
ck_f96db2a1f3448d1f,0.3280097779588511
ck_8fd91a3c99e19097,0.8370340191485027
ck_910205d25388a0ae,0.02228559788144225
ck_d229dfa0e4442628,0.011692809126094928
ck_7cdec61e1c488798,0.8220411489101649
ck_f66f06e24ff32671,0.7405174169892035
ck_350bf14e90b503f5,0.4154817681808922
ck_61fff5fdaadd394b,0.21735587696068445
ck_e934f984bad2ff91,0.9756365858627012
ck_ff6a6d3547dd2d37,0.5854552862090039
ck_65ad9b15979e3247,0.41152984314524343
ck_bbe1a2ea5a403ad8,0.9190873905072316
ck_6f3a28eecd2c4031,0.6809533509879813
ck_a89b66665714058f,0.4002037074760644
ck_918c92182b6817cd,0.6847830515379916
ck_64f5eb4be9e7b8fa,0.8611937258097372
ck_d021fd497ea35fb2,0.527398655530658
ck_004de16f7d8a42ae,0.5225096761051131
ck_a33d2325f86ab12d,0.19983703401914849
ck_89790ff26c844bc6,0.28445711957628844
ck_e6e7257377c37b28,0.8848645345284172
ck_a2cc3910a641a808,0.9372173558769606
ck_646e270e0195bf05,0.3378284783051538
ck_baba5d66def0d770,0.8413933591362802
ck_67cdcdda3033842d,0.8859238134039519
ck_b5c3075c811a2216,0.7613363210429822
ck_515379973a8044b8,0.401955591770218
ck_c0ce85fb4109567d,0.8558158484416378
ck_fef850553862aaca,0.40607048278671826
ck_55d7217b0aff9fa2,0.4030148706457527
ck_8e139f8925ef7968,0.5737217355876961
ck_9e35b908fca1e4d7,0.2707272356895498
ck_59735f4ab2ad3da5,0.42452638011815036
ck_dc569c1167ccec0d,0.9505398248115705
ck_1dade5592f90a15c,0.5669586473823589
ck_793048d11fb8b328,0.893705438989611
ck_545b71eb4fa594b5,0.12332450600937055
ck_bd30853e9a57b544,0.6437971073538399
ck_59f46321ecf6d306,0.4904868608677938
ck_260cfe9141d249f1,0.9157058464045631
ck_3365a0ad1a8aa83c,0.2207781625585659
ck_b0ef193195a2138b,0.22517824404155634
ck_0f909705e2e60f2f,0.7819107761254838
ck_5a540b75c866166a,0.6741087797922184
ck_87c26b2f41025109,0.9936443267467916
ck_27acc9f320cda104,0.8879201466693828
ck_a27bc31eecd9cb9a,0.29712772458749237
ck_115d86fabde77b65,0.009492768384599715
ck_eeca179341d56f8a,0.9693623955999184
ck_8e5999c436cf037e,0.16752902831533917
ck_510e7c5df1f95d90,0.9703401914850275
ck_f1acf73363925958,0.6654308413118761
ck_3c177f5970b68bd3,0.23067834589529435
ck_9cdfaa1c30cc9d32,0.16565491953554695
ck_c8efa1538b37c359,0.3905479731106132
ck_a8a2e296f9804bd7,0.30495009166836423
ck_91a0ca45f429568d,0.5078427378284783
ck_5fdf8a0bdbd3ed62,0.6799755551028722
ck_0f4e2ec66d50da5f,0.32092075779181095
ck_28c53b214b2ee882,0.889834996944388
ck_003148504557f720,0.5845182318191078
ck_01d840cffb870615,0.9117131798737013
ck_555848d51f4b5f35,0.5067834589529436
ck_df20cc23b8fb8e22,0.3546954573232838
ck_f9604adde929beff,0.23373395803625993
ck_d66952b03591bdec,0.4975351395396211
ck_ddcac1ab765ff61a,0.7975962517824404
ck_347386629d96c664,0.6478305153799144
ck_ab01db9117acfe3d,0.5247504583418212
ck_58e5359efc52e0ad,0.4520268893868405
ck_1a524b5cc8da71b3,0.5355469545732328
ck_e9287b6d909d731f,0.014422489305357507
ck_bb41a66e3d90263b,0.7603585251578733
ck_e95c8cc1864bd584,0.4128335709920554
ck_7a3f2961e9a8b6dc,0.6488490527602363
ck_378a9df82b1e0bee,0.9012018741087797
ck_42633573639a3f02,0.9939295172132818
ck_2a5a4c18c2c7274b,0.8453860256671419
ck_77549c1a41f837c3,0.6131595029537584
ck_a26704b5b26258b7,0.27031982073742106
ck_9874ad160efddf50,0.9210837237726625
ck_9111e3a04b14dfba,0.7231207985333061
ck_651e076ee43aea85,0.7646771236504379
ck_391639c0f13932f3,0.033530250560195554
ck_02dbabda93c8c13d,0.4063149317579955
ck_0adcb1fffcb0a34b,0.33587288653493585
ck_7a43ef9c7b1c67b5,0.03964147484212671
ck_4b9dd69946438d0b,0.2099816663271542
ck_90bf017cdd37b66e,0.6608270523528214
ck_61c74163eb36556e,0.3978407007537177
ck_13376c59b5bd6943,0.050967610511305765
ck_62337eccb1672737,0.43295986962721533
ck_16077934338472bf,0.37306987166429006
ck_0d4dfd93086e7330,0.44041556325117137
ck_3865b7525b910893,0.7580362599307395
ck_7e2ae8b69ebd5675,0.31183540435934
ck_b4384b6c11766ce7,0.22448563862293747
ck_3d7fa32dfb9fc692,0.7093094316561418
ck_f4a6a7cadd6e0603,0.8034630270930944
ck_212525e2828a6c45,0.6284375636585863
ck_33ad8d53394ba77a,0.9206763088205338
ck_a5051eafe8b51224,0.20741495212874314
ck_f65e5ff7da565f91,0.7211652067630883
ck_5c37f7563fa7591d,0.20660012222448565
ck_f1e0a006068aff29,0.1519657771440212
ck_c646cdead6fb79d0,0.23850071297616623
ck_f8b3cdffef535330,0.9078834793236912
ck_e5cdbe3aa12c97f6,0.35212874312487263
ck_986e4e61440506d0,0.8884090446119373
ck_6da9c5912e15d9a8,0.2491749847219393
ck_51d842e6dae74c71,0.24721939295172132
ck_5fc65c24e0736d5d,0.9887960888164595
ck_babb95a76c69509d,0.6636382155225097
ck_86a2d852a9715432,0.4954980647789774
ck_db4083a0d043def8,0.9166021592992463
ck_96953b8945b7d403,0.40093705438989613
ck_7831ca5c31fb3859,0.7746587899775922
ck_60ac5e5f375daa38,0.432430230189448
ck_05d44eb1f5f085ce,0.3072723568954981
ck_432cc19c7eeaa46e,0.37506620492972087
ck_7fc513033af061af,0.7585658993685069
ck_ada6ede84c111719,0.4994907313098391
ck_6343e0d3b1c2962b,0.5119576288449786
ck_010264ae04f2e902,0.8860867793848034
ck_e9dcf535f8c289eb,0.7233652475045834
ck_37143d9cc296e6fa,0.7078834793236912
ck_61fa051192f3e810,0.8248930535750663
ck_f9f93d1d41be1468,0.961417804033408
ck_c4f4f28457be8a74,0.2737421063353025
ck_323a71f9452d21cb,0.9550213892849867
ck_170f4688e0acd875,0.8940721124465267
ck_869b1878d09d230d,0.9282949684253412
ck_2f6b33bf46976229,0.5613770625381951
ck_b11e22e75d9b99de,0.11444286005296395
ck_123d75ffb75b606d,0.5958443674882867
ck_94295287a04c85d2,0.9077612548380526
ck_1b0434f096795328,0.2290079445915665
ck_0a4e191cd0a57ce1,0.381544102668568
ck_d2fbd0df99634676,0.378610715013241
ck_d51df5e9fbbbcc94,0.6840497046241598
ck_2d3d7d64a6f443f8,0.5898553676919943
ck_731943c682c9394e,0.7239356284375636
ck_5ccc0c94e5e1f849,0.28702383377469953
ck_c3476080516db25d,0.34267671623548585
ck_5010ffb1c94187b5,0.05292320228152373
ck_7ef666d67bc70223,0.3235689549806478
ck_c1b493527224a27a,0.13420248523120798
ck_5d1e25d7acc5af9a,0.256386229374618
ck_ec30b61cbf517db8,0.17840700753717662
ck_79323eb5d2e5efae,0.16561417804033407
ck_4085cd3bf2661518,0.6212670605011203
ck_2ca91214c357c072,0.8698716642900794
ck_7f3132d6be389657,0.8236300672234671
ck_e7a6b925c8f39a85,0.8294153595436953
ck_c886adec7bac250a,0.5761662253004685
ck_c3f360c2d0ea0a37,0.2288857201059279
ck_a7acd5b015823793,0.6015074353228763
ck_9d64187c0800f84e,0.8884905276023629
ck_5d4ed73b9efd7d11,0.2550825015278061
ck_874eca6776b34dec,0.17641067427174578
ck_96a9221a87be93c3,0.5516398451823181
ck_68dd79a51eabf5e6,0.7284171929109798
ck_8311cb6755b2016c,0.041230393155428806
ck_16fc77b2bcf5ec03,0.974373599511102
ck_ad9e2088a33c8c72,0.025300468527194947
ck_7176bbc97b1e42a1,0.1322876349562029
ck_80dfa54b30f65fff,0.9700957425137502
ck_31c54d540b128843,0.3344469342024853
ck_43ea894480567274,0.8042371155021389
ck_9c9e8a38bd5a6c88,0.22876349562028928
ck_1c2dcae19539e148,0.8228152373192097
ck_b0fa8b84e94d8ae0,0.4326746791607252
ck_4ceb43ccd0a81c2f,0.2750050926869016
ck_ba845332b730b596,0.10560195559177021
ck_73d3e8c6077f61e6,0.8096557343654511
ck_b5d0d223ef56473f,0.4913016907720513
ck_949f08f8e80e93ea,0.24212670605011202
ck_73de0b49709e5f8c,0.3493175799551843
ck_b5935e9722a39819,0.5520472601344469
ck_96247fee0eb44420,0.4408229782033001
ck_a6def1e4b2d57e0d,0.8112446526787533
ck_aecdc5a96321a2d8,0.5217355876960685
ck_bc61c59970f8de49,0.6398859238134039
ck_c43b4175fc9ac5bd,0.9568547565695661
ck_8ff7a9b23a55fd62,0.35807700142595233
ck_20c99b645f462449,0.32780607048278676
ck_a5ce2ae36fb410d9,0.1909553880627419
ck_96fb9bf556842bbc,0.2756976981055205
ck_b5e4c6dbbed1b773,0.504664901201874
ck_2085433978e72ea9,0.5759217763291913
ck_2c6b174b063ec637,0.48005703809329797
ck_b20b81b88dabe28d,0.35090649826848647
ck_243c18dbf150831c,0.2910572418007741
ck_2bb6a17e8eee35cc,0.8130780199633327
ck_66147fb994495396,0.790914646567529
ck_73f124f075ede0fc,0.1245060093705439
ck_2e315f1b1e533dab,0.28600529639437766
ck_16c7bf94ed3e7a6f,0.03304135261764107
ck_4a0eae220a762ac5,0.5282134854349154
ck_dc16f939c2f44ad8,0.7069464249337951
ck_817926b449754917,0.4180892238745162
ck_0c0dde42ab64ef87,0.5515176206966795
ck_cb3a40594da6a2ee,0.4438378488490528
ck_d0dc156441fcfdcb,0.7574251375025463
ck_66f0945add423e9e,0.11146873090242412
ck_a74f6a3030f5d495,0.5699327765328988
ck_1ae460f331e49ae2,0.6993277653289875
ck_2d177b2f4f0b40c9,0.8583010796496232
ck_92e474e4368c4791,0.42941535954369525
ck_3dee83fa2d109484,0.12222448563862293
ck_80e5ea27848069fe,0.21295579547769405
ck_ed0c4a83701ca230,0.6015074353228763
ck_0b8b7c5c581fd161,0.5563251171317988
ck_60bf8a2870956fb1,0.10319820737421065
ck_73a54b56a2bf35fe,0.9683031167243838
ck_2296d7a563424883,0.38932572825422695
ck_bc19c383560c7477,0.583784884905276
ck_861d8e3d88f1079e,0.8700753717661438
ck_3f090fc96c24eb28,0.09912405785292319
ck_9a6a1f8102febfca,0.3969036463638216
ck_541b6ad5d2fa5a39,0.4225300468527195
ck_a760d38d1bc4de97,0.053412100224078225
ck_7dca4d7ee10b4eeb,0.3293135058056631
ck_15220e78d1545e40,0.2770829089427582
ck_ca24bb0de508efb0,0.7340802607455693
ck_56b389627d8f02c5,0.9844774903238949
ck_48a6754977a44db0,0.13424322672642086
ck_333a43ec339a04cb,0.8534935832145039
ck_f22aacaf86a65d7e,0.7962925239356284
ck_04bd8a1ffaf3ffd8,0.04844163780810756
ck_2737a72de6b700f3,0.702098187003463
ck_c35e03b0dd0c3454,0.4660827052352821
ck_e0571312f395cd94,0.6311672438378488
ck_09fab6b9825001b2,0.28050519454063966
ck_18c3a095606209e8,0.5943776736606233
ck_2a97db9377d01e36,0.15881034833978408
ck_f29dbbfdd2786bd1,0.09900183336728458
ck_35d6c510ad29362e,0.960440008148299
ck_5468fa99c945d785,0.7727846811977999
ck_6f8102f62c876cc9,0.7513953962110409
ck_91955aab3424ad16,0.36471786514565085
ck_9a43c0c73a39d759,0.5282949684253413
ck_60b023af6d1e30bf,0.9405988999796293
ck_9704c5cf8659cedc,0.7566103075982888
ck_7e5f02b51b9f78bf,0.8117335506213078
ck_7d3a88d1aa649708,0.9394581381136689
ck_8250eddc1ecb07a0,0.7625178244041556
ck_d979ef95ee44023d,0.3719291097983296
ck_5e5461dac83531ac,0.24127113465064168
ck_d1bb8890081e0a31,0.48339784070075376
ck_32246c62640648d9,0.05341210022407822
ck_77a40c7d2f862a32,0.7962110409452027
ck_1c8b94efe9238f5b,0.4133632104298228
ck_eaf3b6d11bc3cb11,0.1517620696679568
ck_a4a7ef3ad799c380,0.47867182725606033
ck_d5bd8f68da073cd8,0.8773273579140355
ck_6e6258227fc8db7f,0.2902424118965166
ck_c35d444e05799db6,0.5240578529232023
ck_74665e1209140ae8,0.8396414748421267
ck_353a272478f7e903,0.3672845793440619
ck_a2c9796ea229a4e2,0.3393359136280302
ck_e0171f91cb3411fe,0.5451619474434712
ck_703499f5410280f7,0.1314728050519454
ck_ae3a763997f8f385,0.6843348950906498
ck_f7ff94c3df5ac874,0.5046649012018741
ck_f3c16d8f747db046,0.852841719291098
ck_7ef019ed77276496,0.3687512731717254
ck_d6a4faadab58a3de,0.6610715013240986
ck_ba7b78d31d74c794,0.26481971888368305
ck_36287d063350ce9d,0.8203300061112243
ck_5177fc7137ff26ce,0.07529028315339173
ck_dfd4e79aaa967b63,0.2253412100224078
ck_fb44d15fb93a7157,0.7801588918313302
ck_fca478361870a4ca,0.6310450193522102
ck_e57b94fe57341058,0.3908739050723161
ck_5448c946cc4758fe,0.5623141169280913
ck_c5ece5ffb8800ad4,0.18643308209411286
ck_11cb98211b2ed134,0.9648808311265022
ck_f655399ac75c4450,0.6571195762884499
ck_c817259019588d30,0.49476471786514564
ck_8740a14d8096c6e1,0.28246078631085764
ck_0c5ba86f4e05b38d,0.37726624567121614
ck_ccc917533d4b73d4,0.32756162151150947
ck_9eb80edfa43203de,0.5704624159706662
ck_d1a1cf4cf61d6801,0.31607251986147894
ck_b17c239f160e6017,0.49647586066408633
ck_410c3e13b48e0415,0.26111224281931145
ck_ab553954435e8854,0.9512324302301893
ck_bdbb4230c91e1604,0.8140965573436545
ck_8fd4937eadd64fb6,0.1592177632919128
ck_e0e90b196bef3c11,0.09256467712365044
ck_3dc4d464386f0eb2,0.9142798940721124
ck_51bbbf8f8e8ad005,0.9997962925239356
ck_c05737ab74cf03c6,0.8814829904257486
ck_dceabbe04d99afc2,0.13293949887960888
ck_5b86fd14e85bc9c7,0.9721735587696069
ck_d4febf0083800424,0.6718679975555104
ck_77d9f86dcf251739,0.7346506416785495
ck_b4dcebc543deaafb,0.7046241597066611
ck_cb856e75c949b0cc,0.005051945406396415
ck_61b067de8ffc1ca1,0.8578936646974944
ck_c0e8560ccfd9dd9d,0.03723772662456712
ck_173e1198c341087b,0.2802200040741495
ck_b4d55bc809000276,0.5372173558769606
ck_839bf139296b5cea,0.9100835200651864
ck_78cd402a2a4f2e35,0.2526380118150336
ck_c2925c50ebacbdba,0.02114483601548177
ck_5e3bc76eddbdb0a6,0.15832145039722959
ck_b7793edca26fc512,0.5454471379099614
ck_d79bdf04d6f31cd5,0.12646160114076185
ck_4b97d19ed946f503,0.6890609085353433
ck_37139b41c5370523,0.6753310246486046
ck_8c346eeefa9ce692,0.4981462619678142
ck_2ab7eddee2d8c49e,0.21931146873090243
ck_29da59ea3bffb9d8,0.8294153595436953
ck_c1d05ef0ec6e4be7,0.27235689549806474
ck_3882423b449f6291,0.9819107761254837
ck_5647030283171ed5,0.9562436341413729
ck_efbdcd9c181e72ca,0.06649012018741088
ck_192fdad892782daf,0.8045630474638419
ck_0bf2e13b9f2601ac,0.8800977795885109
ck_3d6046a533057795,0.02937461804848238
ck_279a1d3a3836e5cc,0.5909961295579548
ck_c375e929becde422,0.07801996333265432
ck_a59e90219939a1f0,0.05247504583418212
ck_4e9fba1ec54c3ff8,0.3943776736606234
ck_bcbd8588a13f5eef,0.4948054593603585
ck_5f9a7ff990341bdd,0.04986759014055816
ck_e0403d507519b7d2,0.6599307394581381
ck_c9490cb61aff5112,0.8401303727846812
ck_41dd44308e6a665a,0.8594011000203707
ck_76c23726cd7ca947,0.32014666938276637
ck_9be551300209fa83,0.17058464045630478
ck_a98848eec6c9581e,0.7295579547769403
ck_61176dafb33b2d8a,0.9348950906498269
ck_92de019e05971ce3,0.6792014666938276
ck_5d644224135d7c65,0.6479934813607658
ck_c767fc454fa215d0,0.10437971073538399
ck_5df85a8924e11f27,0.6860052963943777
ck_da2729307af06ed5,0.6928906090853535
ck_7c6b577174af7a78,0.3204318598492565
ck_893b8afbe11301e1,0.4510083520065187
ck_e06f6fed020ae014,0.4120187410877979
ck_386680372fb54857,0.22815237319209614
ck_7a7f3c4fe0c9d2ca,0.2915868812385415
ck_f908b527c4db422d,0.7853738032185781
ck_ec2eee6a133e9a6f,0.8732124668975351
ck_d98934f9fe0b02b3,0.5028315339172947
ck_398a1ed77b0130e5,0.45288246078631084
ck_d960af7a55b892b1,0.6441230393155428
ck_4637e54a9f79e2e7,0.17335506213078022
ck_02b9f418524f6650,0.7395396211040945
ck_d4b23804cebb045d,0.3061315950295376
ck_35b1939c48182a9a,0.20187410877979223
ck_2dcbb71e39d64305,0.6571603177836627
ck_47a884dec960ff2d,0.7953147280505194
ck_71fd8c346fde5cca,0.8152780607048278
ck_98e1992ac8e7d2de,0.720594825830108
ck_ae7780327e210522,0.3239763699327765
ck_e6c584b4b1ad6d9d,0.3446730495009167
ck_344b2e326a6c3dcc,0.32401711142798945
ck_9aa899a5230b0963,0.8724383784884906
ck_e48d14d5b70ef5aa,0.6764717865145651
ck_59d380a0973b3951,0.2782236708087187
ck_11318f7c041a5ba9,0.1468730902424119
ck_7061786fe2f22f5a,0.8095742513750255
ck_e77529651c416cf7,0.3241800774088409
ck_7f79878197340435,0.6265634548787941
ck_b0a0fb0ee9ebf106,0.29284986759014053
ck_70c7679199776a90,0.2426563454878794
ck_b9facd2210daca5c,0.893338765532695
ck_9949f53c155b8dde,0.6664901201874109
ck_1c607e24f2c4397a,0.8152780607048279
ck_aefd1ce3ce093cbd,0.10841311876145854
ck_5a29b7018e43280c,0.3617029944998981
ck_69eb0b2ccfbe5f95,0.6504379710735384
ck_fe037765aa465c58,0.2840904461193726
ck_5e512ef5362a3dd6,0.5866775310653901
ck_544a9e80b7fdc279,0.11806885312690976
ck_7825494e654d5695,0.5348950906498269
ck_f1f2c3c623553f0d,0.015196577714402118
ck_52730906e5b461eb,0.9395803625993073
ck_01e0689157fe9617,0.8237930332043186
ck_9da82e567074da9d,0.5222652271338358
ck_6a17384072f904c0,0.4030148706457527
ck_8d84d771a21942a7,0.11423915257689958
ck_39638880292782a7,0.7117539213689144
ck_7d51c86e0eec72ac,0.5143206355673253
ck_45f4c821c70d134f,0.905683438582196
ck_0af3c13ba56ce57c,0.3542880423711551
ck_0789a05e061b2784,0.8732124668975352
ck_6ba091eb42ffa9fb,0.8716642900794459
ck_265accb3c5c32620,0.8011407618659605
ck_179039559ff7566c,0.4028519046649012
ck_17c0a6a92b5765cf,0.24273782847830516
ck_59371c9140239fd7,0.17742921165206763
ck_f9c4f8b4ce2691f0,0.47031982073742107
ck_a2637e4872cf4811,0.8763903035241394
ck_1de43fd6c6c22a5f,0.8108372377266246
ck_6e4f31bd108571f0,0.19661845589733143
ck_da06d97db0b18851,0.2926054186188633
ck_e0346d5081e640e8,0.3075168058667753
ck_c1c7d4e62c9fcded,0.8117335506213078
ck_2595669e421299f6,0.711224281931147
ck_3b6057d51fd4c7d6,0.7366062334487675
ck_c5f8ab515840a0fe,0.489468323487472
ck_435cb24538c6f77c,0.6791199837034019
ck_d84b5403da4cea7b,0.47541250763903037
ck_c2b61a98d1c8f6dd,0.9355469545732329
ck_c9dcd92b2f836b61,0.8633122835608067
ck_9eb5b3f5f672c2b1,0.05451212059482583
ck_e4cf189a8d31649a,0.03788959054797311
ck_6b114f2a48152b96,0.20289264616011404
ck_3fb95862b70f505c,0.48828682012629865
ck_7f780f465c29398e,0.3882664493786922
ck_ee387f9da79e67ea,0.7855367691994297
ck_fa3b1e85d27af2ee,0.6075779181095946
ck_e739eaaa7a1822f2,0.9052352821348544
ck_dfa0ac11fcb1dabd,0.24176003259319617
ck_6e8751b571ea54d1,0.5452841719291097
ck_2d695f8358383092,0.6598492564677124
ck_e7dce27edb700f27,0.778569973518028
ck_e322da8b213eab52,0.012303931554288043
ck_d0b32e039abb8200,0.33016907720513344
ck_b354003302b272ca,0.11839478508861274
ck_f7485cba392bc294,0.960114076186596
ck_d6a290ff8362c7b9,0.8176003259319617
ck_c56a44fe315c0389,0.32886534935832146
ck_f77dfe6512eae322,0.699164799348136
ck_35fe969c58b9e70b,0.6255041760032592
ck_4c518637db2322d5,0.9389692401711143
ck_cb61902798ecc4fd,0.8305968629048686
ck_56e6cfa32156a916,0.02428193114687309
ck_343e6ed2b9d35c01,0.7026685679364433
ck_51440f64f7250ad7,0.792544306376044
ck_295bca29c34cfe2e,0.5413729883886739
ck_dd30558576b45e7b,0.3149317579955184
ck_3a30132a57181fe3,0.5146058260338154
ck_4a733aeb833406f4,0.11713179873701365
ck_1b0b7c3d35ab1259,0.6461193725809737
ck_962c3bbf27cd4b80,0.701446323080057
ck_9528e1d6b1707870,0.5906294561010389
ck_b3263e7f31aab45f,0.6676308820533713
ck_e69195a3c885053d,0.046404563047463834
ck_a907fa8795cd4baf,0.10140558158484415
ck_205c3405045bd835,0.6101446323080058
ck_e81fc223bed3c46a,0.5236504379710735
ck_363751deae40edfb,0.8381340395192503
ck_6176baea8cbebbb6,0.2598899979629252
ck_633e6579f5c74a5c,0.957221430026482
ck_ddc11fc481eef58d,0.49635363617844774
ck_e975002c979e12c7,0.7622326339376655
ck_8e039b23acaaac00,0.8618455897331432
ck_1d6990d94a4d2ad6,0.11476879201466694
ck_e7b583acaa3171a2,0.8491749847219393
ck_c0133f60d39b2fb5,0.3295986962721532
ck_7d6bff85e7a694bc,0.3606844571195763
ck_d305b4d82f63f647,0.47304950091668363
ck_22bd0fc71f95e048,0.8160521491138724
ck_9a65fcfc7916f93f,0.08938684049704625
ck_d61c837b0106085a,0.7842737828478306
ck_be86a1db08dea456,0.4747199022204115
ck_90489c405e6886d8,0.2629456101038908
ck_0add2c321d579d75,0.4497453656549195
ck_482dea6eed92cbbc,0.16557343654512122
ck_c24b47184534cc2c,0.9897738847015686
ck_fa04ac31e596e7d6,0.2723568954980648
ck_084322dc5a3a86f0,0.4592788755347321
ck_ccb72a33cc1877b7,0.6661234467304951
ck_afaf374009d3b248,0.32556528824607867
ck_b53084ffede19a8e,0.11574658789977592
ck_4760216154c8cac2,0.941006314931758
ck_37ad3a65db673e70,0.19788144224893053
ck_0c2932cc0d553694,0.3749847219392952
ck_86b853c52f20fef5,0.22387451619474433
ck_38703b7546d35a80,0.15522509676105115
ck_218b7e6e6dbd2da0,0.15836219189244244
ck_402db4184982fdf5,0.3171317987370137
ck_f917c82af80e4a79,0.7430026481971888
ck_3c6417a233c68c73,0.5972295783255245
ck_98068c397d70dd3a,0.7688327561621511
ck_b1cbd6679c0f8d95,0.13078019963332654
ck_9e962f9bb0e7bac2,0.5736402525972704
ck_b08247c3ad567d92,0.9530657975147688
ck_3ef7a03ebb81cfe3,0.10543898961091872
ck_5d7ae0e3562e99bf,0.8911387247911997
ck_c91a628236baf91b,0.6547158280708902
ck_7f8e816ca51755e3,0.9542065593807293
ck_5aadd286d188f5c3,0.10470564269708697
ck_a037aff5f8128c73,0.20782236708087187
ck_5df6529ce8290906,0.3127724587492361
ck_5f3609511443e5a8,0.18472193929517214
ck_a6f61864fac3c8fb,0.636952536158077
ck_2733fc6ba23ae46e,0.35571399470360565
ck_22bfb9246646eb41,0.9608474231004278
ck_bfc2a57d8fd1610c,0.9604400081482991
ck_49839e761d0e74e9,0.26775310653900997
ck_aa4ba931dd37481d,0.408759421470768
ck_2f9fa0d61829f815,0.6325524546750866
ck_5b82c774df10d49b,0.07537176614381746
ck_411219470d0a195c,0.6277449582399675
ck_d07485ba10514a2d,0.9130983907109391
ck_219bef979ee21bdf,0.1936850682420045
ck_eb1006e7285184a6,0.6884090446119373
ck_fd242b18575e3063,0.8213485434915462
ck_95188150ff059c70,0.7637400692605418
ck_a9ca2f447b984a6a,0.39262578936646975
ck_2dd39723c4088b64,0.27223467101242615
ck_aa2b4c662ff213b6,0.8507639030352414
ck_1867b1199c864db5,0.6787940517416989
ck_850ec97a5a0dab9a,0.8841311876145854
ck_562320295fa35875,0.11977999592585048
ck_bab5759b07fe2bea,0.2225300468527195
ck_b9f1465d803e57b2,0.7357099205540844
ck_8f21f2690c32c691,0.8482786718272561
ck_df87d6f61a63eb21,0.8428193114687309
ck_770475876d0e7e6a,0.3942961906701976
ck_b4c014d5c0cc9eb2,0.13505805663067832
ck_3add4d23124c9290,0.4263190059075168
ck_bce5b7fecfb6264d,0.8066408637196985
ck_604c17cb97dc89be,0.8363414137298839
ck_e52cbcd9aafd26b2,0.3511916887349766
ck_0ac9114076f5bf3d,0.39804440822978204
ck_dcc125b178b79566,0.126420859645549
ck_4e333c09f0c37dee,0.6030556121409656
ck_ff7e31ff8ba731e5,0.5686697901812996
ck_8d0532d24f1070d1,0.09024241189651659
ck_3689fa41748a6f6b,0.7974332858015889
ck_7509eb97c1948b16,0.20358525157873292
ck_a9161cf1ca22a6bf,0.5738032185781219
ck_bed3e3db135b782e,0.6470971684660828
ck_9040edd974ef8e3f,0.939702587084946
ck_fac32d76ed40f683,0.21311876145854552
ck_3d7b1078e2d57c69,0.10356488083112651
ck_dae09c4e074af5dd,0.6424526380118151
ck_fd84507228467b40,0.8271338358117742
ck_e2a2ce9b8cf44c63,0.5875331024648605
ck_cbe716f351d660d4,0.15742513750254636
ck_cba4162ef29a6d27,0.6932572825422693
ck_4f1e962ff8a29732,0.6182929313505805
ck_39a81899dded61e4,0.2318598492564677
ck_25382331551d22a5,0.5577103279690364
ck_6d64e1c07b19856e,0.8769606844571196
ck_165a868bdef28ad3,0.6109187207170503
ck_88774ae52e30e877,0.9189651660215931
ck_fc7a9d0643570053,0.061764106742717456
ck_c2017120b3b88a46,0.2665716031778366
ck_d115ac6b9fd62a7e,0.2886942350784274
ck_439cf7d51ec7de0f,0.4075371766143817
ck_2468a7e9e68a0927,0.33538398859238133
ck_7c418947124dee8f,0.7512324302301894
ck_fb0cf32c4a56f740,0.836667345691587
ck_694eb6c43193afd4,0.34300264819718884
ck_993beb188dd4abb6,0.869382766347525
ck_77fa39d3b733c226,0.47581992259115913
ck_49969a9abc47cb69,0.5907109390914647
ck_d3f44bbe2f7e9b2d,0.12385414544713791
ck_fcf5b8216d0c18ef,0.0477490323894887
ck_daefe1e2d2bc362d,0.2005296394377674
ck_9c9287cb28950eb6,0.28282745976777346
ck_c1d1a625b885a975,0.4581788551639845
ck_71b37fe47490b4ba,0.06233448767569769
ck_5d16e257c0635f7e,0.9279690364636382
ck_15918075563eb074,0.04510083520065186
ck_9a15fdefc47e8d11,0.657038093298024
ck_6f04d047d1dde75e,0.05369729069056835
ck_1af2c0b3b8d202c1,0.35282134854349156
ck_174be2231c5fd2b6,0.17229578325524547
ck_bb0713a2a1d65982,0.5245060093705438
ck_0daec63bd5b0729d,0.5337950702790792
ck_c0b5cc3e8ad2ff44,0.7089834996944389
ck_35bee1fc12664644,0.8992462823385619
ck_a1c7cf63467df4c2,0.1554288042371155
ck_ecb1e15f0b185ceb,0.8410266856793644
ck_f280d31f54a4710a,0.9190059075168059
ck_30f4b2ee8abe1342,0.7702587084946018
ck_66bed631354de5b7,0.23385618252189855
ck_c2d3ecd7278eba2c,0.12018741087797921
ck_e901dec0e09eccbb,0.08608677938480343
ck_5d038ecb3c8748a3,0.1465878997759218
ck_283c5bea94b21e80,0.15803625993073947
ck_7956c251b85f009e,0.9458952943573029
ck_9f5f81d771146aa1,0.40289264616011405
ck_9323e6fc1e168eda,0.9575881034833977
ck_10495d3a635b8d69,0.6841311876145855
ck_1982d571cd36eb0c,0.16198818496638828
ck_4f5d7985bcc2eda4,0.4539417396618456
ck_7df526b2b4410bb4,0.7278468119779997
ck_dbb498b1a346a402,0.12503564880831128
ck_ef059997563e3330,0.5493583214503972
ck_02ec4e06709e6b82,0.329680179262579
ck_9782c86ba6485f88,0.4251375025463434
ck_d69de468b44143ca,0.25333061723365247
ck_6430a8792f400e0a,0.6391118354043592
ck_8285bd3c90af94f6,0.14479527398655528
ck_985c9ca112000e9a,0.5401507435322876
ck_e679fbf4f4f4aa07,0.6710531676512528
ck_016e8c8eaf9d511b,0.8277856997351802
ck_bc996c523944644b,0.5694846200855571
ck_5b8315726f6204e0,0.5332654308413118
ck_78181f8e998e442f,0.3337950702790793
ck_71c68dfd011dbbbe,0.9491138724791199
ck_db32c95ce2b6f502,0.9754736198818497
ck_755010362a9b1bc4,0.30503157465878994
ck_114141d85256c9ff,0.012548380525565287
ck_9d1a5cf5a3b87e48,0.24163780810755756
ck_ab640420858ab5c4,0.7861886331228356
ck_97a8dac48dd62488,0.7831330209818701
ck_879cc3166fe1bada,0.29297209207577923
ck_b0ed11080076e381,0.07691994296190671
ck_7334a9ec656263b2,0.4119372580973722
ck_6494f0ef13ce44d9,0.30873905072316155
ck_724e459b9ece38f4,0.7421063353025057
ck_7fd8b1470401695f,0.937135872886535
ck_292f81186358b0fa,0.459319617029945
ck_fa7de64d37287615,0.7823996740680383
ck_d00e09e66ed6458b,0.8312894683234875
ck_b8d210e741be186e,0.3630067223467101
ck_3db59982cbae4410,0.43218578121817075
ck_69887d0a9aaca6df,0.2952128743124873
ck_4feb21e2fb0b3977,0.044734161743736
ck_08c6cc1e143475e3,0.4932165410470564
ck_fe6e168cdbb46b9a,0.8917905887146058
ck_07f1734be7fac56a,0.7975962517824404
ck_d66d59981307db93,0.8232226522713384
ck_f928dba0d587d7c1,0.06864941943369321
ck_786448fe3004cbd0,0.03324506009370544
ck_29ea329fa40ace62,0.6735383988592382
ck_7ea52b6f27edcb73,0.34744347117539215
ck_18bc51bbf3ef198e,0.7933183947850886
ck_44950df09ff14ded,0.12303931554288042
ck_c1466b52c0a10b93,0.5703401914850275
ck_6cdac067cc4db5c5,0.6426970869830922
ck_53f55c6e8cf2d432,0.29696475860664084
ck_95945f48453ca532,0.6686494194336932
ck_87cce4126e215153,0.20749643511916888
ck_1ecd5516c92caa4f,0.04717865145650846
ck_819b482bca14c068,0.9526991240578528
ck_a61a879dd46fc9f2,0.14043593399877777
ck_af70aa32c009c3c9,0.5357506620492971
ck_f4fe78e249092ab1,0.361743735995111
ck_12c46bc52bf45b36,0.5004277856997352
ck_f05f5e4b40afa52f,0.6089631289468324
ck_0f8cb09d3f4fc980,0.7962517824404156
ck_80a64a7f0275a71d,0.6759421470767977
ck_683af7b1540a0b22,0.3610511305764922
ck_51fe0b613c076cbe,0.2807903850071298
ck_da1a2450219dcf19,0.6639234059889998
ck_2a7eba01ceba6c2c,0.6386229374618049
ck_4e329e29dfa743ea,0.9190466490120187
ck_0274d881d6db82c8,0.29867590140558153
ck_0af5b7d128035b35,0.1625585658993685
ck_ae0a7be6b0a0ea68,0.3524954165817885
ck_de5bb7a4d091386d,0.8941535954369525
ck_2bb7c17168a9d17d,0.7025056019555918
ck_0ffdff7b2f5fdfe4,0.5162762273375433
ck_718a8390b3d42d7d,0.4535343247097169
ck_7c4f12d70f184533,0.18235893257282543
ck_d3e2c26b8adff099,0.7217763291912813
ck_ac9d3d9754104cf0,0.1893664697494398
ck_3b1766a1d51f8f0e,0.9407618659604808
ck_a9bf75bea912027b,0.7050723161540028
ck_687eab3ffe1f8cfa,0.6970869830922795
ck_25dd0b02af5b2f37,0.7429211652067631
ck_1747fcc466f0ae38,0.10107964962314117
ck_f6e9d14dfb6f3c28,0.6726420859645549
ck_c6a7bbd0adc4d5f3,0.745895294357303
ck_46656a23f4456d22,0.9693623955999184
ck_7519260415c2998e,0.4808718679975555
ck_754f30ea19df857c,0.8215929924628234
ck_ba88a244d5f7380f,0.26494194336932164
ck_f268416945316815,0.15102872275412507
ck_21860dd2159dff28,0.31586881238541453
ck_7a86ef4e2beaec38,0.317335506213078
ck_0414507baeea936a,0.6555713994703605
ck_60796eb60fc3043e,0.23955999185170096
ck_1e0841ed17fe0562,0.3966999388877572
ck_0d641d32658d6e0f,0.12328376451415768
ck_b36086ae6d87eec1,0.25593807292727644
ck_962e65ab33b5c311,0.9797107353839887
ck_b046a42684468e63,0.37042167447545327
ck_ab3426435b0017d6,0.5414952128743125
ck_fcfe06e44d09a344,0.696598085149725
ck_0f6d916c92189516,0.24656752902831533
ck_d4c8f0d957c3965d,0.3859849256467712
ck_2ca83dbd728af019,0.11102057445508251
ck_2857a4ce9f72fbfa,0.11684660827052352
ck_a60e6edc48e3d0ac,0.9152576899572215
ck_0cbd3b27063d4415,0.6131187614585456
ck_612089ec90c37219,0.574740272968018
ck_ec4e597f17f473c6,0.16154002851904664
ck_1c93cc58f314bf71,0.5801996333265431
ck_2b359a979520276e,0.22766347524954167
ck_1496568ddc3b2d56,0.2544306376044001
ck_41d91dc9f5063566,0.575025463434508
ck_4c5ff58afe3d7a67,0.04208596455489917
ck_81709736281fa3eb,0.2066816052149114
ck_d89abbab3d4957aa,0.258993685068242
ck_52453401f88935da,0.37755143613770625
ck_a477654d34783e06,0.1716031778366266
ck_72dd0dbdf808cb00,0.5849663882664494
ck_c183dff3781746cb,0.7742106335302505
ck_c8b7f241810b45e5,0.1892035037685883
ck_f88028c3f306bc70,0.44844163780810753
ck_91d48d69e4f5d9c2,0.6209411285394174
ck_b74b9ba6d7c9aab7,0.8265634548787941
ck_03e904682dc73bba,0.4850682420044815
ck_fc6fed6ea96a004a,0.31741698920350375
ck_51efdd240e34c642,0.6026889386840497
ck_e78ab4ff52b5fd2d,0.38643308209411287
ck_4af7b97c24d89a45,0.7113465064167855
ck_295c0072eca7f7a2,0.4255041760032593
ck_8abd1a50a9227463,0.7910368710531677
ck_ecaa6f13304e3dc5,0.20924831941332245
ck_de436e7b319be1fa,0.9969851293542473
ck_c802cf8f61466027,0.6839274801385211
ck_3d83e0a3c1cfbf8b,0.5573436545121205
ck_28d2003c2d16e4b6,0.4541047056426971
ck_8ddaf745bbb9cd62,0.1443471175392137
ck_493b6256091014cd,0.9217763291912813
ck_a2245822cfea997d,0.2125483805255653
ck_f7305b3c64cf8a03,0.22640048889794256
ck_9937dad93a0ed3c1,0.49643511916887345
ck_d654449f9231ad76,0.5025056019555918
ck_850e2b59bc535490,0.7697698105520473
ck_e55e5bdfc0242aef,0.8915461397433286
ck_d35c51e981b98c5c,0.22978203300061112
ck_27cdf9c5e6f0915b,0.5285801588918313
ck_d328db1e1052d820,0.1949073130983907
ck_0ea30eff5f361cba,0.2252597270319821
ck_9994323f97109f4b,0.9936443267467916
ck_09054e97bdf9624e,0.08861275208800164
ck_723b4afc388113c8,0.3884294153595437
ck_588f6e6a6a6d93e8,0.5947036056223263
ck_e1d563fab4d6116a,0.82367080871868
ck_53aca610e20598bc,0.3962925239356284
ck_c8131ddc7ed33448,0.10503157465878997
ck_899f88464305824a,0.6338969240171115
ck_1c17c65804f8889e,0.09623141169280913
ck_45a16ce12893cf9b,0.6457526991240579
ck_f9d481aa4f9b2808,0.9619881849663883
ck_1d5d74169cf892ef,0.554939906294561
ck_aba32acb61c1aaca,0.7077612548380525
ck_ec4dd3675a8d28cc,0.4293338765532695
ck_5dcd443fe0bbdeac,0.147810144632308
ck_3a47e3f54475e854,0.0054186188633122846
ck_a9aa5c344c315532,0.5612548380525565
ck_9652283c9f61fcec,0.07924220818904054
ck_752dd3d2487f78ea,0.2945610103890813
ck_a821980ac4db9943,0.9099205540843349
ck_93e0d6befb67f7a1,0.4445304542676716
ck_e7a3881c3e36bd51,0.9407618659604807
ck_12631b78f8a03df2,0.024200448156447344
ck_57b8226610b48854,0.4881238541454472
ck_352657008983fd4b,0.6237522917091058
ck_0841a5c24fd3dd28,0.4957832552454675
ck_db9b9d5d30f74070,0.9395803625993074
ck_a9dded7f6294e44f,0.6231819107761254
ck_91a16336ce3217dc,0.596129557954777
ck_371bd9388b287677,0.07476064371562435
ck_f285e5e1912a7c62,0.4113668771643919
ck_368b65fca69fc415,0.8572825422693012
ck_d27a73596b6500c2,0.7166836422896721
ck_2d963f9b2c4d11e1,0.729354247300876
ck_7c500e219af39486,0.5564880831126502
ck_7d025dea5951cba7,0.23947850886127522
ck_32f632706608859e,0.7524139335913629
ck_53816231f3ffb48d,0.5332246893460989
ck_9dbe184e81c1ca8d,0.736769199429619
ck_d74123617f22a21e,0.6418822570788347
ck_275386782b1606f8,0.04167854960277042
ck_0b0e79d33e50cba5,0.4472601344469342
ck_ba93cb604f792915,0.7887960888164596
ck_a86cd653472eccbc,0.23165614178040334
ck_87771861e0447210,0.8972092075779181
ck_212380e0371d8a6d,0.5913220615196577
ck_ef0d702d7b0ed745,0.191892442452638
ck_2b8f33e22f939372,0.9418211448360154
ck_480347ad92037105,0.43332654308413115
ck_20124c3a16c53ce4,0.34512120594825835
ck_c9e1e3229baae708,0.6061519657771439
ck_b1befe967f7a5ebf,0.526420859645549
ck_4672167d7c989bbf,0.615889183133021
ck_f0c44ee5e3a42e3d,0.29973518028111634
ck_c416357d20238a4e,0.17025870849460176
ck_d0f470f8078c91df,0.6523120798533306
ck_3a70b4ee59084715,0.6054186188633123
ck_179ed66cdfc1ce27,0.28282745976777346
ck_387e5a7f163c7837,0.5888775718068853
ck_08fb463e69f647c8,0.9849256467712364
ck_732f725747393ec8,0.5756365858627012
ck_7cc5e0fa3ca5a713,0.7672030963536363
ck_ad4a4daa826ac68b,0.8080260745569362
ck_472e0be7a3b533bb,0.6682420044815645
ck_7190177963eafdd9,0.5034019148502751
ck_647ac26c5900f082,0.18720717050315744
ck_272ae2179bbd8e58,0.33888775718068853
ck_09b0d8af304646bd,0.2503564880831126
ck_ca0cc8ea9f344408,0.31220207781625586
ck_332ad134fb909869,0.837604400081483
ck_fca2798914627dc8,0.8419637400692606
ck_4450b55f462ae134,0.07846811977999593
ck_d67d9dfb60b286b9,0.07932369117946628
ck_a9d2bb4f2bde7052,0.21389284986759016
ck_929bcae878a3ecb3,0.9268690160928905
ck_59a9e000fa275e1f,0.5478916276227337
ck_57f17254e2688637,0.82012629863516
ck_0508908697f60ce3,0.8511713179873701
ck_946afc2943298d26,0.10454267671623549
ck_7176d12b18f2cc0e,0.4069667956814015
ck_5c47b49c26cce286,0.7159502953758403
ck_b6a2bdb2d335e1d0,0.9916479934813609
ck_1d58f6caaa4d012c,0.7224281931146874
ck_71c917295020ccc7,0.3762884497861071
ck_bc89644ae3688995,0.20692605418618865
ck_e7c212f16d6df272,0.23658586270116116
ck_c6d2e11a368184e6,0.15648808311265022
ck_eed7f1f7548df15b,0.12462823385618252
ck_75b69034000ca7bb,0.6147484212670605
ck_38da3bf629458682,0.6622122631900591
ck_90114c891239d821,0.07883479323691181
ck_8ee08f6777cc155b,0.22574862497453654
ck_bd86132499defcd0,0.26873090242411896
ck_b95fbf2b5640aa82,0.2961499287023834
ck_c530235393360e3b,0.5779995925850478
ck_be52a7ec43241ba4,0.7381951517620697
ck_d96eb3cc55f2772f,0.3752699124057853
ck_dd34f0a844fb115d,0.8837645141576695
ck_17cc7b411f448e66,0.7125280097779589
ck_856ea65fa27d06dd,0.32157262171521694
ck_056d5f0301c30902,0.8514565084538603
ck_e662b14b2bab23a2,0.8704013037278469
ck_209f574c8d92274e,0.13277653289875738
ck_62720b81617896cc,0.7093909146465676
ck_041614694b77e599,0.4500712976166225
ck_461e3f7b97db8d16,0.47480138521083726
ck_1b74b798eebeabdc,0.3636178447749032
ck_0ed2739384f1d644,0.16060297412915053
ck_5a4d19f1b83feeb8,0.12678753310246488
ck_463937167965a1f8,0.49663882664493786
ck_9d7151dbdf100e0e,0.5960073334691383
ck_20a7d1ce6cc27312,0.08649419433693216
ck_6031211ff118cf0f,0.09574251375025464
ck_a6fc92aa91e99b77,0.9613363210429822
ck_0aaaa9d2f75a0518,0.3315542880423712
ck_ec26e327cc1848b2,0.1460582603381544
ck_0e6bebf8ae9b9b03,0.2783866367895702
ck_e107537a4cb738f4,0.02428193114687309
ck_e8ea56e122a5a487,0.4187818292931351
ck_98149ed45d38c4d3,0.797066612344673
ck_0e719b3a6906b8f1,0.01560399266653086
ck_0c6e7bd357e4a348,0.12837645141576695
ck_d3b2b250da61db19,0.990262782644123
ck_8bb6b0a292754576,0.8574862497453657
ck_87d70f5fe48a6128,0.6280708902016703
ck_ea9edf9c107d429f,0.518313302098187
ck_059806c52cebe4f1,0.89170910572418
ck_a72d6df666e1c21c,0.2786310857608474
ck_1d2b80ab6c4944b9,0.31057241800774094
ck_60557f077abc42ca,0.8576084742310042
ck_e5f5cb7dd6ce4a37,0.5438989610918721
ck_4c4a939154446053,0.10776125483805256
ck_50ede3eb561a202c,0.6150336117335505
ck_6d03a542922b2ae8,0.4061927072723569
ck_d6fe761ed0db3270,0.43862293746180486
ck_7f0cd6ea3096f985,0.821063353025056
ck_23edb6d938a3b87b,0.12670605011203911
ck_799aaf9f2b9ef621,0.1754328783866368
ck_f8f6a03613b6dda8,0.024974536565491954
ck_7cffb189f4f514ec,0.9878590344265634
ck_c081e1967dcd811f,0.5047463841922999
ck_583d6ca78c97d91e,0.9392136891423915
ck_9332bbc7125219a7,0.07793848034222856
ck_956b5af6d7d86c65,0.9776329191281321
ck_2d634e3f24681c0f,0.6433489509064982
ck_7b35d218ed0c5a60,0.2261560399266653
ck_ca5b1057f8248f73,0.5726217152169484
ck_ec5ea81cf813597c,0.5521287431248727
ck_eaebaf4d28400fb8,0.5789773884701569
ck_ae2ab6be219219aa,0.12943573029130168
ck_d99a8b4c820eb46b,0.5436545121205948
ck_bcfb7ffb7cd428bd,0.43878590344265633
ck_3dd542c2d31be2c0,0.19152576899572213
ck_c7dd84401e29a7fc,0.6562232633937666
ck_c4bcc7cefd40f8e2,0.3416174373599511
ck_c251898b5d51e3b0,0.4234671012426156
ck_36d37be780c1291c,0.10996129557954776
ck_99b4f266b61ae7ee,0.44118965166021595
ck_c37f03995f0f0169,0.21234467304950094
ck_65a23ac8e44eb901,0.309227948665716
ck_644b1c1149eea9e0,0.4468934609900183
ck_9cf44eb0237c2429,0.4135669179058872
ck_20541686a94fb71c,0.514768792014667
ck_c18245be844680f3,0.6320635567325321
ck_56de216eda6b7fa6,0.3227133835811774
ck_406c4442dee45cd1,0.12678753310246485
ck_df1585c7d72a96e0,0.020085557139947037
ck_b8e8dba20676d87b,0.6257486249745365
ck_0ee6965e68efc177,0.6125076390303524
ck_c2a5c54ad8d0d297,0.42399674068038296
ck_bf6fb7e6470e95cb,0.06494194336932166
ck_27fa694569140345,0.10059075168058668
ck_e04166b0ce66393a,0.8241189651660216
ck_8742114f4f0cb22c,0.8061927072723569
ck_6eceeafd56b42576,0.8867386433082094
ck_34f9951b0eca1965,0.7069056834385822
ck_384ccecd342a24ad,0.12198003666734569
ck_49c98bebd1338879,0.04693420248523121
ck_6c26c12071c91ff6,0.16064371562436341
ck_01e5986ebb9a78f1,0.3541658178855164
ck_121db7ba3be29ee8,0.7526991240578529
ck_039e6d5a330cea1a,0.41764106742717455
ck_ae8c9163cf957d7e,0.33570992055408433
ck_3f5e8f3f1df0c8c7,0.5522917091057242
ck_b1c51fdafcd80122,0.418781829293135
ck_12e2b5ebfe8986b2,0.27683845997148093
ck_d55eb81a4d543c59,0.1863515991036871
ck_f85155ca5c312c7b,0.6916276227337543
ck_133d8a1ac7c0e301,0.9874108779792218
ck_04212a9bb9b28696,0.9981666327154206
ck_4cc11c7d3ca61f73,0.4107964962314117
ck_2df4854186ec515b,0.461601140761866
ck_aa9b28e7fc43af79,0.955265838256264
ck_47cad6c3def4c9e4,0.09623141169280913
ck_fbff7b5da8111567,0.25610103890812796
ck_bd25ea782e375b22,0.8458749236096965
ck_7989376f8cf64a9d,0.4877979221837442
ck_675c0ca1ebb1051c,0.3006314931757995
ck_1436f6e11d4008f9,0.2274597677734773
ck_812cb3a4482cc618,0.3569769810552047
ck_6e606f73a1094afd,0.854797311061316
ck_1b708e2a4a0584dd,0.34275819922591155
ck_a60d6b324bae0330,0.31700957425137505
ck_706a4f673a9fda3b,0.9467916072519861
ck_a75ece9a9044eed0,0.1823996740680383
ck_9aa45c4e03c8c57a,0.764351191688735
ck_9fe9bdce982b312c,0.5899775921776329
ck_c6fbdc5ba68a8466,0.5880627419026279
ck_ed0cc1b1c28f9511,0.7107761254838052
ck_a4e2607b4c8021e8,0.07749032389488694
ck_e02f93f51cc8caf3,0.34296190670197596
ck_7084ed3cf20781b7,0.617844774903239
ck_cd4c63155570d6ea,0.09875738439600731
ck_d1b9e5d32d2d789f,0.1667141984110817
ck_68f56f6560a7a933,0.10217966999388876
ck_8bedacc6233c6269,0.30886127520880013
ck_ab7cb50407d6b13e,0.6110002037074761
ck_f17ed7e0fd687742,0.7500101853738033
ck_b0fe4b92fc70f72c,0.22684864534528418
ck_84d62b8196da2452,0.6492564677123651
ck_9e298cae167f4693,0.4245263801181503
ck_405b20ef9ad0ba5f,0.9201874108779793
ck_813e02e1ababd177,0.7557954776940313
ck_f234ab47061ba7c0,0.11338358117742922
ck_22b587c18363899a,0.3909961295579548
ck_4e862c2f48c38aeb,0.23894886942350785
ck_b89cb90a420c9075,0.33758402933387655
ck_be2251640f27a3c9,0.7956814015074354
ck_46bec0bff167ed3f,0.6480749643511916
ck_c0032232c2868328,0.5101242615603994
ck_030cf09525dba4ba,0.7038093298024037
ck_6ecf56236789fc09,0.9829700550010185
ck_38d4ed52cbe6d123,0.8357302913016909
ck_2d923d957ffd4d53,0.5431656141780403
ck_3af1eb88728ed8c7,0.6132409859441841
ck_2f8120ca80a1592c,0.25952332450600935
ck_6cabb1a133f0b151,0.766632715420656
ck_bb6cf7e7b707731d,0.9656141780403341
ck_c8307fecafa90140,0.6924831941332248
ck_75f968be67f46d24,0.4385007129761662
ck_df6fe4ec5a233213,0.4494194336932166
ck_b53e88c0e927d896,0.16944387859034427
ck_f0093064aa28f4d0,0.3280912609492769
ck_ec9976cabc63ff92,0.6081890405377877
ck_30dac0a58c5590cb,0.8923202281523732
ck_348a525791ae6475,0.5397433285801589
ck_b898d912d1181ef9,0.35832145039722957
ck_f5b1200dc6f95760,0.7054797311061316
ck_54978a073e7a0b1a,0.19865553065797514
ck_55933936536a4071,0.24338969240171113
ck_d6ba7ffd2ae08863,0.33183947850886125
ck_404e2217fd87fdd2,0.0837237726624567
ck_dfaafdaefa5716b6,0.46681605214911387
ck_556c62e92d4e7e5b,0.7473619881849665
ck_7ce44f4e06d58111,0.8027704216744755
ck_465cb8ce232c7670,0.3096353636178448
ck_237508ca4fb37268,0.7409248319413322
ck_ba4a6b9aa63964ef,0.4494194336932165
ck_4802a0a7a1882c88,0.9289468323487473
ck_9478dfe4114c30f6,0.32128743124872683
ck_5138f6c575dec64c,0.16879201466693827
ck_aebb42afe430e2e9,0.2907313098390711
ck_004efa95555437e9,0.19213689142391524
ck_11af112667c98394,0.22016704013037278
ck_44e9a18a8645c9d3,0.05528620900387044
ck_2605fd571219e28d,0.030759828885720104
ck_dfc933493561d84f,0.6122631900590751
ck_67674348e68d1f25,0.6478305153799144
ck_dd97429277a2fa00,0.8772458749236096
ck_d3eab7a06eb48348,0.6638011815033612
ck_0b9fcff9667ec05a,0.21246689753513953
ck_fc4bfd6e739bddea,0.7522917091057242
ck_43292f70a03ddf2b,0.6416378081075576
ck_5ff6108056a3fef5,0.624974536565492
ck_767e0be086b5f601,0.7417804033408026
ck_b8465b1a5666155b,0.6698716642900795
ck_ab2e3fc56f5b3aae,0.4469342024852312
ck_1833c81d693c1e07,0.9791403544510084
ck_0308e0602b856445,0.25752699124057854
ck_ccbdfe744acff8bb,0.5626400488897942
ck_b294aa27a0b586d7,0.28095335098798124
ck_a3747201f377626d,0.982481157058464
ck_edde1d7d1db24725,0.7680994092483193
ck_ae3b47d6e1063704,0.2524750458341821
ck_3aabf5e0f4defb41,0.41605214911387245
ck_f034adb57391f3d7,0.8381340395192504
ck_533672fb40531607,0.8352821348543491
ck_2a244f1ae08ef83c,0.5649623141169281
ck_a35d81bcc54ece2f,0.8720717050315747
ck_78a61215675b38f0,0.37359951110205747
ck_e013d88ea7939616,0.30266856793644326
ck_e5018f9418e0102e,0.599348136076594
ck_d4e024fcda401a31,0.8092075779181096
ck_f736cffbdb82db34,0.013078019963332653
ck_1507f5aa50cdf3a0,0.19458138113668771
ck_18270fee7c8fcee8,0.005907516805866776
ck_95ffa1a805a1c9d1,0.17123650437971072
ck_11132d245b94d045,0.1081686697901813
ck_7b93a622e40d8b14,0.815563251171318
ck_3854c08d17704347,0.7853330617233651
ck_7717fcb100dc4b5f,0.6807903850071297
ck_ba54e0a1c328119b,0.9691179466286413
ck_a7afdac4ecbf2de4,0.9394581381136687
ck_ecfb771ed2352085,0.48445711957628845
ck_68be4fefc85a6b64,0.9259727031982075
ck_dac7c50bd6d0148f,0.6227744958239968
ck_87cf36a03bd63c24,0.9372988388673865
ck_8adb40b168b59d7c,0.7533509879812589
ck_8d2f62930777416b,0.7188022000407415
ck_9958b58da9e3c21c,0.597392544306376
ck_9440335375701f44,0.6759014055815848
ck_e2f88e202b6f700a,0.6324709716846608
ck_4c7c50684827a2cf,0.4723161540028519
ck_8a6ea4a79b1c7a8e,0.35265838256264004
ck_186dbff4b24a3bbf,0.8015074353228764
ck_220fda3c11c59b6c,0.6561825218985536
ck_3acccc69f8b1fd14,0.7168466082705236
ck_9de191bf79afd676,0.34202485231207985
ck_6de6b1663f9457f4,0.10173151354654715
ck_062754f8b79b86e5,0.25667141984110814
ck_aa153a89a52f7eb5,0.6297820330006111
ck_34a6bd3be642f15c,0.5451619474434711
ck_9371c700d9830326,0.5880627419026279
ck_a99e0c258ad7576b,0.38525157873293947
ck_0a7ba51d626e932a,0.6895905479731106
ck_852c50bbba1ead13,0.8033000611122428
ck_43dc13b6b6d31297,0.7084538602566715
ck_7d81b59d615a6649,0.77958851089835
ck_39a3f1da060e88bf,0.18362191892442453
ck_6fb2d142c09ed3ed,0.5905072316154003
ck_6e5752b87324b58c,0.7344876756976981
ck_9441d48a12e8a4bf,0.896557343654512
ck_09e9c51eb538b255,0.507598288857201
ck_8d0cd981ed3a183a,0.6415563251171318
ck_57c07c45269ca8c0,0.03821552250967611
ck_ccfc9ab888ba933d,0.670319820737421
ck_9658a6ef471053f0,0.4466082705235282
ck_dac3852758f4ea89,0.16663271542065594
ck_b1ed2278f5f14d82,0.5400692605418619
ck_333544d173524f70,0.8769606844571196
ck_fd4582e3853ef23f,0.36471786514565085
ck_614d936cef98db04,0.3528620900387044
ck_6bc351a3d57aac54,0.5090649826848646
ck_af5842fa7202ff25,0.7108576084742311
ck_81307759252571be,0.333876553269505
ck_b4d2f02d2cd45720,0.956895498064779
ck_1bd753a4681946c8,0.9645548991647993
ck_46d8c029d46867b2,0.12743939702587087
ck_b7da6640fa2f49cf,0.9447137909961296
ck_9ea3d5a5a91fef9f,0.575392136891424
ck_7b922518f667f76a,0.17262171521694847
ck_2a5b31594206eb30,0.9369729069056835
ck_d9506476ad3f9e08,0.3017722550417601
ck_c8791f7ebd4d93c7,0.46241597066612344
ck_b5a3e20fd210017d,0.28136076594011
ck_8e54386f4fe22cad,0.3139947036056223
ck_75296704f5806f56,0.6487268282745977
ck_0fbbc7a6af300368,0.5614992870238338
ck_d19bf4dc0627113d,0.28893868404970463
ck_7951bd4eb99a0175,0.30747606437156244
ck_059e4fac6b7f704e,0.3058056630678346
ck_2ce8931af02a2ce3,0.6134854349154614
ck_9e665618a4860306,0.22798940721124467
ck_6fce5a893613fd2c,0.04338969240171114
ck_9e3fbd04e3532f32,0.8552862090038704
ck_55f2ef0de3420e3e,0.6858015889183133
ck_8d87658a6f5d204c,0.9379099612955796
ck_6d6ac1f5dd882aa5,0.21385210837237728
ck_55d0c7012d7ef236,0.4439193318394785
ck_7738eb085e5753d6,0.13778773680994091
ck_0e6e05c3cc8c8242,0.5435322876349562
ck_8d27ff8383d48132,0.1453249134243227
ck_9afc3bb849f3a64d,0.2455082501527806
ck_27eb86a9898cdfe3,0.3522102261152984
ck_1d40e4fc541abe93,0.8119372580973722
ck_4fd9dc00e1913587,0.9929924628233856
ck_b26cdb2b7b165d2e,0.7182318191077612
ck_a79a27767a02e31f,0.5025870849460174
ck_f0c18cb9f951a71e,0.41878182929313507
ck_50460e0189de6274,0.9816255856589937
ck_5e5280539257c986,0.5761254838052556
ck_eeb854318b3a6f0a,0.3792218374414341
ck_943f66f28dd24750,0.08062741902627826
ck_984dd7452aee372d,0.8246893460990019
ck_ecaa6de0aca5e9a0,0.3156651049093502
ck_8f1cbc432e2774f8,0.6878386636789571
ck_d91d9f8445b9769a,0.9674475453249134
ck_73c18e03e3c7612e,0.14475453249134246
ck_aded05ada490da20,0.2248930535750662
ck_f744e208183971f8,0.7441841515583623
ck_02d4cef6358ad3b7,0.8804644530454268
ck_08ff5bd467226a5f,0.030352413933591362
ck_f824b326d5089885,0.936158077001426
ck_3420f2fd520890f3,0.9020167040130374
ck_1838cf8d00f5b1e1,0.511509472397637
ck_a85182ad90b6f1e1,0.10951313913220616
ck_fecb39c82c43e76d,0.1735180281116317
ck_162513e73782929f,0.5787329394988796
ck_2c27b77c59d8f23b,0.8144224893053575
ck_4221e07b17388fd3,0.7775106946424933
ck_adfb8472d5c3d669,0.7375432878386636
ck_0742fe64055d686f,0.12108372377266245
ck_5060aefcc8b6f958,0.23336728457934408
ck_643f549b4ac78a26,0.8827052352821348
ck_dba767885bd6ad69,0.20081482990425747
ck_0dda35c0c64c7073,0.9806070482786718
ck_38ea56d43afa5660,0.31863923405989003
ck_d813e15ac91f487c,0.8401303727846812
ck_4c840e5585a7b167,0.7301690772051335
ck_cb8551453a7bb929,0.22815237319209616
ck_05a00b1dd5a03359,0.04893053575066205
ck_837cc7fd48453a01,0.5670401303727847
ck_49dd816b31fba6b6,0.8774088409044611
ck_86a61d9a39768e87,0.5644326746791608
ck_cd0e76f0e7bb38cc,0.3921368914239153
ck_dbe58392635133ca,0.6535343247097168
ck_3caec7dd6f8d02c9,0.6221226319005908
ck_bfd9bfc5b6ab4a54,0.8140558158484417
ck_2103399bdb2898a6,0.42729680179262575
ck_329f7de7279e74c5,0.09203503768588307
ck_9bf0d28119fc42c8,0.7416989203503769
ck_f781539b1042dc83,0.2765940110002037
ck_9986c7d781ac6b4e,0.4077408840904461
ck_a627734880aca848,0.03348950906498269
ck_2106e509d77fdb4a,0.9091464656752902
ck_420d1a9c604293ce,0.2106335302505602
ck_fce0610c527e2b56,0.8561010389081279
ck_073da541ec3f9d3d,0.21197799959258506
ck_aa5f3ab48c17fed8,0.906009370543899
ck_0fc1086e1c9e04b6,0.34430637604400083
ck_5c33bb46c1a5945b,0.634996944387859
ck_500948a8d4bd8e13,0.8275819922591159
ck_19becd44f2c3d2b5,0.8136484008963129
ck_7d0fe77dd5ddb656,0.7673660623344877
ck_f158d9e5f101bb35,0.675860664086372
ck_cdd7c77823c2257f,0.5722957832552455
ck_6c7b41374f9b2e55,0.4026889386840497
ck_417090dbffb1a63c,0.543573029130169
ck_dd0e17605f970319,0.39657771440211853
ck_3646515079e6be55,0.7281320024444897
ck_89c8b06aa8c84b2d,0.8040741495212874
ck_e4d6dedd97233c07,0.7845589733143206
ck_bc82fb1895fddde5,0.22860052963943778
ck_88a8b1d442ca3686,0.7161132613566918
ck_5791f8f76a629a4f,0.6871053167651253
ck_9cf5e88e97c8c7ea,0.48490527602363004
ck_58fd684aa5a6f289,0.01927072723568955
ck_9800c21dfbd8e811,0.4442860052963944
ck_8ae64df60ab6ccda,0.6204929720920758
ck_e535fb0f0c00418d,0.8261560399266653
ck_48011996d54855ac,0.9380321857812182
ck_ac79c72a8fe3fdef,0.6698716642900795
ck_b8cc2df5192bc49b,0.7192503564880832
ck_e96a5e1f08f8a867,0.5339580362599308
ck_84df6770549e43fa,0.0222041148910165
ck_e5f7b99ba6ec5767,0.5163984518231819
ck_8347455ab53ff620,0.38651456508453863
ck_a84f2cdf695a71d6,0.43393766551232427
ck_90456160115f9ef4,0.5005907516805868
ck_ebd178b3f3a9c50c,0.5502546343450805
ck_e1140be6157bacbe,0.25785292320228154
ck_744ffc11d32b96bc,0.3781218170706865
ck_e12a9f7d027e3387,0.11265023426359747
ck_cbe525da0b69f18a,0.49093501731513545
ck_aa59702537557ff1,0.8525565288246078
ck_0348cc6908f7f3af,0.13538398859238132
ck_120e995d50956bee,0.7032389488694235
ck_9fcde1ff46cbbea5,0.7780403340802607
ck_54b0b070689c50d6,0.06465675290283153
ck_966a167758fddfd4,0.7357506620492973
ck_d5194f2e92fd6427,0.17791810959462212
ck_2ee84f3fa27f2cb8,0.09953147280505195
ck_57d0a7eb7eae2eaf,0.4733754328783867
ck_6a2c4edd82e10969,0.0672234671012426
ck_96e4d38ef670eaff,0.6723976369932776
ck_52cc2fd5095b169d,0.5426359747402729
ck_4b088920f3a844c1,0.5465675290283154
ck_8f3ccbd20d59f1f4,0.31835404359339986
ck_e5e5dc431bed6f9d,0.4343450804644531
ck_e8b5bfa6838e28d1,0.14605826033815442
ck_4bfeb78b47b7c6a1,0.7572214300264819
ck_a705c61bd679496f,0.2839682216337339
ck_731869a0c39cb2fe,0.3933183947850886
ck_259eb102342057ea,0.5053167651252801
ck_47a6005fabc33551,0.4668975351395396
ck_682262b455a9edd4,0.07394581381136689
ck_e839d104854945f0,0.38720717050315745
ck_761989aa4c47d746,0.7133428396822163
ck_44211dc210139ed3,0.616541047056427
ck_9915ceedf63a5289,0.6904053778773681
ck_da59ab47cb6284ad,0.05565288246078631
ck_e5cdbfcca2456652,0.046445304542676716
ck_13f2560c6a1ec62f,0.7052352821348544
ck_a0543e9b3abe1001,0.9030759828885719
ck_11c7a58e09e6547b,0.3850071297616623
ck_69587a134d43a4ad,0.7467101242615604
ck_28dc0de0ae291f37,0.37567732735791404
ck_298922703c5bbe05,0.7515991036871053
ck_fa5ba9ed9ed6a343,0.7893664697494398
ck_c08e64d424e56c05,0.6703605622326338
ck_598e036a28262aeb,0.567243837848849
ck_3f7c870510083a51,0.6213485434915461
ck_364f8203a3e98d36,0.9489916479934813
ck_7333cedb61506ead,0.4552862090038704
ck_1d96d7fd65f208b2,0.6394377673660623
ck_63133a79f23e2627,0.5868812385414545
ck_901d820e0b72abae,0.2147076797718476
ck_5dd80b3c01457bd8,0.44448971277245874
ck_c0b8067c144ed6c1,0.3798329598696272
ck_cebb8aa8c8f62c60,0.3166021592992463
ck_79749eca42ff1f5f,0.41364840089631294
ck_2cc1d9b587f6da31,0.6960277042167448
ck_ccc7916b56d42195,0.13534324709716847
ck_e43e53cc7b8b8e41,0.6409044611937258
ck_4ab74a6e7450416c,0.40244448971277247
ck_6e44024e9de301c6,0.08091260949276838
ck_dd78cb6ae2866cc6,0.831452434304339
ck_c363d3b050baf3b8,0.6673049500916683
ck_2d46291975f0dd08,0.030067223467101244
ck_76ebeb5aee42f041,0.5459971480953352
ck_8395f004cf4d4c08,0.12250967610511306
ck_de7259c3741db179,0.5144836015481768
ck_3938e92585df2b34,0.5868404970462416
ck_af69bfcf4f07d932,0.3820737421063353
ck_1723900ab9afe374,0.5988184966388267
ck_3d58628d1c853c8a,0.23597474027296803
ck_12a074db100481cf,0.6450193522102261
ck_8716cbf892c50e29,0.17681808922387454
ck_fbf7351958ad9615,0.250560195559177
ck_a50370907e6b397c,0.8483601548176818
ck_937402a60df0821c,0.08987573843960073
ck_8ce9c5807acbef48,0.4261152984314524
ck_acf7d65eaaa4c31c,0.5927887553473212
ck_ec3eb6dd0967cac5,0.8083927480138522
ck_fc832b0c90c9bdb9,0.9593399877775515
ck_8129e81cde280131,0.23813403951925033
ck_52c0ef68aa2fb8cf,0.7350580566306784
ck_06f042e9b1b662fd,0.7628030148706457
ck_0bf35dcf7b38f650,0.33839885923813406
ck_615763afc2e17a7f,0.2128335709920554
ck_e72db9d4b2fc9997,0.993848034222856
ck_13757bf0eeb353e2,0.27052352821348546
ck_abaf371ec8249c4a,0.8081890405377877
ck_9b7167da0920c37b,0.7383581177429211
ck_2e824b0b27494a17,0.6270116113261357
ck_9a0b605e9c3220c4,0.6457119576288449
ck_a5276af466b681de,0.03829700550010186
ck_9e0383e1fb6e214d,0.7896109187207171
ck_6a27c44b691dbfac,0.3307801996333265
ck_af39767cf583905b,0.2809940924831941
ck_243b1b9fdd3f9a74,0.021267060501120393
ck_c0422e638a9c6046,0.514402118557751
ck_e0f3ea3373dfc4aa,0.733550621307802
ck_d56ee1654378ffc7,0.39356284375636585
ck_20cd2f5666719baa,0.05964554899164799
ck_4dfa1c1e9b69fcc8,0.4956610307598288
ck_5d22e9ca1d15180b,0.9414952128743126
ck_f4a7ac178fd55f0e,0.1833774699531473
ck_fd5609bd23a1eaf8,0.5164799348136078
ck_49c3bf13dc9471ce,0.5852108372377266
ck_724085c3452d4693,0.8623752291709106
ck_e5d1462846154a75,0.4810755754736199
ck_c69ef0f3e7d6acf9,0.6788755347321247
ck_a2d0417791d4132d,0.48959054797311063
ck_00a07fc2a9183c3a,0.06934202485231207
ck_781b8288e54ba8f8,0.9038500712976165
ck_d74a62ab3804a81b,0.3569769810552047
ck_abcbde211b6267f8,0.8671827256060297
ck_16dbafc035574654,0.09814626196781422
ck_018f780215ecaf38,0.44538602566714197
ck_0b259620eac51618,0.3958851089834997
ck_4f875342394c110f,0.7544510083520065
ck_399e45e5fe9beaee,0.3435322876349562
ck_36224a2d394ebfe4,0.8545528620900387
ck_c189b551bd111332,0.178936646974944
ck_125c5a720ecb177a,0.7929517213281727
ck_76d010aa02eb477a,0.0610715013240986
ck_1071d14c46c92379,0.9658178855163985
ck_61d244b2cde483af,0.4488490527602363
ck_2ff1860da2004c84,0.16561417804033407
ck_c5b583490198672d,0.27911998370340196
ck_1294f7af22fade11,0.8450600937054389
ck_e3a22799716df39d,0.6353636178447749
ck_c77e22834ef97005,0.9389284986759014
ck_73d3689728270a2b,0.04493786921980037
ck_295565fbf77ef885,0.3960480749643512
ck_80c0a7f54ff4895d,0.1863108576084742
ck_f1ef5cf7f10b16c8,0.4963943776736606
ck_a958b2461ffc21a2,0.7751476879201467
ck_0e7899a57cd617d6,0.26714198411081685
ck_9d4fed252718f58a,0.5151354654715828
ck_83c2c34add971d76,0.14235078427378284
ck_9ccc030ba2de9fb2,0.3031574658789977
ck_cd691e3466fb3742,0.39604807496435124
ck_49df70f908dfd069,0.8264819718883684
ck_362ce13eec1e33a0,0.4770014259523324
ck_2452a30397dfc54c,0.24795273986555305
ck_a443d49c2b4863b0,0.243756365858627
ck_c8b2e2cb349dd0ff,0.2570788347932369
ck_354909fecf5da8cf,0.3405581584844164
ck_841f598bbd54c83f,0.5438989610918721
ck_cd6fbd4e8724f994,0.6100631493175799
ck_e0b3158111370118,0.3363617844774903
ck_4c2f2eb657c2c60e,0.24567121613363213
ck_ef346071f0b7654b,0.7018537380321859
ck_f3bc10e3decefce4,0.30238337746995314
ck_189b6fbe9b9192e7,0.416541047056427
ck_5245cbc5ff4d4fa6,0.21336321042982279
ck_cb42e3be6fe87f60,0.45500101853738034
ck_966d4d713cbc7792,0.12360969647586065
ck_1c8c969667cbaab2,0.9597474027296802
ck_d35e3aa9ef5d405e,0.9009574251375025
ck_a1c39df50a5873b3,0.4105520472601345
ck_a152165caf295b51,0.6647789773884701
ck_891eaedae139828e,0.23275616215115094
ck_1a46b56f4734d52e,0.11509472397636994
ck_5e36042cfad96c99,0.9342024852312079
ck_02a8582c2603e675,0.26416785496027706
ck_6def9d0429e4ed4b,0.2585047871256875
ck_e137400825a1e3e6,0.6038297005500102
ck_d91ab840848a54fc,0.008148299042574862
ck_becb6e1c608e0078,0.5768180892238746
ck_6fd8c86ac719d7eb,0.8537380321857813
ck_3ed4d13f12fd9d0e,0.810022407822367
ck_007337aa99a4891e,0.2624974536565492
ck_60c3d8306527a08d,0.020737421063353023
ck_95458880a54df0b1,0.9105724180077409
ck_b48cd8593533fc1d,0.9468730902424118
ck_021c6a4a7e3f1f0e,0.09745365654919534
ck_764d40f865e710af,0.22024852312079854
ck_4b84357ae8ec7777,0.7609289060908535
ck_3397c7856b4669a5,0.06066408637196985
ck_920bb003b42e6310,0.08804237115502139
ck_8f59f11b512d5b7c,0.8202892646160114
ck_a3acf4b986afa98b,0.918313302098187
ck_e89d25ed7bdeeaea,0.3616215115094724
ck_70e6bca473bf6902,0.06371969851293542
ck_186161ce152836f5,0.08156447341617437
ck_9191579254663f5d,0.5035241393359137
ck_1e6628879e9d653c,0.558810348339784
ck_b498fa91a0776ff6,0.5771847626807904
ck_cfc2384f22954830,0.7586881238541455
ck_17673a1c2867888a,0.32996536972906904
ck_523dce06515b072d,0.295294357302913
ck_c20638a325ead2e4,0.17009574251375026
ck_d3877e1f907cc148,0.676797718476268
ck_e9a2495dea8675e2,0.7184355265838257
ck_7e561caa5fa1f3f1,0.5899775921776329
ck_455672e652fe1abc,0.9845997148095336
ck_7f8f864fcc90ca82,0.34882868201262984
ck_1ad36046aaeb816c,0.4248115705846405
ck_de056e37c82e8e00,0.4070890201670401
ck_7484c214c889fe7f,0.7806477897738847
ck_32430e678c4f9f53,0.11725402322265227
ck_6276ece8f80ea799,0.13000611122428193
ck_ae8e5dc4b725bc25,0.7560806681605214
ck_f01be92dc78a2dc7,0.7180281116316969
ck_233397a8bd40d38d,0.09606844571195762
ck_f8124911450fdf31,0.9714402118557751
ck_aa0a3179f1111674,0.1256467712365044
ck_2366b29ed9887a5e,0.060378895905479735
ck_1f22f04dfc08cf27,0.1254838052556529
ck_b62276c3426d680c,0.50829089427582
ck_d099fca88691f66f,0.3693623955999185
ck_166bd1dcbaf4d6fa,0.04192299857404767
ck_7b1660e942436e12,0.36952536158077
ck_4a9a791a1d409a3d,0.494316561417804
ck_b003e5b54df65db4,0.5053982481157059
ck_64b4dcbf436f0b75,0.09146465675290283
ck_26e9a7bb2061a58e,0.9302505601955591
ck_08b77ad5f8f73007,0.601670401303728
ck_366616a725afc6bd,0.7016907720513342
ck_934fb5064b6eefe2,0.1805255652882461
ck_c6abd5d57b1009d2,0.288816459564066
ck_edcfa9e1cf29d813,0.4423304135261764
ck_c30201ebd003fdc7,0.3671216133632104
ck_c54643d94d3ce355,0.7977999592585048
ck_02adda6e91e49650,0.5815033611733551
ck_5b73d7c5255e58a3,0.86449378692198
ck_129ffae92dc01408,0.10853534324709715
ck_fa321945ebedb916,0.5259727031982073
ck_8da980cb2e1e2bfb,0.6242004481564474
ck_0576b00d728bdf19,0.6336932165410472
ck_c543d82e22b3c8a5,0.1519250356488083
ck_0027ba644f9ae2cd,0.8550417600325932
ck_8dbf61df902a6bbc,0.30450193522102265
ck_90eeca1cda79fd41,0.16475860664086373
ck_86d7127391d4e01f,0.06494194336932166
ck_73762038c7ff2f6f,0.09912405785292319
ck_a1484e6215fac651,0.9664697494398045
ck_cb83b9f806e90dc6,0.8820533713587289
ck_8c6f059c95872126,0.4341006314931758
ck_3174419a81e7caf2,0.05161947443471175
ck_6a0f8f8fa4a3c2bc,0.5565695661030761
ck_b5777605668bfca1,0.3216948462008556
ck_27e4de495abb4d15,0.5337543287838664
ck_7f6fa79c7a107161,0.13452841719291098
ck_c36ed9f8e6792ea4,0.6492157262171522
ck_67a1aa88d2ea554a,0.4332450600937054
ck_09748dfe4df3d540,0.37950702790792423
ck_27fd85b1e38b675a,0.15567325320839276
ck_2369689bd795ee10,0.23169688327561622
ck_4eb1c12f7d092bac,0.04188225707883479
ck_01fbafc42c8e33f5,0.36471786514565085
ck_93c4e05699b3b7d0,0.28095335098798124
ck_afc484d1b6907983,0.03422285597881442
ck_1b2d9cae92a1aab1,0.8873497657364025
ck_73b729cb161487f2,0.22138928498675903
ck_fe3c1d0ac090d960,0.8336524750458341
ck_408efac1d3885ff8,0.6267671623548584
ck_ccb4dd9d0a48a76e,0.18362191892442453
ck_2987eab34ca7805d,0.4251782440415563
ck_1dbf1f15193197db,0.6706050112039112
ck_4ed711fe4053e74d,0.8022000407414953
ck_6c54adce174f45f4,0.6873497657364025
ck_a6c740041faf0bd5,0.08352006518639234
ck_b05c4d33c4f43639,0.5568547565695661
ck_032880f1114dd51c,0.5252393562843756
ck_22311b037456a76e,0.06750865756773272
ck_5866b413549765bf,0.4942758199225912
ck_0e808afe2570ecac,0.3424730087594215
ck_634276b05f4381f8,0.8539009981666328
ck_5d8773badd0d4740,0.3246282338561825
ck_82b5b79ce3517102,0.9784477490323895
ck_b378b8d8100ee4b1,0.5504176003259319
ck_54e581f71be5430d,0.34438785903442654
ck_798ba4b8aa544fea,0.2042371155021389
ck_3fe86b6331ff95e3,0.8681605214911388
ck_81275d9d4c559e6f,0.3047871256875127
ck_99a4e5ef02d89493,0.6506824200448156
ck_54e2eb018d947790,0.6587084946017518
ck_966901ea9c77cc02,0.08653493583214504
ck_27d69ff4e0cb428c,0.8417192910979833
ck_2cee2dd7bbfc09a0,0.9581584844163781
ck_4136b00924695ab4,0.06934202485231208
ck_59a164c40c03a45f,0.49753513953962114
ck_3e24b026bc66789b,0.18716642900794456
ck_8105bcf69a75ee47,0.13550621307801997
ck_7a1782cefe26a456,0.6786310857608474
ck_970c7dc195161272,0.09798329598696273
ck_a48ec0c00ae20e82,0.6847830515379915
ck_54b374ade34e1dc1,0.39144428600529635
ck_74e5dec189761d14,0.14984721939295173
ck_4717f24f2c6f40e1,0.45919739254430636
ck_fc8cd8a8209e802d,0.4837645141576696
ck_71db4131d7efe218,0.387370136484009
ck_45424ea6f0bc4650,0.8932165410470565
ck_3716c6181a5035bc,0.854756569566103
ck_26de14b96bdad4f6,0.22701161132613568
ck_99c0a41ac9c73857,0.48441637808107557
ck_645f15bbbcff3b4f,0.9905072316154002
ck_b7e25ddd41514d4c,0.5304135261764107
ck_d5c14e877ca7b755,0.4001629659808515
ck_05ea4440dac6cfad,0.6134854349154614
ck_c58bafff7b1955cc,0.41821144836015484
ck_f0cf85b67a9b840f,0.705357506620493
ck_ce1500a7f0d03fba,0.09720920757791811
ck_d4972a775aadbbc8,0.36858830719087393
ck_3eb6146c262e0fc3,0.25654919535546955
ck_afb23858a4ef42ed,0.9927072723568955
ck_2c1def5c91c52a5b,0.9540028519046649
ck_72e550559487b919,0.05626400488897943
ck_0284dc2b4f856b3a,0.8263597474027297
ck_03be334935e999a2,0.4020370747606437
ck_e35a4b4a3cb4cedf,0.35530657975147695
ck_5abe57dfff4b735c,0.36761051130576494
ck_f5f87f772388efa0,0.5376655123243023
ck_5a22cb36d612236e,0.16353636178447747
ck_8ff1e6028e764472,0.977958851089835
ck_2ab28149b0986642,0.9321654104705643
ck_c88fc1bac79fa6d3,0.8788347932369118
ck_5b137d74bba6b1b4,0.017559584436748828
ck_11f362dca2dfaf5a,0.5908331635771034
ck_7f960541e5174565,0.45056019555917703
ck_d5458ba39ae94498,0.40268893868404976
ck_0a921a73a90c2e39,0.790588714605826
ck_6ad56ef40086dbe4,0.029537584029333878
ck_b68199ecccf2350c,0.0859645548991648
ck_6dac66c8198c07d8,0.18521083723772663
ck_9b9ce7bebc235fe8,0.46624567121613364
ck_6b817117d87063a8,0.32870238337746993
ck_900d62b3184378c7,0.10034630270930943
ck_eafe9b89857149b5,0.3060501120391118
ck_e74716a525ee5b24,0.10319820737421063
ck_4e9a6f06ab134102,0.3032389488694235
ck_b0d33b5a3716661d,0.2787940517416989
ck_8703543bf3134306,0.4412711346506417
ck_923d6a0f83accef1,0.4707272356895498
ck_52e37e2170532e2a,0.8403340802607455
ck_c1c5ea839c58958a,0.6689346099001833
ck_660f0006780e87e7,0.47423100427785697
ck_830b2c5d1818ac07,0.7713587288653493
ck_b080ff636932d1f1,0.17710327969036466
ck_38730aace405f2ae,0.9983295986962721
ck_9790138467a06223,0.10189447952739866
ck_10de0b0d86b17839,0.5743328580158892
ck_c3e37a4d3382c32e,0.031004277856997355
ck_dd8edfefa1eba531,0.19800366673456915
ck_8153cdadd300d234,0.015115094723976367
ck_74d0e7c2c6b63d36,0.9496027704216745
ck_c478aae3031bb328,0.2570788347932369
ck_cf301f2194975866,0.34866571603177837
ck_f4de03f44e3a5bd5,0.5664697494398044
ck_b06ce826e593b210,0.7939702587084946
ck_2fc70b6baf6a0e26,0.22134854349154615
ck_d208494cf5c90047,0.7569362395599919
ck_086d29ccae565e5d,0.10112039111835405
ck_d5ef6dc116dee408,0.41002240782236704
ck_fdf0c5b722d83464,0.14365451212059482
ck_de8494b13adeffb5,0.44640456304746384
ck_556786868599143b,0.592870238337747
ck_4940e78cbdcfecf3,0.13029130169077205
ck_d32fbbfe32c00416,0.4632715420655938
ck_bc7710f7e9fae649,0.39674068038297006
ck_416f7ac57da081a3,0.43760440008148294
ck_6fb39b60c67d5475,0.40928906090853534
ck_e40a156511345d6a,0.31265023426359745
ck_49ab879b5aa7fccd,0.7927072723568955
ck_bb643194d1cbc47c,0.993522102261153
ck_b3ce8f1bcedfa043,0.6211448360154818
ck_558ebde8c29132a4,0.6186188633122836
ck_e6222925762273b8,0.7755958443674882
ck_bd80546b4807dd59,0.5487471990222041
ck_bd21164bd2bbb635,0.2237522917091057
ck_ea835557d7043667,0.5966999388877572
ck_1411a80a157ff39c,0.47280505194540634
ck_ab973888c20c9120,0.6987981258912203
ck_95b48972061abe82,0.027541250763903034
ck_fc4a43f8876bf10f,0.8499898146261968
ck_f34fb7ccf82f41e5,0.4552454675086575
ck_5af9934a56801ac0,0.4175595844367488
ck_fc7445ec76389a58,0.9434100631493175
ck_1eeacc26f02fbba4,0.6039519250356489
ck_4f325dd15c9bd45c,0.5209207577918109
ck_5009a6c8bbaf15ba,0.6609085353432471
ck_0f3de7f074bb33af,0.5096353636178448
ck_2cbc2f93a32eede8,0.8064371562436341
ck_4bb90a61c21a303b,0.2932572825422693
ck_3ade9eac7d7b0dbf,0.8289672030963536
ck_4859a58629622915,0.8307598288857201
ck_5fed957287ebca03,0.06339376655123242
ck_ec01ae5351500355,0.14491749847219393
ck_703b41624ae6a5b6,0.4872275412507639
ck_97c38e7f61c27e47,0.312813200244449
ck_db2c0908150cb2cc,0.5443878590344265
ck_64ac5e6fed86ab60,0.9800774088409044
ck_da1c853b0a061e83,0.6537787736809941
ck_9a36916b60178ded,0.9443471175392137
ck_3715bfa7fed2c675,0.39649623141169277
ck_dd3feb77d7d4f6d3,0.06367895701772255
ck_982ebb24174a4ade,0.383458952943573
ck_f6b7a10d47dd9a1f,0.36952536158077
ck_1f56fe99f250cdf4,0.729680179262579
ck_deb3ac0606d6f6db,0.22860052963943778
ck_e666629e5a41b39b,0.6678753310246486
ck_756d2c13d02b3e09,0.42790792422081886
ck_7bc752ae7cf5d55f,0.06608270523528213
ck_fc0cc4b25e6a8194,0.19918517009574252
ck_9b2b0e286de78a1b,0.46486046037889595
ck_24b0803447211bf3,0.6947239763699328
ck_82eed68d05a42128,0.4793236911794663
ck_c8a03c516ed5b05c,0.8448563862293746
ck_e914974cee1bccb1,0.6598085149724995
ck_0c533ff2d0f9962a,0.5891627622733754
ck_c12805fa5d970a83,0.7710327969036463
ck_fc2cb29918631f10,0.7953554695457323
ck_c20e89afe575549b,0.5301283357099206
ck_e1ff9e31becc27ae,0.6448156447341618
ck_18116d0ac08f1996,0.9554288042371155
ck_885a83975cea5e64,0.207129761662253
ck_a0c3059a959ba5d1,0.5021389284986759
ck_75257ca7d7da2861,0.8747606437156243
ck_2210f7a0d13bdbef,0.7593399877775515
ck_9cbd9ecf8374f65f,0.22558565899368507
ck_18f67c00ba21fbde,0.3566103075982888
ck_2d28f14d3973d8fb,0.021552250967610515
ck_8b3401b44aaae728,0.07288653493583214
ck_9d8e9ef37797d3af,0.9179466286412712
ck_9f50920c894f64e1,0.12426156039926667
ck_4737e0d56c6fa0a1,0.34524343043389694
ck_52c311f29ca3aca9,0.08425341210022408
ck_6a4981bc721df37a,0.2877164391933184
ck_823539d936c55fc6,0.05161947443471175
ck_df5aedb4118020bf,0.9487471990222041
ck_a911a066ff0f7b56,0.6815644734161743
ck_684609767df4a14b,0.801629659808515
ck_f2350bf355dc919e,0.17180688531269098
ck_8452b6cf97c65a5e,0.5166021592992462
ck_084cd84501012218,0.917987370136484
ck_ace6b72e5bf3e93b,0.8888572010592789
ck_2afdd69094c955c5,0.5809737217355877
ck_fa7d5be26bf7b31c,0.8557343654512121
ck_4b041217690fca2f,0.4491749847219393
ck_9fb8e3d38cdf276d,0.9485027500509269
ck_c1ee56d65a42f59f,0.42367080871867996
ck_fdeaa1cd085691f0,0.49040537787736815
ck_5de33a7a87e9aa62,0.7783662660419637
ck_7476e7fe1ff45545,0.4728457934406193
ck_b0a947b498e47018,0.35481768180892237
ck_e3894ed88a7977e4,0.6963943776736606
ck_c7e07ebfb0bc15f6,0.8763088205337136
ck_3a3daa8b376f2a18,0.18618863312283562
ck_87809324c2675b0a,0.7134243226726421
ck_7eb4f33260f1dcd4,0.481686697901813
ck_ab9f0e08af030060,0.658667753106539
ck_5b8fc4a76f340797,0.25337135872886535
ck_0e7bf10ef49aa818,0.720268893868405
ck_a44462a3853ac67e,0.9898961091872072
ck_2d14bcd2e0fc043d,0.09317579955184355
ck_df1f2dba802296be,0.9717661438174782
ck_466a7316eaf149b1,0.4600529639437768
ck_50df50af592b0c06,0.15147687920146669
ck_5f9e34c849704b95,0.3305357506620493
ck_7836bf6def26aa87,0.855449174984722
ck_ba175b1bd8efaabf,0.15106946424933795
ck_1a0aac7f7b94b1be,0.8844163780810755
ck_6768c4b2aa8ce586,0.5907924220818903
ck_eefcf0ed15897898,0.42880423711550214
ck_7a6cb27e390b6ceb,0.4171521694846201
ck_5275be4e1577c1c7,0.5788551639845182
ck_6bc0e5b8c0b7d2bd,0.554613974332858
ck_4874bdec79f9106c,0.34772866164188226
ck_a678731156ad7bd2,0.9078427378284784
ck_db906debc36a5d1e,0.45830107964962313
ck_e87897767c612942,0.43471175392136896
ck_45ed5ee496ef8a67,0.22652271338358118
ck_ae20e28f9854f3ee,0.8132002444489713
ck_9ee044b73943a90b,0.5977592177632919
ck_dab34cf6f0626c9b,0.6789162762273375
ck_64a02b7b96149810,0.12470971684660825
ck_c417d06f3e94685d,0.7520880016296598
ck_3e0149cdee4cb294,0.7469953147280506
ck_0e6046fc30f81705,0.24738235893257282
ck_c383aeabd53e9c89,0.4821755958443675
ck_2ef76f1f36e8b869,0.851578732939499
ck_43948784650bb9ac,0.20672234671012424
ck_bdb966f43ac350ee,0.5665512324302302
ck_5bea0e0ee0b094cd,0.4578936646974944
ck_dff090f03ca5529e,0.5072316154002852
ck_a4691b57f837d88e,0.6708902016704013
ck_99ee90946395d74d,0.9502546343450804
ck_cc81dbc83a8879fd,0.22383377469953147
ck_f3dc0725621b3a35,0.15726217152169486
ck_1bb212d1288b9689,0.5521287431248727
ck_9e7278fc7679f002,0.45251578732939496
ck_3ded7a8720d7e311,0.09170910572418008
ck_798157bcdb9453e1,0.15473619881849665
ck_9fba80f56f357fe1,0.3098390710939091
ck_f1e1c8491f16f912,0.4358117742921165
ck_7b1319a5ca2f63c6,0.9835404359339988
ck_124432fd5c92af7e,0.9568547565695662
ck_148cb0c723284dc0,0.36826237522917094
ck_b56c62c950eda009,0.033896924017111425
ck_a0498755cd8d7188,0.0701161132613567
ck_5379452a9d74efae,0.036056223263393763
ck_6c2453229d608183,0.4011815033611733
ck_f9d8b4813a88c1e6,0.2699124057852923
ck_c2c7d1e45a521857,0.4950499083316358
ck_4364a83a11743888,0.24986759014055815
ck_2cdf5fd97ba75e06,0.8953758402933388
ck_71bc01291e0533a0,0.33888775718068853
ck_a725d7aed2a0bdc2,0.10939091464656753
ck_a9b0c4dbd7db6a91,0.7217355876960685
ck_a4258806a533efa9,0.6890609085353433
ck_905e460591d9a278,0.8255449174984721
ck_20de8abfd8960ee3,0.7896516602159298
ck_252b0a0f1119b220,0.036789570177225506
ck_95e4bef65c36af1a,0.015196577714402118
ck_5ab68b434ad53fea,0.08323487471990221
ck_13677a1957078827,0.08462008555713994
ck_d251e9fa09e542dd,0.999348136076594
ck_700cb620f300dd47,0.14055815848441638
ck_39a68c55a1bd3ace,0.8247708290894276
ck_61a59a7944d6c53e,0.9172132817274393
ck_db6d1c6d31da967a,0.3593399877775515
ck_650020c500b1b50d,0.5274393970258708
ck_d812eb6930192793,0.06229374618048482
ck_92f6ebc11ebca89b,0.7102872275412506
ck_d87e26eb5bc84b01,0.09056834385821959
ck_66439e697695224c,0.12088001629659809
ck_f21efd504faa654c,0.29109798329598696
ck_15eed0f5652f0352,0.2963943776736606
ck_bcdbf57d98dc0d27,0.5157465878997759
ck_873ceb8004d3a9f7,0.8228559788144225
ck_70bef9ddd4bab005,0.18072927276431044
ck_7560f1891d66f294,0.01845589733143206
ck_f439f16f8693883f,0.3207170503157466
ck_14f9535e53f9c7a6,0.268730902424119
ck_5984be472d2bc267,0.8996944387859034
ck_ed01be7504dc4187,0.8477082908942758
ck_dc3d8b5c17b67ae9,0.11448360154817683
ck_9dc23031b6b494af,0.39413322468934614
ck_fbdac0221bc03f66,0.6215929924628234
ck_863708a99b92ef0d,0.6220411489101649
ck_22b52654776a1ea8,0.9815848441637808
ck_a0714f98001efa0c,0.4658382562640049
ck_9c56114f84e9a541,0.15713994703605624
ck_e155cf506b2fb699,0.7198614789162762
ck_65ed7e72f24731e7,0.3764514157669587
ck_822d6e8e43befc72,0.9357914035445101
ck_b1182471d9ac6b26,0.05593807292727643
ck_821446adc95e6da5,0.456101038908128
ck_ff182f033134dbb8,0.834345080464453
ck_9c5feef7647b0588,0.11945406396414748
ck_df935d8bdd44883e,0.28600529639437766
ck_01eb24c18ad11fca,0.6298635159910368
ck_00d6730134a1eb51,0.7593807292727643
ck_79ba8e85678d0224,0.230800570380933
ck_97e3b04a1350f6e4,0.7890405377877369
ck_74e9747954a46eaa,0.8761458545528621
ck_397d5fcc9972f909,0.7420248523120798
ck_9ede89e8a43c3f53,0.7993888775718068
ck_303b33910d67f306,0.3015685475656957
ck_3c17841636f6f7dc,0.6341821144836015
ck_78730527f8ba1438,0.7807292727643105
ck_5ee32bc6bb5d1d4c,0.7611326135669179
ck_a13fee8cd925d0dc,0.2618455897331432
ck_6f847263379f2e43,0.6039111835404359
ck_9b9d9e579e7b55b2,0.7634956202892647
ck_87c1d0a79e79c84b,0.6801385210837239
ck_bfc453eabb472f91,0.8423711550213893
ck_978c21bb5fe3171e,0.5518842941535955
ck_dd882323474431d4,0.7916072519861479
ck_533c4f7400d5ab22,0.690120187410878
ck_5f217bfe28954e75,0.9867590140558158
ck_ae96d35465b3b4bd,0.15518435526583824
ck_512ebe97c0af94dd,0.5538398859238134
ck_f558fe02bb0219b8,0.4669382766347525
ck_84092e23d5ef4d51,0.6499898146261969
ck_17d3022ca12eacd7,0.2745161947443471
ck_8a8f81bf3558fd9c,0.3633326543084131
ck_0ada6fed1864e7c4,0.7309839071093909
ck_21fe7bc59dcd78fb,0.12475045834182114
ck_e136e20c1c74fe38,0.5687512731717255
ck_e7a530e09d113dd7,0.9258504787125688
ck_7cb0c9ded4d63027,0.6765125280097779
ck_102db9615e722c9e,0.7916887349765735
ck_129e39ddfde92eeb,0.03361173355062131
ck_d730ff21bfd7769d,0.4651049093501731
ck_54459b45d2be8459,0.023467101242615605
ck_7f1c20319eb60aa6,0.9973518028111631
ck_939fede90473e412,0.02020778162558566
ck_e0f9506a6d5f4a1a,0.4801385210837238
ck_9a4967cdf49265cd,0.8752088001629659
ck_b9eaf03453ac7d5f,0.0732939498879609
ck_522477be6376b450,0.40028519046649014
ck_9b6282e3bad50710,0.9006722346710125
ck_a0e3a2facd508e49,0.7169280912609493
ck_97ffae702f7c3d08,0.07529028315339173
ck_344a95cb7115ec67,0.15901405581584843
ck_1f2760764afa45e8,0.24208596455489917
ck_720cd658d11ea428,0.6582603381544103
ck_04e32ee9834c088d,0.9075575473619881
ck_2bb1389e5e72c8f4,0.8123446730495009
ck_961e7dbc217cfbbc,0.3830515379914443
ck_f3bce4eccfa6d6bb,0.20089631289468324
ck_e0ccfa0d689339be,0.27573843960073335
ck_98217aeafa0bfefd,0.6405377877368099
ck_a02aeec1914c158a,0.49814626196781425
ck_20a17e8f206a14c8,0.3407211244652679
ck_114c32aad4b6183f,0.710205744550825
ck_79f5198f0decef20,0.07732735791403543
ck_2209de229b4c71c5,0.802892646160114
ck_6ee939b7f396975f,0.4752902831533917
ck_202f0c14b07ace01,0.7185577510694643
ck_fa24db9d416ab904,0.23886738643308206
ck_cf6aa24b92c4d33c,0.9429211652067631
ck_45f57fb8194cefc8,0.5785292320228153
ck_d5eb179dc45394c6,0.7999592585047872
ck_efb24be983342f75,0.37706253819515173
ck_245f5d62ead5ef28,0.696272153188022
ck_15fe2a47fa7e92ea,0.16834385821959666
ck_b6527a85fd682554,0.2904053778773681
ck_11f9390a11ce9ff5,0.6667345691586881
ck_ffb4d892c5158201,0.6165003055612142
ck_d4c1da5a1427fd6a,0.7544102668567936
ck_2c041b1efb1c5063,0.46217152169484615
ck_ecc18f40b33be769,0.8594418415155836
ck_0525349f3945375b,0.7238541454471379
ck_0bfe62e0c7eab9c9,0.47569769810552043
ck_b7c37d410b1646c2,0.6392340598899979
ck_4b15b0746318cf42,0.8757791810959462
ck_e5ee006ecd8ff661,0.752047260134447
ck_ccc83cf66365357b,0.6204929720920758
ck_34a33ffe8339f66d,0.9663067834589529
ck_4e39e3b165edab58,0.9259319617029944
ck_1a71f8081ae00190,0.9616215115094725
ck_ed8f1200fc049c40,0.968873497657364
ck_8a5a57858e8c77f3,0.36088816459564066
ck_fff9fdc2adf5100b,0.9875331024648605
ck_c76f1bf40f3b787b,0.09476471786514565
ck_1a6ddfeef82b1b1a,0.10694642493379508
ck_478d2667aa9896d9,0.4705235282134855
ck_641c8e7694b21f3b,0.6902831533917295
ck_293581d879f6663b,0.9639845182318192
ck_1bfa8abdb22be8f0,0.8906905683438583
ck_05ab5b03d0bf9ce4,0.9114279894072113
ck_35694db37f0cde7a,0.3191281320024445
ck_fe33eb743d714c03,0.29362395599918517
ck_abd10fbcbaf2b038,0.5237726624567122
ck_46d51648c1bf80e5,0.8587899775921777
ck_5c8390017fabfaef,0.6939498879608882
ck_87d55ca333f22072,0.16048074964351192
ck_c39c6a1453e2b92c,0.004929720920757792
ck_69ff1b0aa143a168,0.08042371155021388
ck_e57c79eaab35ded7,0.4686494194336932
ck_463ae759e2b6ad1d,0.9042167447545326
ck_0dae4a7eb587f3ba,0.5014055815848442
ck_9b12fb56529ebc4e,0.33562843756365857
ck_1af547077ba2dd03,0.8769606844571196
ck_de13de941bebc7cf,0.3353025056019556
ck_83dde7da2bf647ac,0.45390099816663276
ck_c80a94d4660041fe,0.7184762680790384
ck_f39cfeb277ef6528,0.15017315135465473
ck_1cec1ed1512a2d3d,0.19869627215318802
ck_7955a359b6448799,0.28510898349969443
ck_8c0955dad13c3ca1,0.26522713383581176
ck_6d4cd2de601a2308,0.6684457119576288
ck_f4536ba8dd2d551d,0.2362191892442453
ck_b379c198d6db2d62,0.5437767366062335
ck_76ea90ebc74bcdc7,0.7059278875534731
ck_734f06bd4aa92781,0.8734976573640253
ck_677e1d0c14cbf569,0.13473212466897536
ck_259271c70f3fbcbe,0.6697901812996537
ck_c0b744eb9e7d4eb7,0.7553065797514769
ck_3d41faeb96802f68,0.02986351599103687
ck_8f604fa70fc3c8e3,0.720594825830108
ck_0b3c3bea0e0ed339,0.6492157262171522
ck_be5df076b8a86409,0.0967610511305765
ck_6a475fe324d7d790,0.3969443878590344
ck_3ba3fa5387bacee8,0.012996536972906906
ck_324b9939d9c1c31e,0.061519657771440216
ck_a7fcf7b592f68ca1,0.5847219392951721
ck_5b2728f7cca414ae,0.035730291301690774
ck_5f4a25ffd0b85a47,0.6835608066816052
ck_63d4f5076fe4406e,0.11448360154817683
ck_af528d66c86f0cb8,0.8978610715013242
ck_ac7cdb9b8da7b5dd,0.5327357914035444
ck_3bece63711407e25,0.34605826033815446
ck_d4e0b2a12fcfc35e,0.16105113057649217
ck_ee3e7c9d3a9c74b4,0.8571195762884498
ck_50d7c4dab837bf66,0.16801792625789366
ck_ebcb93a2990fc914,0.8405785292320228
ck_2329cc9702cdf7a0,0.7495620289264616
ck_db1fa53d588bf99e,0.3008759421470768
ck_44e57a0bad5a0745,0.3266653086168262
ck_472c81a144f4631b,0.20028519046649013
ck_1658429acd5306ba,0.36569566103075984
ck_466103ec5bd9444b,0.3145243430433897
ck_9757163e25262b74,0.4498268486453453
ck_34ed59bc2c9b0186,0.1632511713179874
ck_b7bd3a7f263f4f29,0.7577103279690365
ck_149662b09d632e41,0.5687920146669383
ck_a9ffd6b3957bd41e,0.3104094520268894
ck_ab80466ef615e85c,0.3586881238541454
ck_f2c824d3473db24c,0.3493990629456101
ck_a4a01fd45936b078,0.8047260134446934
ck_8f6ce158c2902877,0.08360154817681809
ck_5189a302cfa7cefd,0.03230800570380933
ck_430a3d03be588201,0.48368303116724387
ck_b5f9dd00914b4db4,0.4495009166836423
ck_52dec82e9cf6135a,0.3019759625178244
ck_95e444a01e2ab4a5,0.6788347932369119
ck_e37cee7b123692af,0.5867590140558159
ck_d68d42858a55adff,0.6936646974943981
ck_3abfc010091d679d,0.4435119168873498
ck_cee4e4e1b62bf82f,0.6250152780607048
ck_9ccb17c35e636c5e,0.19820737421063353
ck_f72a5a3b0d6c1177,0.09936850682420045
ck_7508aa554fae6afb,0.8079038500712976
ck_003aa842b7ca1d77,0.8599307394581381
ck_83b2b192f41ee2bc,0.8397229578325525
ck_64796b6b2c3c7f06,0.4503157465878998
ck_6438ae81d43cb196,0.6672642085964555
ck_2bd73d9098504760,0.8721939295172133
ck_aa8b9b36a099e4c8,0.5642697086983093
ck_e5ece47d0dd10526,0.724791199837034
ck_16077ac345472e6a,0.206151965777144
ck_a4d6e152b0076964,0.29427581992259116
ck_d90b1d03ae151f62,0.5230393155428804
ck_18b36d342b530af4,0.3938072927276431
ck_2a01e610348b84f8,0.7841922998574048
ck_0a93ed76bf36c8b6,0.7246282338561825
ck_3d56b477fe2370b6,0.583173762477083
ck_17ab3068fa303682,0.3600325931961703
ck_592a3520d841d11b,0.8480749643511918
ck_84d07028b5fca2f6,0.6442452638011815
ck_f4a2bb10afa85743,0.5202281523731921
ck_4fe4b072f03f2c1e,0.1335098798125891
ck_9ad08fcc183ea1e7,0.22191892442452638
ck_130d3848b9dcdb05,0.270034630270931
ck_bb399ed6bf28c230,0.5663067834589529
ck_a31a64a39a2c4941,0.08217559584436748
ck_c49f25dfb39909cf,0.3384803422285598
ck_55f50a9ae2db8ff7,0.1213281727439397
ck_09faa4e771cf876b,0.4010185373803219
ck_df520a7a6e405889,0.8140965573436545
ck_8c8c98cc694ac900,0.3882664493786922
ck_7f0c4f609673ef62,0.17551436137706253
ck_f51fe59cd445d2cb,0.2633122835608067
ck_b3fb83f0d772a831,0.4689753513953962
ck_d6e7e257751c299b,0.2387044204522306
ck_0d362ddb4a1cb6d4,0.6591973925443064
ck_a574a08edaf81781,0.23137095131391322
ck_a823f5bcb0e4b9df,0.03458952943573029
ck_f792586ad0381eac,0.4798533306172337
ck_54bfd70022c66983,0.051863923405989
ck_fe0a9372c9372de9,0.2085964554899165
ck_5691cd6fdb6d8147,0.4682420044815645
ck_a95f212a02433d23,0.06278264412303931
ck_f5adad75e1c06731,0.5080057038093297
ck_e09c97520eb0533c,0.8209818700346303
ck_a1e13c0d58560340,0.11020574455082502
ck_cacc2ca410cbe80b,0.780892238745162
ck_c0dde2a6ef1e08c5,0.03898961091872072
ck_a04403073c90ce38,0.14793236911794663
ck_03d3026107175dae,0.6827052352821349
ck_50176dae5b1b716d,0.5431656141780403
ck_6c084bfcb38e96c3,0.7832145039722958
ck_36d2be9012f7909e,0.6818496638826645
ck_958acf84c6137a22,0.6423304135261764
ck_114722e12db90a73,0.6355673253208394
ck_203c2a22c0c165ac,0.3610511305764922
ck_2c44ca550e5cfa82,0.5378692198003667
ck_df0a8f20ab8f14f4,0.7768180892238745
ck_826a27ff7555192e,0.7168058667753107
ck_09a988ebcf062297,0.6588714605826034
ck_5c82444b3b9160ae,0.5415359543695253
ck_f6a4a7ed27fe76fc,0.8024037482175596
ck_17de46314b5c6a92,0.34935832145039725
ck_335e63101b1e6c4c,0.9213281727439396
ck_c5eefc0697451de9,0.6770014259523325
ck_49a0efb5d4067b6f,0.7054389896109188
ck_c1f4509c8f5dac5c,0.22713383581177432
ck_57658eda1c59bc52,0.10543898961091872
ck_0d5c0736ec76385a,0.0959869627215319
ck_e0239e6ae30795a7,0.7978407007537176
ck_e4459115cd8e5e4f,0.41910776125483806
ck_bb4aec09d4968dda,0.9200244448971278
ck_a1b4c96faed3e0db,0.43903035241393357
ck_8247b79ac67aae7d,0.40537787736809944
ck_fe2fc7d6e5d83f09,0.15538806274190264
ck_f6aea576cde8d592,0.038419229985740475
ck_b7e7f7d0cd886412,0.8549195355469545
ck_ca7b993e8286af7f,0.22974129150539824
ck_47de038381a9cd65,0.8686494194336931
ck_d38f941d09eec820,0.36924017111427987
ck_d9ba2a6c0d926b4d,0.18545528620900387
ck_cda72f597330d0f3,0.3782440415563251
ck_16d2d27fadeeacf7,0.055489916479934814
ck_be05447853d423a9,0.023222652271338358
ck_cd92852d7376a4a8,0.23499694438785904
ck_2faf7ecccc9fec58,0.10421674475453249
ck_db8733fd92f20cd7,0.2941943369321654
ck_a9989a3a94c26634,0.3700550010185374
ck_957fb25437c75e41,0.8243634141372989
ck_e6a6caf6e7de17c2,0.3188429415359544
ck_f7bc569b37e8bdda,0.27899775921776326
ck_703b375dd86a6124,0.6400081482990425
ck_d3cfb3603f2c6ca3,0.8147891627622733
ck_07cb2b6f2a4303e1,0.560765940110002
ck_31631e2028d4f855,0.2782236708087187
ck_1631bab0ba1256db,0.7049093501731514
ck_5fdafeaec036f016,0.48783866367895706
ck_6eda4c36aecad602,0.16361784477490324
ck_bd1bf9e3e29de281,0.7314728050519455
ck_bf378ea558a4125f,0.967284579344062
ck_7aa2deeda0e57412,0.9797107353839886
ck_d229cf7f5a3f38ca,0.39250356488083116
ck_9e109edd124492a5,0.24306376044000816
ck_779491819995625d,0.7576695864738237
ck_b89c6fa2ad0a12f5,0.5356691790588715
ck_1d01b4a609918c4e,0.9580770014259523
ck_714c5d7cb17bc9f2,0.11517620696679569
ck_269f1746f2609ed4,0.2679975555102872
ck_4be03a2aa62b93c7,0.11375025463434509
ck_cf920313f6dd28fa,0.47463841922998573
ck_fb00aae4e17740c5,0.26551232430230187
ck_085d8c42739e2b10,0.995477694031371
ck_c72a7d0d03cf3e17,0.8886942350784275
ck_8f6ca5d3b17eac6e,0.4245671216133632
ck_d9573100bbff4014,0.8923202281523732
ck_79d6793d1d0cf43c,0.05736402525972703
ck_91fa5032f7aff0f1,0.8540232226522714
ck_87110d84872c0fed,0.24188225707883482
ck_8220da627e9992a5,0.155265838256264
ck_2ae44938847f3852,0.49236096964758613
ck_b0f191e44f9b6f35,0.7591770217966999
ck_3049d744b527f4d0,0.30686494194336933
ck_47d3e8d1dd3fbcef,0.413933591362803
ck_ddf787359d2b5deb,0.04469342024852312
ck_b27a9e39726b26d9,0.2770829089427582
ck_80c4e9274cf976b6,0.9937665512324303
ck_c6afa913168ce8fa,0.4880016296598085
ck_52427b3f8478db19,0.36549195355469544
ck_3b810f15ca0eaa55,0.21503361173355062
ck_0c9e420f97baaa06,0.9634141372988388
ck_f8540cf3a8b2f8c9,0.6417192910979833
ck_1402d24dd623df72,0.3130169077205134
ck_eb4f4267e24d042c,0.7769403137095132
ck_6f661b428d6fb8e4,0.330943165614178
ck_519a26ecf3d29c90,0.47162354858423305
ck_e886ba71d4a6fd73,0.8352006518639234
ck_437f9ecd2016a1a8,0.17213281727439395
ck_f01af1b0c977cc06,0.14055815848441638
ck_614f777c2eb5d537,0.32381340395192504
ck_b804e784cde9af8b,0.3057649215726217
ck_c2dccbc1b24b137b,0.9174169892035038
ck_1df4a1781a0f6999,0.6094927683845996
ck_bd2cdd53fca26171,0.6605011203911183
ck_424c254249a109f0,0.10600937054389897
ck_cf2ca4f286e289ba,0.47239763699327764
ck_6c33cb15b0d8af54,0.319291097983296
ck_311d395fa9b8550a,0.384110816866979
ck_9f792e7e721ff7f1,0.1869627215318802
ck_4c37586080edb7fd,0.16076594011000206
ck_7c4f42c5397113b0,0.3781218170706865
ck_fc418f53ce4aa579,0.9855367691994297
ck_1ba28fb7ef726ce2,0.5381951517620697
ck_d932f98bf6b83956,0.8993277653289875
ck_248b3659a9239240,0.41735587696068444
ck_6a92cf5f4cf5de38,0.4697494398044407
ck_65519d0fb137e0c5,0.2560195559177022
ck_ddc3fc99eaba2064,0.7655326950499084
ck_7310cda3bc65a73f,0.14675086575677326
ck_c01c85bd631d4054,0.4996129557954777
ck_b4954d16b9749829,0.7646363821552251
ck_f301f6758e170d66,0.6243634141372989
ck_9bf95f8c47e7c7b4,0.30796496231411696
ck_c91b7fccf6aeb4a5,0.6257893664697495
ck_785fa45e86bc5e95,0.20835200651863925
ck_2a65f1cc23f1180e,0.12226522713383582
ck_a49a2c1f881a3560,0.20529639437767366
ck_def344d68f06d749,0.69170910572418
ck_abbd1465fc730d78,0.5674068038297005
ck_07a5610ed28162fb,0.31065390099816664
ck_7ecdee2d7127be8b,0.8330820941128539
ck_67858bc00e81490d,0.016215115094723977
ck_b4ad165ace910222,0.3793440619270727
ck_30753ffe481a1b8c,0.9053982481157058
ck_c401a26725b17177,0.27068649419433694
ck_819988d8a7f26415,0.2218374414341006
ck_3364a1d9261b3638,0.12976166225300467
ck_c484c5bda389bf20,0.013566917905887146
ck_ae416325fef92c9d,0.9634548787940518
ck_5517b9a865960542,0.14173966184558973
ck_a0e96fed380440b2,0.47080871867997554
ck_e83409471d2b0b44,0.9269097575881036
ck_127273af97d7827d,0.40831126502342635
ck_aaa9861c91bd14dd,0.47133835811774294
ck_a378c58294001a36,0.9762884497861071
ck_abb9d65ff1f95b64,0.33082094112853944
ck_a5ecbefa849ae569,0.3768180892238745
ck_aa9953c0ca2bed7b,0.22456712161336323
ck_40bc6de252865f32,0.1424322672642086
ck_9fb11688dcfe1513,0.6895090649826848
ck_ba68841ca2ba073d,0.6018741087797923
ck_1d3e561a7d20be0a,0.9828885720105927
ck_99a92d710a29c1d0,0.11933183947850887
ck_ede2e887697ffac0,0.03308209411285394
ck_e6de67c0d82a7b83,0.2765532695049908
ck_6b38763bf5ddbcef,0.2367488286820126
ck_8dd44eead7d765a5,0.7595029537584029
ck_30bf5b0056eea9e9,0.9402729680179263
ck_2981d16f8a51a8ed,0.6017518842941536
ck_fc60f42c68c7024f,0.8191892442452638
ck_8e2b2251ee224aa4,0.2848237930332043
ck_1906f0dfaf6e9bad,0.9415766958647382
ck_dcbe6814fc4ca0b4,0.8286412711346507
ck_f7e958a286ae3b57,0.45402322265227135
ck_713649668a7ca824,0.3805255652882461
ck_6f73cdbf9305e2ea,0.20505194540639643
ck_dd1c490050cd9051,0.4170706864941943
ck_e30db36e376606f7,0.7597066612344673
ck_740d8fe8028b5a2e,0.7688327561621511
ck_ebbc9418cd41f692,0.0991240578529232
ck_7b3cc6cc3f250f39,0.7005500101853738
ck_1d30eef7110809e5,0.8847015685475657
ck_77e0589ab339ca66,0.6915461397433285
ck_15ccbf8ff7d14086,0.3214503972295783
ck_246989b0c288664f,0.6185781218170707
ck_fc2a6e27b10b10e9,0.04795273986555307
ck_8afc1112c12f5402,0.3188022000407415
ck_a76e8d83b9141364,0.8165817885516399
ck_51d3e8dd7465c015,0.22277449582399672
ck_e7b4016909405981,0.010022407822367081
ck_e7a3cfb9bf908e80,0.5749032389488694
ck_2bb49dc2388cdc1e,0.1733550621307802
ck_94f4266ee7871345,0.29981666327154205
ck_b2c896beec146477,0.6160521491138724
ck_fcf5d4a4748cdd53,0.3081279282949685
ck_fd0483639811f62e,0.8788755347321247
ck_9a21d183524734aa,0.5048278671827255
ck_1df4b46c0a4c317d,0.593522102261153
ck_638df9e8a22dfe0b,0.5536769199429619
ck_65acc43a6dc3e65d,0.17249949073130982
ck_7c67b73196e3d0d9,0.35970666123446726
ck_b0ee3a98175b462d,0.3280097779588511
ck_20fad010969f1abf,0.11330209818700346
ck_54b087bd873af8b8,0.6212263190059075
ck_8007824431fa803b,0.1582807089020167
ck_23aab322810b9fec,0.7382766347524954
ck_c8001bdb9aafc8a6,0.49276838459971484
ck_3a34c3ac83cf84b3,0.5344876756976982
ck_60187ac2c473a662,0.9865145650845386
ck_6a0ccd7357979f0f,0.6984314524343043
ck_27f20337bef5ffe0,0.5535139539621103
ck_f9fc468915afe49c,0.7622733754328783
ck_1eabc15a94bd9009,0.11150947239763699
ck_26896c494b2768ef,0.5532695049908332
ck_348c874eaf0354f4,0.8853941739661846
ck_be9c46acd216b45d,0.6895090649826849
ck_a3cce46d15cc20a2,0.8420452230596862
ck_70804f60d9704128,0.8582603381544103
ck_a019151ca8e7527a,0.3046649012018741
ck_571133b2aa8ead51,0.8438378488490528
ck_0afa4449f20d5196,0.11794662864127115
ck_4d503c41cf4e5034,0.7955184355265839
ck_d6fb9cc5171e3e9b,0.9625178244041556
ck_05ed92a7c3e10e5d,0.472601344469342
ck_bfb067986660afe3,0.7978407007537176
ck_c1a31690c8573226,0.7206355673253209
ck_cb88ef3dc1f42225,0.47895701772255045
ck_21e3b3bd998745e5,0.8715828070890201
ck_cf52e46fa54e4540,0.051578732939498884
ck_b72c7ac4208052ab,0.22138928498675903
ck_e6465c56b337e6c2,0.22244856386229372
ck_5f87eb05d18186c0,0.1770217966999389
ck_263f6c5ff26b5e98,0.23919331839478508
ck_e0b7e2c0bbe228d9,0.1378284783051538
ck_b657ae3c146cb7bd,0.31839478508861274
ck_abac514d8167ea58,0.5931961702994499
ck_024dcab126876002,0.479731106131595
ck_5d8481e2b38bd99d,0.7350580566306784
ck_edf229c17d25dac1,0.8699531472805051
ck_6cb7c97b72d6b5d3,0.35306579751476885
ck_c96ae2c28086a059,0.0532898757384396
ck_2f241b97c0f8389e,0.5535954369525362
ck_9158bdbb63ee8987,0.5152169484620086
ck_e7b40b60786c1530,0.16520676308820534
ck_66d38518f68e6194,0.04917498472193929
ck_8c9b57ad2a991416,0.6653086168262377
ck_cc91bd7152d3e9ba,0.12100224078223672
ck_0d846660c7957a88,0.4375636585862701
ck_60896cdac2212bea,0.8320635567325321
ck_dc4db8b932df49de,0.680382970055001
ck_2dc31db181150e20,0.12748013852108372
ck_2f138fce1171e277,0.28816459564066
ck_68b8b859a6ef505b,0.6443674882868201
ck_c3fe0c6c5e1f40f6,0.423018944795274
ck_15886fe84866de92,0.6789162762273375
ck_ea269b35406473e8,0.1893664697494398
ck_3ce7cad1f69b71d6,0.3146465675290283
ck_054ed4288ee58d6e,0.7194133224689346
ck_3d4913a86f207fee,0.3796292523935628
ck_23ff85f9d2355e8d,0.22354858423304136
ck_d87ab3261322216a,0.31093909146465676
ck_fac046ce336fe39d,0.1210022407822367
ck_beb97e498e6cf8e8,0.6652271338358118
ck_1f517e0ebf397b51,0.2355265838256264
ck_0af57ebaa45877a1,0.2225300468527195
ck_f99bc1732ce5e999,0.5685883071908739
ck_abb056a9deab275a,0.4846608270523528
ck_0bfc394c5faa65cb,0.07736809940924833
ck_ddc865af1dd5670e,0.6943165614178041
ck_68b5542459638b56,0.8170299449989815
ck_0b1d84252c0b46c2,0.07370136484008963
ck_520ec32c4f253604,0.4101446323080057
ck_79ffcfee599d77c7,0.5914442860052964
ck_eb224c0fd146253f,0.682990425748625
ck_0e477084434da450,0.5594214707679772
ck_07840bba5570785b,0.49855367691994296
ck_6b67fe8e310ab865,0.5936443267467916
ck_e2a1068c2fa22525,0.5466286412711346
ck_b9c6b32f6bd92a3c,0.49403137095131394
ck_c1e7d1021ae58f00,0.17995518435526583
ck_5d7801201749ffde,0.5624363414137299
ck_c8806749e263f70b,0.0697901812996537
ck_c9eeab826781dc91,0.722835608066816
ck_309a432c160a17b3,0.5561214096557343
ck_b22e3337b8e3dbb2,0.15351395396211043
ck_79c30169c71b8033,0.9486657160317784
ck_5a6593d954085775,0.12805051945406398
ck_70b9b79ea1aacba8,0.5254023222652271
ck_63743141ffa11f45,0.5461397433285802
ck_dfd3dbd0d97a642b,0.3817478101446323
ck_635646a661f05b4a,0.6088816459564066
ck_4b123d6931b6d0d7,0.9405581584844164
ck_f2b0e7a47f442557,0.9432878386636789
ck_1b1df006b81d38ba,0.5997962925239356
ck_360237c1bd30f4bd,0.774332858015889
ck_5e84bca0e362da20,0.7038093298024037
ck_142dba210ed2f3b5,0.4135669179058872
ck_a3564236069e3524,0.8911387247911998
ck_cf36d8b070ded782,0.4461193725809737
ck_ddd6625c5eddad70,0.09912405785292319
ck_ad54292a0b2f44ef,0.3506213078019963
ck_45cd5ef6b359e9b4,0.27736809940924834
ck_982c2392238b7be3,0.9013648400896312
ck_083e4ac78685c3bb,0.6315339172947647
ck_729cc0b46cc2e546,0.8999388877571807
ck_f2b8995fe5402759,0.015970666123446733
ck_73e24f5a8da289b3,0.7800774088409044
ck_bd85f30c36f5998d,0.6884090446119373
ck_ee4ff3aeadf912c1,0.3043389692401711
ck_63d2978706e193d2,0.5489916479934813
ck_6a0684436a1e66c3,0.9509879812589122
ck_182dc4a2f5a366da,0.056549195355469546
ck_e6fecb82fc2a82de,0.3606437156243634
ck_cfb06f07394dfe64,0.16915868812385412
ck_7bbe1dc8add17ef0,0.5806070482786718
ck_5cacad76e02c8e3d,0.9397433285801589
ck_ca68dec0c7df5a12,0.5881034833978408
ck_e4c0fc52c82065d3,0.6794866571603178
ck_f9197b070416f443,0.27447545324913425
ck_2a07c7021b71cf65,0.646689753513954
ck_4fa85cebf707de2c,0.13416174373599513
ck_0063d2a9507467e5,0.07447545324913424
ck_ec986285fff05b7d,0.3330209818700346
ck_279d43303708109b,0.3930332043185985
ck_a406bf11e48cf8c5,0.544265634548788
ck_064b2aa3f0bfdb6e,0.7538398859238133
ck_95790440bc4bd2d0,0.757547361988185
ck_70066eea13b4c34f,0.2302709309431656
ck_19468fe07e26f992,0.9823996740680383
ck_86bfe328e0a533b9,0.9579547769403137
ck_ace3b96c977a7560,0.909553880627419
ck_642344e5c652d8df,0.42399674068038296
ck_074be35c951ae10a,0.7073945813811366
ck_f14dce41036486a3,0.995477694031371
ck_5cf67a3a747e684d,0.8160928906090854
ck_f7285b92648c1c81,0.17474027296801792
ck_bef3193f124fca5c,0.824607863108576
ck_05c4dcbb45de1f8d,0.7999185170095742
ck_d7c28eaa05bb7144,0.46840497046241597
ck_320df984791a1b99,0.2998981462619678
ck_f45bad1606fa00a7,0.5097575881034834
ck_6f81c199e986d9fc,0.3957221430026482
ck_d0c9633fed57c344,0.7661438174781015
ck_a3c25d6cc7478068,0.3040130372784681
ck_4185506d12cf9fa0,0.04799348136076594
ck_7a02ee1bfba7353b,0.35644734161743735
ck_1b52590757c0fbeb,0.5669586473823589
ck_a0e5656e1cf9cbf5,0.10613159502953758
ck_ace21f6daef94f6e,0.4071705031574659
ck_646d8d0834782d6a,0.9070686494194337
ck_1f136a4476b5e775,0.6603381544102669
ck_325c7643cce02da3,0.7516805866775311
ck_9b5e7fe28208f5d1,0.21629659808514973
ck_05d81b1a150f31c5,0.12536158077001425
ck_0e9ec486bff403c5,0.6045630474638419
ck_ee13c091bc379188,0.5738847015685475
ck_f7a7f8f5903617c5,0.4387451619474435
ck_96c3a3517153390e,0.2688531269097576
ck_538dad7f096458ad,0.748462008555714
ck_8758fc6622bbb7df,0.15599918517009576
ck_f7e53af3c91fec64,0.5188429415359543
ck_80b50fad7f255e1d,0.2531269097575881
ck_9645e7adc08631b5,0.22289672030963537
ck_e007aedbf37d6ec7,0.14446934202485232
ck_2951d76c41de2569,0.6607048278671828
ck_9439bff87e616d4a,0.3165614178040334
ck_a73045e96af0e4fe,0.19559991851700956
ck_7b382e533e2e925a,0.4923202281523732
ck_730226c2d216cacc,0.45862701161132613
ck_bdf837d761a7cec2,0.916357710327969
ck_0b34197335ba3341,0.19889997962925238
ck_49170c4b31a20f5c,0.40757791810959465
ck_cd553ba6589d8bfd,0.40851497249949076
ck_56b992c6f136fa5e,0.4253412100224078
ck_8beae3d7328fa41a,0.5097575881034834
ck_1a065ea906ae3d6a,0.12682827459767773
ck_e9e3381d5e0e5051,0.1422693012833571
ck_a6d4f998dadc90c2,0.7740069260541862
ck_d36733da917115a6,0.72218374414341
ck_e738e920bbd74a7d,0.17249949073130985
ck_af65eb885a51048d,0.11721328172743939
ck_73f4eb09af29b1c0,0.38977388470156854
ck_8fc641b1750a2542,0.8591566510490934
ck_41b954c7a948c060,0.35807700142595233
ck_25fc3010e8a0f6d7,0.22648197188836833
ck_a2624e0387974e0e,0.6080260745569362
ck_5cb9d7b2329d5ab6,0.3373803218578122
ck_6c83aa1d100a7cd8,0.9020574455082502
ck_67025c64588abd1e,0.37180688531269096
ck_f5dde68f6f0468e1,0.2383784884905276
ck_46bfb2cfc29a6d2e,0.5551028722754126
ck_49dddb894d33f6db,0.6240782236708087
ck_f738b633b8862d18,0.2836015481768181
ck_3d6c3c00d854f5a4,0.8970869830922794
ck_cdb8061d8d1a6c5f,0.7407211244652678
ck_5e1b81848718bdc3,0.4744754532491342
ck_8def763034187436,0.5152984314524343
ck_8f8e4fb9c6190272,0.6555306579751476
ck_368b968b5f33431e,0.2090446119372581
ck_ba7e347251ea399b,0.817478101446323
ck_9075432001a64e75,0.6791199837034019
ck_73c5371635aca173,0.9423915257689957
ck_81793387b38047cc,0.32145039722957836
ck_0cf220816e320ac5,0.1914035445100835
ck_820219bb9c761b52,0.9223467101242615
ck_70a932ab39d86a24,0.00765940110002037
ck_2c4be237a7ed79c7,0.3406396414748421
ck_acc764b49ef02826,0.9067427174577307
ck_74c3c3452e4e7cce,0.16899572214300262
ck_34dfb57e5bf31d2f,0.7057649215726217
ck_6ec39903f765956d,0.26037889590547975
ck_5986119e7d81e831,0.5004277856997352
ck_2ddfc948b8eac752,0.9223874516194743
ck_921ff5ceaf40a968,0.771480953350988
ck_fb3b68b4424b5f92,0.7367284579344062
ck_c3db1b3ad4f16679,0.568547565695661
ck_124a197be41687f5,0.6116520676308821
ck_c58d9151834f5bad,0.44888979425544917
ck_389607982eb6b701,0.9271949480545936
ck_fb0c138c003e933a,0.3937665512324302
ck_50d0bb7edd8c69c0,0.7972295783255245
ck_c6cb651149dc9a8a,0.49582399674068034
ck_81e21354e477eceb,0.5791810959462212
ck_7696e38b3e4197b0,0.16064371562436341
ck_586001d3ed9e7fbc,0.03650437971073539
ck_bba413492dc46f2a,0.39388877571806885
ck_95b894380ad2702a,0.5878590344265635
ck_277621473369614f,0.9984110816866978
ck_a50621b5eeca84b4,0.25732328376451413
ck_bfa7ba218b988cde,0.6926461601140762
ck_5ea89567dfe78e4b,0.5428396822163374
ck_6c679602a6476ab2,0.22269301283357096
ck_d3885e286b3b11d2,0.518313302098187
ck_cdcf6671b37c9c92,0.48119779995925854
ck_b5c93e6d34f8d366,0.13045426767162355
ck_c24f61925dc158d5,0.8074964351191689
ck_cd09375e6c81d2c4,0.6753717661438174
ck_a95afc7a00303a26,0.33599511102057444
ck_8e89ca8b39f3f8ad,0.06881238541454471
ck_9a84b396aada3fa8,0.9012018741087799
ck_5124a2e415384945,0.7789366469749439
ck_d66bb1f063357f99,0.2768792014666938
ck_0fd9312411b0ac55,0.37095131391322067
ck_ad8cbe6e27e47ede,0.7033204318598493
ck_8398adeaf41f9cae,0.49187207170503155
ck_dcf851e7bb5855d0,0.016826237522917092
ck_9affb0f26776b642,0.14646567529028315
ck_f0424b3b36bdbef0,0.6981055204726013
ck_66746d1090d6d9e9,0.13583214503972296
ck_e5f8c8a5824db594,0.6613159502953758
ck_3e91dcc209431984,0.2675493990629456
ck_126a82e8d42e5ce6,0.45997148095335094
ck_38e4a74ab256e2eb,0.6818904053778774
ck_1225a97fc413a419,0.8187003463027094
ck_9b5ec0f78e160e65,0.18957017722550418
ck_7c5529bcc079600b,0.4044408229782033
ck_29640fc2fe81c251,0.49517213281727435
ck_160e9ba0a3f7c1fd,0.48388673864330817
ck_bff090cb4ab76b9f,0.6050519454063964
ck_aa06ed358e43db69,0.8276227337543287
ck_7264486eb512d84a,0.2839682216337339
ck_f5a32e6160b28379,0.5469138317376248
ck_4ba8bec14c2217e1,0.47720513342839677
ck_610815786d729d2f,0.364677123650438
ck_e267999226b6321b,0.15155836219189245
ck_f3996a3c8eea1ea0,0.5956406600122224
ck_e9b75ed7567a3f23,0.6243634141372988
ck_d21612d48bb4f7b8,0.7218985536769199
ck_1f871df76c6a995b,0.5372988388673864
ck_953bd5de48ccd70f,0.958525157873294
ck_02a9104419a6dbaf,0.6501120391118355
ck_1eeeee651e05d535,0.789977592177633
ck_e2ab04136a442a98,0.6477897738847016
ck_f0d806624ef3d359,0.388633122835608
ck_4b68b38c1b3326a3,0.42855978814422485
ck_74e60495f8861156,0.4561825218985537
ck_398f3f4cf05c721b,0.3531472805051945
ck_f761b7650a0c1a85,0.7060908535343248
ck_7dadef33f5e2d94f,0.9799144428600529
ck_6ff6883633b8c7ba,0.048197188836830315
ck_4d2159603045109e,0.2664901201874109
ck_a38bd07a5fac5c9a,0.3699735180281116
ck_f517f06551e69507,0.803911183540436
ck_a7ea00a1760ad561,0.984762680790385
ck_31fc51d5a3dfe16a,0.544265634548788
ck_bac5233623b25ca4,0.5264616011407619
ck_385188ab27784fe3,0.7940110002037075
ck_9947a323bab5cacd,0.8072519861478917
ck_7973edc9f22ee7b6,0.43177836626604194
ck_f97c477986043755,0.39767773477286616
ck_1a3fd2cc4b4de196,0.37274393970258707
ck_e18ac29ea62cb435,0.723487471990222
ck_9720a472a3e0140c,0.3188836830311672
ck_668c7fc7d7e47c0e,0.6564269708698309
ck_214af0806470ef48,0.38818496638826644
ck_a46c1773f01f0be7,0.6537787736809941
ck_f2bdcfb4203ffdee,0.4398044408229782
ck_40e84e6ffe788a4c,0.6795681401507435
ck_dfc6f5712d8d6678,0.9069464249337951
ck_01ef1036b2e66a4b,0.0502750050926869
ck_3acfec10eec32f9c,0.44673049500916684
ck_084a85145c15ed77,0.6533713587288654
ck_fcdb4fe2f095fba1,0.7342432267264208
ck_023908db0a193076,0.7326950499083316
ck_fec0ff92fd622253,0.6512935424730087
ck_c009c97d5fafbced,0.8755754736198819
ck_eb9f0c06ee017ee5,0.44685271949480543
ck_d7792b429620fc24,0.31403544510083514
ck_5e9e149a3b69c726,0.9048686086779385
ck_ce927322ef8f651c,0.5451212059482583
ck_b8fd61a8e82bce32,0.9672845793440619
ck_9aafc33fba1474cb,0.17196985129354248
ck_ce81ff9b8b35562f,0.6265227133835811
ck_25bfca1d8eaa152d,0.13302098187003464
ck_170c65860e2a7e23,0.30132409859441844
ck_952da7ca9f33decb,0.7546954573232838
ck_1ebd574406235957,0.3870034630270931
ck_589109a188adc2c1,0.3600325931961703
ck_f0cbd5383bb07778,0.7053982481157058
ck_242521e261148fba,0.07944591566510492
ck_509cece86a558de4,0.6430637604400081
ck_0dd7c5925d28755c,0.6588307190873905
ck_a7e669cf1c3985aa,0.47683845997148094
ck_acb84dc2351eeb76,0.2925646771236504
ck_b837c7dac2a9b931,0.5975962517824405
ck_18eb1f9181f95df4,0.038622937461804854
ck_b0b9047dddb1ec84,0.9204318598492565
ck_43aa136bdb0a2832,0.914728050519454
ck_3e47f8c56c811700,0.6354043593399877
ck_77c587d24695ea15,0.4387044204522306
ck_20578ac693ea4e93,0.8400488897942555
ck_b9f6040eebd1605f,0.852149113872479
ck_ca9d86f65cfdf018,0.6463230800570381
ck_a4fa8833995c716a,0.717050315746588
ck_f589f1e29301b5fd,0.9282949684253412
ck_961ddb8ff55d868e,0.03165614178040334
ck_5662492a54e6688b,0.778936646974944
ck_ad48826c1c26eb78,0.9762069667956814
ck_621c9ddde6bf2eca,0.7306987166429008
ck_417a3500b2c717b3,0.8005703809329803
ck_c7e129058beb3ac1,0.740028519046649
ck_ec1c902b9b9b9c5f,0.6494601751884295
ck_317360ec0a67d27e,0.8474638419229985
ck_3e3ea5d8c4a229dc,0.8277449582399674
ck_d11d27de7bf0b973,0.9061315950295377
ck_d37d56e931105db0,0.56952536158077
ck_4863077723cd6ce1,0.026319005907516804
ck_479a065d5903e9c3,0.44286005296394376
ck_e66ae4fd586fedea,0.5902220411489102
ck_192bbfd0d5720134,0.5394581381136687
ck_3b436cb29af99f3d,0.5349765736402526
ck_7c7ca54969eed187,0.8533306172336524
ck_826ee896c9f1144d,0.9418211448360154
ck_ba1f6dd43fc8a0b1,0.4430230189447953
ck_49685deb63e4e8f8,0.5295986962721532
ck_687ab5d5554bfa79,0.4728457934406193
ck_41346ccd9242cc8f,0.19221837441434103
ck_8f8e5e2b9dfec3d1,0.6704013037278469
ck_94d5ce61a0c50465,0.3485842330413526
ck_6b954c75aad8c012,0.5647178651456508
ck_748af92828c9d288,0.05813811366877165
ck_dddd14091ce812c2,0.38851089834996944
ck_723323f6870fab59,0.6463638215522509
ck_dbdf8d0708cc6718,0.15233245060093706
ck_f04938570a154de3,0.009085353432470971
ck_58afa1550b3b5294,0.6595233245060094
ck_3b150afde386ecff,0.4107150132409859
ck_666b95e75d99ec4e,0.9478916276227338
ck_e00332597cf1eb24,0.7215318802200041
ck_9a9e3dac79280d7f,0.719576288449786
ck_e8d37262e859d9a1,0.34263597474027296
ck_895bb39d24bc1c4c,0.13306172336524752
ck_b367449195e36499,0.2261152984314524
ck_d23f9a50d1135ce1,0.7635771032796904
ck_670dc4910cf476c2,0.10197596251782441
ck_3ecd8a5ce65e21ca,0.17840700753717664
ck_8584fea2df4c6317,0.4336524750458342
ck_0789ff4562202b20,0.16671419841108168
ck_749e0e50c3907be8,0.03707476064371562
ck_c3ff6790cc6d7e34,0.3703401914850275
ck_75fb7e56432ee4b2,0.07895701772255041
ck_529fc3170fd11abd,0.8015074353228764
ck_34a69b3b4a681796,0.8166632715420656
ck_255f0e5888ae9e23,0.7908331635771033
ck_65be698386474170,0.35135465471582805
ck_5eec9ed855c26000,0.10050926869016093
ck_5ab39bdc9610f6f3,0.9064982684864535
ck_1b5b75762f033462,0.21784477490323895
ck_d3e208671cf37f91,0.9639845182318192
ck_5068ee554ceff971,0.6339376655123243
ck_d7d50fb57fcb2d0e,0.09997962925239356
ck_ba6e1115fceaa067,0.6763088205337136
ck_d07bfb16a4a7dac0,0.9550213892849868
ck_ead68310311690c8,0.9733958036259931
ck_ee53ce862bc9c111,0.33729883886738643
ck_97e56e6037024dff,0.0989610918720717
ck_80b04344c98ec072,0.24778977388470158
ck_5954f45a2ab45f43,0.8127520880016297
ck_18ddf7e836256e3b,0.5900590751680587
ck_89a1a780144d808b,0.6624974536565491
ck_a7331e8b808c39aa,0.8140558158484417
ck_a1fd0ad03ff9b776,0.7240578529232022
ck_c0cf50eef030b401,0.10702790792422082
ck_074f20921189e7d6,0.08991647993481361
ck_e2aa7be60794593d,0.7836219189244246
ck_72771757dfb7f7a8,0.5474027296801793
ck_a9cd84a6dddfe584,0.6234263597474027
ck_142c00f9f8557504,0.7602770421674476
ck_221b5d40358230f4,0.5071908739050723
ck_a2d7a563f520b7ea,0.10169077205133428
ck_66cd34bc568d95e0,0.7370136484008963
ck_a17128972d3e507d,0.9025463434508046
ck_bda299466bb2136e,0.6245671216133633
ck_2b699066665abe8a,0.7888368303116724
ck_0ac9848bd4ba0c14,0.04754532491342432
ck_98d2f9a6ba3a3077,0.9340395192503566
ck_a872df31b28a5f7f,0.7741291505398248
ck_7e73e1d44ce82ed9,0.6066816052149113
ck_1a415416f620d49d,0.6759828885720106
ck_c95c786d2f8b8edc,0.11619474434711755
ck_e45012f22b7f91d5,0.16145854552862088
ck_aa0b083e2a6813eb,0.7156243634141373
ck_4666232ddbf77756,0.47891627622733757
ck_e08e9c8ec5f23d8b,0.43312283560806686
ck_31d4c0518e5f52c6,0.28066816052149113
ck_c1ab40638f04cb02,0.4118965166021593
ck_4c1fdd1669c7cf51,0.17054389896109187
ck_11662cc7940ffc82,0.8248523120798533
ck_2e679af24adedac8,0.43972295783255244
ck_454b9e21b7f25a4c,0.2206151965777144
ck_355c4f29089731e8,0.9364025259727032
ck_507e40760a24d2d5,0.7790181299653698
ck_0943e0f305078e34,0.9840293338765533
ck_abc54ed7111e9ed1,0.2717457730698717
ck_a60fe02fc04407a9,0.5943369321654105
ck_244b897bb4d57c1f,0.3961702994499898
ck_8c84fcde93a04334,0.9217355876960684
ck_9eea37d2de633b27,0.44066001222244855
ck_b2cb9e6610eca967,0.4660827052352821
ck_09aadb4c41b166f1,0.5600325931961703
ck_8d94fbb4828ef326,0.235648808311265
ck_089e3a07abbe3b8f,0.4952128743124873
ck_dfee9de05e3971cf,0.39686290486860865
ck_6abf8302ce052451,0.8182929313505806
ck_6ffa90143838a4a2,0.2747199022204115
ck_325caeab5c7a9c3a,0.2058667753106539
ck_1964ee9db929a173,0.9282949684253412
ck_942b95988a6245a6,0.6706050112039112
ck_913ecdeeb8e21a9c,0.3460175188429415
ck_ecf9794349eb4b3b,0.8385007129761661
ck_b6cb8d6ae828eed1,0.7375025463434508
ck_2f82ea66c4f53b33,0.739376655123243
ck_6e676daa4855b58f,0.8642900794459156
ck_2a37fef48b44e9c8,0.23320431859849255
ck_3bd12d468fdc2450,0.4199633326543084
ck_1a28b6a40a6bd3b4,0.7042167447545324
ck_61b79dec96d15713,0.1113465064167855
ck_31d5e3daced93d3c,0.5719291097983297
ck_e6c8611c0cf233d7,0.15742513750254633
ck_f04761b4a937ac3b,0.23752291709105725
ck_38c1c75cf055031b,0.7407618659604808
ck_59a561f3df01441a,0.517335506213078
ck_04e40f556a5062ef,0.3627622733754329
ck_8409716d174635b6,0.6575269912405786
ck_3019afee83342701,0.7716031778366266
ck_b51a58e7f032c9a8,0.44294153595436947
ck_5043e474f848346d,0.47076797718476265
ck_4388abce33ecd01b,0.8482786718272561
ck_c93def7392f0aff5,0.8492972092075779
ck_72e7b1acc19df820,0.5386433082094113
ck_f253130dc3ca5b3c,0.02342635974740273
ck_eb264d1b180d4b4c,0.9234059889997962
ck_c2504f5a113433ee,0.0531269097575881
ck_c16ab1e4dafb4910,0.8602974129150539
ck_4bc42878fa180991,0.46563454878794047
ck_1c771a7c78f6622c,0.6311672438378488
ck_d523f0e50a2747ad,0.5172947647178652
ck_9060f4e7ab7a1b0c,0.2903238948869424
ck_6b55ec4e87a5e22c,0.928050519454064
ck_55fc62a5f89a7251,0.537095131391322
ck_bd2545c62f258231,0.7610511305764922
ck_1ccdc69d0bb712b4,0.34805459360358526
ck_710f867a3bd5898c,0.09619067019759625
ck_f91d48c40337d375,0.7453249134243227
ck_f76d929541ed41dd,0.8302301894479527
ck_e26a6659c237b650,0.7295172132817274
ck_184983177b73dea5,0.2446934202485231
ck_6d0d081bfa8a0022,0.6405785292320227
ck_2f6e64f638da0f97,0.31908739050723167
ck_15b93103ccd38609,0.17164391933183948
ck_094d10439b7b4eac,0.39009981666327154
ck_d2ca47180a926ba2,0.21075575473619879
ck_a69ca7b9d70972bb,0.29973518028111634
ck_68914e67343a7d32,0.49284986759014054
ck_8176616132458c0f,0.21425952332450598
ck_eee99af3598311b8,0.7224689346099002
ck_94410eedfca91304,0.5169688327561621
ck_cfb11a0a2325bff5,0.31546139743328583
ck_75217ee144b715f8,0.7326135669179059
ck_d56fc799542299b8,0.08246078631085761
ck_4c352dd3e7c81269,0.3997148095335099
ck_e23e50e02cb3904d,0.8006111224281931
ck_b921af37d500e139,0.36125483805255654
ck_82181b935360dcbc,0.9837034019148503
ck_22a7cf3b99c5e5fd,0.7229578325524546
ck_f67ee7910d532216,0.4574047667549399
ck_5f48762a14a0326f,0.30046852719494804
ck_1757fcb0e6e3f88e,0.7388470156854756
ck_2c2f080ba185016e,0.7459360358525159
ck_4c25570eb72711b8,0.2517009574251375
ck_a3be871ca22ac416,0.3868812385414545
ck_ab70961e7c6695b2,0.5849256467712365
ck_a1cdebfc42a52448,0.26526787533102464
ck_f1b80b821a20186d,0.5216541047056427
ck_ae668e4564cd2aa1,0.15848441637808108
ck_0e2bc3a5afa439d8,0.7537176614381749
ck_3dc378f37d0b74b8,0.5706253819515177
ck_9f9555197480d1cd,0.6051334283968222
ck_bf4e7d48770a4a8b,0.8245671216133632
ck_614ef655f0685060,0.20411489101650032
ck_04d2ea38ee27770f,0.10996129557954777
ck_e03a9d8ac94161d5,0.3696883275616215
ck_d4007b5b26d9d854,0.1478508861275209
ck_2dd147ce6d61749f,0.7333061723365247
ck_ff45764ea7d6619f,0.8661234467304949
ck_dbc487cb0a6c18da,0.941658178855164
ck_791d5392bbd80447,0.1958851089834997
ck_b4068439c413b150,0.5765736402525973
ck_85df7b7de9700aba,0.16076594011000206
ck_001e42551cd06e40,0.49997962925239353
ck_a6c02ae50932cd9d,0.6023630067223467
ck_9fd0be2c018ff5e4,0.5839478508861276
ck_32a495128395fde5,0.87455693623956
ck_b6f2a2fd232c141b,0.7705031574658789
ck_28dde633692904b0,0.8881645956406601
ck_a1a93c5f375f6021,0.5319617029945
ck_e3982142336782df,0.7553065797514769
ck_a9812ff3c111ea94,0.4849460175188429
ck_f04062216f95fa00,0.37408840904461194
ck_7c560467daca735f,0.0009777958851089836
ck_76ee10d6e2dba70f,0.7882664493786922
ck_3521243bdac61178,0.2461601140761866
ck_28588fb03b320520,0.4536972906905684
ck_580dcec33ec232b8,0.2283968221633734
ck_7109923fd7dab20a,0.1632511713179874
ck_7c872c99481c1e9e,0.5058871460582604
ck_46f4e1f5026f4d1b,0.08180892238745162
ck_00d1ebc31ec4653c,0.8411081686697902
ck_aac70764dde15168,0.26433082094112853
ck_648c03f9aa4e45f1,0.5322876349562029
ck_5478eb69ef912785,0.9080871867997555
ck_79b8523137bb2603,0.7218578121817071
ck_795c49f312640019,0.01992259115909554
ck_89184bf7b7fe41cd,0.880097779588511
ck_97d4bd922996fa10,0.13933591362803016
ck_1cef30d08f3a598d,0.1384396007333469
ck_2f9fd36a4a40a6a8,0.06143817478101446
ck_40780fc0f8d6f309,0.431778366266042
ck_9083ca9fec2a7f4c,0.31550213892849865
ck_62081bc35aa59931,0.6723568954980648
ck_2e1b46c5fc56b863,0.9016500305561214
ck_3d139692c51b604a,0.8683642289672031
ck_b5e54e22e3d6960a,0.3300061112242819
ck_c0c4be3f44311b04,0.20835200651863922
ck_82a8bdd2692c2a5e,0.5747810144632308
ck_bdd2da300b530c5a,0.2676716235485842
ck_ee40498cd97183d3,0.07936443267467916
ck_70b9274473bd6dfe,0.1425952332450601
ck_473d6314ea614b29,0.1804848237930332
ck_7443d6dca8cd1352,0.05927887553473213
ck_3b49768b448b071e,0.2103075982888572
ck_b43f04431c267dea,0.387370136484009
ck_4424a5223ba2fe00,0.27830515379914444
ck_819bf3e8231f4081,0.401955591770218
ck_91d417507a8c58cb,0.9107761254838053
ck_e88e86b19cada4aa,0.7852923202281523
ck_59684167f9c6bf4c,0.7606029741291505
ck_d5f5b0dc97b9dc27,0.6080668160521491
ck_13d1b192bbff8f32,0.6508046445304543
ck_b21d8630387cabce,0.016948462008555716
ck_e4ac22046699b99f,0.3870034630270931
ck_74b848064f2ff45d,0.30543898961091875
ck_166aa980cc87fa77,0.5788959054797311
ck_98e337806104dd88,0.1016500305561214
ck_66eb09be007f0755,0.8003666734569159
ck_3ec9b9d8dd7be11c,0.4268486453452841
ck_8b8b9de339d75d0b,0.7159095538806274
ck_6715139e240007d9,0.22729680179262582
ck_a0255ab46e122d2f,0.14377673660623347
ck_66e81a4190c33510,0.5140354451008352
ck_5d75ea4f5c9080bc,0.970136484008963
ck_df69858b8a8b3165,0.37005500101853733
ck_e15252ebd7553422,0.2746384192299858
ck_34d6d74bb3ed11e5,0.18989610918720717
ck_c2608f78f6851d10,0.3035241393359136
ck_bb99071e8f58c8a4,0.9324098594418415
ck_06010f0df5b7cef8,0.3401914850275005
ck_8c582eb0f6c0148c,0.18879608881645957
ck_0034d010d28aea78,0.554613974332858
ck_01c1f06692566ca1,0.5155428804237115
ck_4807726e797fb893,0.533224689346099
ck_edc9668282e3c8cb,0.6809940924831941
ck_5486768475af7bb5,0.9602363006722346
ck_3fb9813849e51837,0.3937258097372173
ck_861af5a9a9a6d619,0.7858219596659197
ck_da39653add0f1109,0.09468323487471991
ck_74a4244eb1f162e4,0.11350580566306782
ck_9a930faade55b8ea,0.36374006926054187
ck_fb6e06ca88519dcd,0.530617233652475
ck_9776cd8263a9f415,0.6437971073538399
ck_b3dd1198ac5aea73,0.7214911387247912
ck_b6675a04df1a4276,0.1216541047056427
ck_5c7ad6e731b69333,0.8189855367691995
ck_28dc0fdbaec00580,0.8806681605214911
ck_8e7a32f7e3905f4e,0.21014463230800573
ck_8563fed6674afc77,0.35510287227541254
ck_9a2fcccb82da663e,0.48315339172947647
ck_6a519bdac0d94527,0.04004888979425545
ck_a0dab7aa9c4a39a9,0.6576084742310042
ck_a3ce05e9e5e32142,0.4170299449989815
ck_7a7e40ee3f97c035,0.6195966591973925
ck_9e9a830785112a73,0.5279690364636382
ck_ab1bb02f6b189304,0.9361988184966389
ck_7b8cb0f90fbdc8c6,0.3175799551843553
ck_b138fc249e659e60,0.48445711957628845
ck_e73caa3771ec5e0f,0.3114279894072112
ck_18a55b06ccccd88b,0.6357302913016907
ck_fdcb1d9265d8fec1,0.8683642289672031
ck_e21a900556b382ad,0.44147484212670607
ck_c6bf67470f526771,0.6490120187410878
ck_b568ba3837afb39a,0.17205133428396824
ck_a2858979dd5645ef,0.14520268893868404
ck_1da9d40837ebaa57,0.45390099816663265
ck_9341c7959543c542,0.31110205744550823
ck_c8ad86806b9a2369,0.6213078019963333
ck_5c85d93ecfed4b0e,0.4003666734569159
ck_f07b09879d697b82,0.32177632919128135
ck_fe43da07608b1749,0.3544917498472194
ck_4bca22b5926b9c28,0.10784273782847831
ck_aba573aa942b1d41,0.20452230596862905
ck_57c14e32fa4683bf,0.32927276431045016
ck_891530b489ce402b,0.29431656141780405
ck_5e74fdadb93ff293,0.5914850275005092
ck_14436a409ebcc90f,0.5496842534121003
ck_00013fdfa0bd37dd,0.5001018537380322
ck_7dbe24ba01316775,0.6193522102261153
ck_0e3f80c1553c591b,0.7078834793236912
ck_3edc45db58760d76,0.020044815644734162
ck_29076a13f539187a,0.896272153188022
ck_b1e81b58b9a545ce,0.6277856997351803
ck_3f8571d4f7420b2a,0.774047667549399
ck_7dff6abe4bd644dd,0.9130983907109391
ck_2884bab237af16b7,0.60680382970055
ck_231e6dd1fe708000,0.09411285394173967
ck_33ecaa7b892e73df,0.10303524139335914
ck_b109ec4c63503030,0.6160521491138725
ck_a7f522382509cef1,0.21519657771440212
ck_748b3ea941d8b3b9,0.8151558362191893
ck_29f3a1737a2d9634,0.5989407211244653
ck_cee8d42475a0f020,0.4334080260745569
ck_c6b6ebe145a8ffab,0.4173966184558974
ck_21c99e1d6b881894,0.4071705031574659
ck_5ad798286384484e,0.5416989203503768
ck_b621b6ffcc7f4848,0.607496435119169
ck_ea819e337233475c,0.9217763291912813
ck_9e3896c2668ce06b,0.7690364636382155
ck_501dcf1ead036d2b,0.4765940110002037
ck_8d5eda29a2cffa3c,0.13937665512324304
ck_4d3aa36ff83f1132,0.9392136891423916
ck_8e9faf94e3e6c757,0.22106335302505603
ck_ce0ec41f96951048,0.3488694235078427
ck_f09165d73ee903b1,0.3051130576492157
ck_a432b1bf1d3b3d5e,0.8343043389692402
ck_ea618f720ff0b4b0,0.7610103890812793
ck_7584e7bd755cb28a,0.4165410470564269
ck_e14681aad43e1a72,0.8019555917702179
ck_5e18870d8e30e379,0.5719698512935425
ck_ff7c26a62bda8089,0.08608677938480341
ck_cc5a35175d381d5a,0.4436341413729884
ck_3c25029e40aa8a84,0.18459971480953352
ck_771247b5bc16c12a,0.23837848849052762
ck_664b5e02759f985a,0.3589733143206356
ck_692a9e8f504b9762,0.021796699938887755
ck_df8ad2deb0a4ffed,0.5682216337339581
ck_eb48c0bcd12ea654,0.4726420859645549
ck_7c77e597c951cdad,0.7636178447749031
ck_4f75144c6f3b13ad,0.5958443674882867
ck_1bcff399166d7c43,0.15253615807700144
ck_975c2aa3d4a8c51a,0.10152780607048278
ck_bc6f07b06aaa4ce3,0.9665104909350174
ck_80b072b7f3c7e8e5,0.43259319617029945
ck_471e4018a23b4e56,0.3833367284579344
ck_53cddfba570b4a3b,0.5867997555510287
ck_630530e50764f229,0.5299653697290692
ck_dcef7887a4f1e435,0.5313098390710939
ck_2795921a055643f6,0.3276023630067223
ck_7456df89f3792235,0.17103279690364637
ck_5014a3b07e1f049f,0.9582399674068038
ck_d4ec44760cbe03f4,0.5665512324302302
ck_96810ad39d4cb7b0,0.703687105316765
ck_3222ea25aa29bfa6,0.07634956202892645
ck_f6c42001b84a10cb,0.6557751069464249
ck_5ac86682385c86b8,0.24180077408840905
ck_4280c33af57eb4f4,0.40798533306172335
ck_05f79ddd8eefaa56,0.505357506620493
ck_3a57a13ce032a6fe,0.03625993073945814
ck_a721f0d635fad68a,0.21564473416174373
ck_a3f821bdf408c326,0.17930332043185987
ck_0ada63008be5685a,0.47903850071297616
ck_8c949bdc6e8720fa,0.7629659808514972
ck_c0d2c56f9c722e99,0.9611326135669178
ck_5d2b9e6e087b8dfc,0.9965369729069057
ck_5217b55593a332ca,0.8643715624363415
ck_7a7bb9be5a7e48ad,0.6451823181910776
ck_24cd0d779e866287,0.03658586270116113
ck_7367917891a63771,0.53905072316154
ck_4b31a8862a857e6e,0.945528620900387
ck_81429c4910ca46cd,0.031289468323487474
ck_b35d803568f82d9a,0.31827256060297415
ck_4b00e75c2d2d0522,0.09036463638215522
ck_77fced07f6dff42b,0.7379507027907924
ck_3c9a06eb07c300e4,0.4708087186799756
ck_b3867f7f494db64c,0.023181910776125483
ck_0c45e54897ab34e2,0.873905072316154
ck_507a6a580ab55c76,0.5287431248726828
ck_291bffc7809f896a,0.305357506620493
ck_3753cc5b9d02e2fd,0.06921980036667345
ck_4f63d5245b3ac1dd,0.1740069260541862
ck_9dfb2ae78659240a,0.5412915053982481
ck_90f6f5ced708aa75,0.1162762273375433
ck_8b5b5a6b5539e39b,0.9764106742717458
ck_4719112b55d20161,0.4306783458952943
ck_fec888a7108ca52d,0.976695864738236
ck_4f5d022c99f118b7,0.4341006314931758
ck_e967ff05514b697b,0.6378895905479731
ck_839ce35819bfa4fc,0.07907924220818904
ck_bdee1221b9addff8,0.22424118965166023
ck_9cde4036d0914427,0.3353839885923814
ck_5ac959cbcc5e98f3,0.15693623955999186
ck_619842688294dabc,0.17995518435526583
ck_7373d7b04c7799bd,0.3770625381951518
ck_c1dd3feb9a0b6471,0.6323080057038093
ck_0324a4812ec319c6,0.37624770829089427
ck_7f3685aa2933b251,0.4489712772458749
ck_06aee5a62a67a84c,0.8754125076390303
ck_3428910b44b9d08f,0.5848034222855978
ck_c3ba7534cefc1de8,0.08885720105927887
ck_1f1273a67cbad5e5,0.944917498472194
ck_124565a11b2f8bb8,0.4722346710124261
ck_38e46bc861e0165b,0.795762884497861
ck_c8ad3f01319c065e,0.8336117335506213
ck_3f94a34f5038f7c1,0.9496842534121002
ck_cee56be5a502fbd1,0.8862497453656549
ck_2b90b76cf4d162f9,0.4342635974740273
ck_884b2e463ff1d54f,0.391566510490935
ck_fab4f2f8531b4827,0.5349358321450397
ck_4fc6256e0e60a926,0.5905479731106131
ck_0a2f8b2f8a5b6f02,0.11766143817478102
ck_9c0deab8a8367c5e,0.050519454063964145
ck_d3a2a4c011fa2554,0.22497453656549193
ck_4108b4038f762817,0.6789162762273375
ck_4df036e2aa7e1056,0.5981258912202078
ck_ec094eb1cbb3efc5,0.08502750050926869
ck_09f8f51bfd2492c6,0.08641271134650641
ck_b60fb9a10d6f4489,0.6681605214911387
ck_3638bc3388dbc1bc,0.870034630270931
ck_7a58e0cc9943c39a,0.29936850682420046
ck_37dab6a0a536ed49,0.8070075371766143
ck_adc576690df5b33b,0.7593807292727643
ck_1383b2b1875000f2,0.05997148095335099
ck_43c1248db37a2eb0,0.14231004277856996
ck_29c11bd68858e923,0.10006111224281931
ck_9401f9e11f65337d,0.45720105927887555
ck_ce5ed372b1a2ed6b,0.5559991851700957
ck_08b4619490e751a8,0.9541658178855164
ck_44b9125526acb05d,0.3667956814015074
ck_ef1a1de20d2124cb,0.5246689753513953
ck_e5e2624b7fc89774,0.599674068038297
ck_f5100511609b92c0,0.02448563862293746
ck_64f3bb17101b7c42,0.25451212059482586
ck_ea1e5b5128ecba2c,0.0889794255449175
ck_516163fcf04d5e77,0.45536769199429616
ck_7f9a748110d70005,0.4926054186188633
ck_d263b55f0a681cce,0.8373192096149928
ck_0e962eacf98a813e,0.41658178855163985
ck_0406931800e0e2e6,0.49782033000611126
ck_0e9b982afc88a3a9,0.996088816459564
ck_8bbb625384edebd7,0.06999388877571806
ck_5eaeb87bf6207406,0.9828885720105929
ck_cc3318839c4b0745,0.19942961906701975
ck_08a0355d1f1890ef,0.2727235689549806
ck_af7ffd1a822460d3,0.890446119372581
ck_2a09c7aa870edb6b,0.33880627419026277
ck_bc04f51c23290bcc,0.4904868608677938
ck_d3a8333cb389f4c6,0.320268893868405
ck_88e3dd3039508332,0.6247708290894276
ck_b8c7771de9b57705,0.3544510083520065
ck_585ababa02383b50,0.19722957832552454
ck_e988c108754cee9c,0.09773884701568547
ck_4a691892d9d6cf89,0.4597677734772866
ck_7cdce37d895eefb8,0.3370136484008963
ck_483fb981a1fb4317,0.3875331024648605
ck_c1e5182bd99e0e35,0.9427989407211245
ck_9a1e3ec9a1839939,0.4615603992666531
ck_5c3f13de0dbd5086,0.317661438174781
ck_f4f6f0caaab70040,0.19845182318191076
ck_791be3378dd7d64c,0.16793644326746793
ck_956dd784525f5886,0.533876553269505
ck_098167eaf124c279,0.3360765940110002
ck_33ecff7914349ebc,0.2913424322672642
ck_e05d44e46c7174e6,0.7139947036056223
ck_1b2ce474fa6582b4,0.5632511713179873
ck_ab581082e8f72e3d,0.2208189040537788
ck_e63256667aa19070,0.7468730902424119
ck_f568772b6cb3febe,0.8309635363617844
ck_dd89a282375bbab6,0.8492564677123651
ck_a39d0bca345b492d,0.28510898349969443
ck_d12d2924d0f7a64a,0.23837848849052756
ck_6a548da1728b5823,0.9767773477286616
ck_6d64193681d2a94f,0.8726420859645548
ck_ced6b6dcdc7c201a,0.3627622733754329
ck_d1b0699d26282871,0.5417804033408026
ck_58f757e40a9b8877,0.42367080871868
ck_3272c2c4a37d5220,0.9303727846811978
ck_d94dfde9e03c9d1a,0.8326339376655123
ck_08a6d4903a7fbaca,0.42970055001018537
ck_6c72a36b05fa0f4c,0.6433489509064982
ck_dbb4bd4eda97255d,0.6063556732532085
ck_94b59bbc824b307a,0.6189447952739866
ck_0229a07185f15469,0.25528620900387045
ck_11bf1039f8b3025b,0.4205744550825016
ck_36789ca11459131e,0.5000611122428194
ck_8572c5f5c1447c62,0.6346302709309432
ck_9e75c6641939f4fc,0.5246689753513953
ck_b45e47c39d4dc7bf,0.39392951721328173
ck_02903c48b6cfd65d,0.20847423100427784
ck_b153386f1729de81,0.5851700957425138
ck_36979996f33498f7,0.9117131798737014
ck_3c02d4dbbf6716b6,0.44216744754532494
ck_66c9a19963957531,0.61686697901813
ck_bae8dae7cfd8baba,0.07463841922998574
ck_bba0ccc6cd968680,0.8708087186799756
ck_3267fe3aac05c71e,0.3343654512120595
ck_40052cac10562cde,0.21042982277449582
ck_d973444855403e2a,0.3159502953758403
ck_012519bb095ad36b,0.9889590547973112
ck_ad7c256ea10c4a00,0.8295783255245468
ck_70a60e095e9b706f,0.0491749847219393
ck_f2734417c0db4ee3,0.17286616418822573
ck_9cb89cc3178e0172,0.46799755551028727
ck_779cc0f2de4d5488,0.8197188836830311
ck_35f8656bf93e3b3d,0.11313913220615196
ck_bdd8eba728800e29,0.5980036667345692
ck_002cf760d173f0f8,0.5360358525157873
ck_b046067c6ca3831e,0.4977388470156855
ck_a4a42d4bff8af645,0.5499694438785904
ck_bce253d2396681a1,0.4815237319209615
ck_00dafc060c8de32a,0.8005296394377674
ck_968a99e097ee78c9,0.8289264616011408
ck_66949171b387bb93,0.700142595233245
ck_ad305286702b1958,0.07284579344061927
ck_4732da7e0d2dfc7c,0.027459767773477285
ck_17a95bba77217d85,0.3956406600122225
ck_3e2516a3e35067e0,0.22945610103890815
ck_0b615ed566da1f58,0.21246689753513953
ck_d2b3ce1ebabe9f93,0.8352006518639233
ck_a892252e4e0c2828,0.4501120391118354
ck_cf606fd6ebfdf9bc,0.02407822367080872
ck_718865237134ebe8,0.5691179466286412
ck_878522cb775b904c,0.7400692605418618
ck_9ed53de6ef779ae0,0.18313302098187004
ck_3f16e2cd7e6874cc,0.3764921572621715
ck_3c59df37895ead2d,0.09272764310450193
ck_6821459b626d492c,0.30071297616622533
ck_11c7667920541587,0.10136484008963129
ck_23a016cf6b98d89c,0.7729883886738644
ck_7137eeb394d200f1,0.7117539213689141
ck_9c4886c5c90ddbdc,0.5405174169892035
ck_1422a7bf7756294d,0.9611733550621308
ck_7ebc5fa7f0d3b8f2,0.5456915868812384
ck_fcc2059a8d5c41fa,0.79319617029945
ck_00ff7389d6a83e29,0.7299246282338563
ck_03129b41457795d2,0.30914646567529025
ck_38ba64efa7c38250,0.39922591159095533
ck_57a6b56b09bff24e,0.6236300672234671
ck_e3b3c5a80a567418,0.4429415359543695
ck_fc40a16adfced018,0.7446730495009166
ck_9d4b5e6b43bad4d8,0.5686290486860868
ck_61129937ee466b49,0.5586066408637197
ck_74112e47b8629c2a,0.8303524139335914
ck_b4703ee97f94d7fb,0.23797107353839883
ck_e560f720a988d8a2,0.9047871256875127
ck_708fea345f68037e,0.04025259727031982
ck_25394c1b83e0b803,0.7009574251375026
ck_17ab24fe914ae44b,0.1954369525361581
ck_16c501470d9bb006,0.08242004481564473
ck_628f449e248c19b7,0.8574862497453657
ck_6d64190623dea714,0.36312894683234875
ck_504a45ee08db72b6,0.5259727031982073
ck_6cbb011e0c70bc7c,0.5330209818700347
ck_b3225a98acd04f83,0.07838663678957017
ck_aa37993f1c17cd1e,0.5146465675290284
ck_558cfe5f77a55a9d,0.2653900998166633
ck_0d0a1a021efea5b6,0.2448971277245875
ck_daf7aea023b7a8f6,0.1224281931146873
ck_d75f25184ece2b51,0.09260541861886332
ck_466d4b5366c50b98,0.47040130372784683
ck_88f27ab479063852,0.5381951517620696
ck_66779098e78c1760,0.36023630067223467
ck_b150fe4efb449b05,0.2614381747810145
ck_9c3aa9f23d01fa1c,0.4686494194336932
ck_6a01c375fc26705a,0.2551232430230189
ck_002eb6552b504ea1,0.7293542473008761
ck_affa5aa0bff9bb0c,0.3582399674068038
ck_027614eeba8b1a4b,0.07529028315339173
ck_67e075c982add719,0.2054186188633123
ck_399b0d510be98bd2,0.3095946221226319
ck_e9b0bca7368555ef,0.14283968221633736
ck_59c29d9c57b4f994,0.9077612548380527
ck_37176850ed68831e,0.35954369525361585
ck_a0db4ccca08030c3,0.9556325117131799
ck_aa188e5c25f7f42a,0.57632919128132
ck_7de6997178207800,0.09280912609492768
ck_c729d19053387be9,0.6781829293135058
ck_f2d3e3d90608596d,0.9443471175392136
ck_2db3fb565e0211ee,0.09093501731513548
ck_bed8a480e27e911e,0.8127113465064169
ck_d7ad9921a4d25926,0.5405174169892035
ck_2a59f23fc5194699,0.5586066408637198
ck_63601a58a6120d8a,0.5616215115094724
ck_efd7b9e22c6317d6,0.7002648197188837
ck_9ab42875a0f95b43,0.4697901812996537
ck_85cb5033fca7c846,0.7139539621104094
ck_5249b223000915ec,0.4415155836219189
ck_3efb0e9bf25612c7,0.5610103890812793
ck_678e74532ac19700,0.46917905887146055
ck_a980b296c95153f9,0.2292116520676309
ck_01ac687ce0d696a7,0.6048074964351191
ck_52e1418cf1aa9871,0.41193725809737214
ck_7d28da4f1dab09ee,0.9322876349562028
ck_010d0c2e6c1657fd,0.6910165003055613
ck_b524f7a2e752b9d0,0.25809737217355877
ck_cc447fcc24a0772b,0.8744754532491343
ck_2cb3c99845e572da,0.06730495009166837
ck_604c710141327a81,0.1800366673456916
ck_8d5fa65717d2e0c6,0.5828478305153799
ck_31199510b40602a1,0.2792829496842534
ck_49e253ea12f4e922,0.7253615807700142
ck_780738e0d71e7e43,0.42623752291709105
ck_2cd21137a07fdd7d,0.3502546343450805
ck_5e021f2a3b66e256,0.7159502953758403
ck_efbc79246e32c66a,0.6274597677734772
ck_9951bd806c13c7fd,0.8030148706457527
ck_7a52674e2806d8f5,0.6173966184558973
ck_1a319e509f1efa1a,0.07683845997148095
ck_c920901b9a4ba993,0.9706253819515176
ck_b71279e807d0b3a7,0.48205337135872883
ck_47e1032f490bb018,0.4717865145650846
ck_192579ecdca7ff83,0.3916479934813608
ck_b1496c474c4a3239,0.38125891220207786
ck_5e68ea2c5e893cf0,0.3194133224689346
ck_f2ecab85d4693b4e,0.4093705438989611
ck_89d7bfc81c3df597,0.5138317376247707
ck_7929284327667791,0.7498472193929517
ck_494ec63c5ce8e150,0.08278671827256061
ck_319b059bb2145586,0.7827663475249542
ck_ccb3767c239018c1,0.32210226115298435
ck_a1c7adfe26e09a8c,0.5561214096557343
ck_0e13c4f73818149b,0.7196577714402119
ck_c285a51ed6214f52,0.11085760847423101
ck_916784595f028226,0.8567529028315339
ck_6cd8e0196365c474,0.27256060297412915
ck_57b657aba4daffde,0.7810552047260135
ck_562c76a3753fc7da,0.9317579955184355
ck_66cfc1ebc9a513c8,0.21152984314524342
ck_0f38d4aed68d7d24,0.5858627011611326
ck_d8ddf5e99f7859e4,0.5876145854552862
ck_41bc3efa0fca700e,0.45936035852515783
ck_40799e129fcf42c5,0.8748013852108373
ck_786f079389126e44,0.7777551436137706
ck_bb4c6b713eb0b978,0.6999796292523937
ck_4f01f7eac0efaba5,0.3806885312690976
ck_47d29c01b20cf69f,0.10605011203911185
ck_bf15a1f8d67a30d3,0.6209411285394174
ck_bfecad7586f65e4d,0.48099409248319414
ck_fc9f16df35190eb4,0.906009370543899
ck_c09c914e416edd08,0.5195762884497861
ck_c54c5d8e4433b0f2,0.013200244448971275
ck_1694c28f44480e98,0.8429415359543695
ck_1dcaa3078dbb7571,0.06416785496027705
ck_af559f990c640e41,0.495620289264616
ck_9b436162039a77d0,0.8154002851904665
ck_79d62ef181bd0cd8,0.5306987166429007
ck_23caafc2cd34242c,0.3305357506620493
ck_ffe2aa26f597e552,0.7697698105520473
ck_e6ffd0754ac08661,0.10987981258912202
ck_beaacb4a783db21f,0.2944795273986555
ck_9863bff41d24ce9b,0.41499287023833775
ck_323b9cc5c49f8ea0,0.7371358728865349
ck_ab3de3d3e41c2082,0.5315135465471583
ck_35c93b2924900376,0.4335709920554084
ck_5a9d5f9901e37e31,0.5502138928498677
ck_782b0be796164335,0.103075982888572
ck_11960b5f1c7a5e2c,0.11195762884497862
ck_9a66cb13a9884cc2,0.3690364636382155
ck_ba666a425930615a,0.13073945813811366
ck_40140bef4db73741,0.45561214096557345
ck_e05e91cc180063d4,0.9296394377673661
ck_c7f6f45710bc050f,0.23181910776125483
ck_055fb9f2e1c8c934,0.7921368914239153
ck_58bb02d98e2b9cd5,0.3955999185170096
ck_d9f8efa6a7800f76,0.5569769810552048
ck_69691226c68fd50b,0.778610715013241
ck_6f2f0396e5b1c538,0.9907516805866775
ck_78bc3f1d0f35ea6c,0.5783255245467509
ck_2d5a6b6636a2596b,0.06270116113261356
ck_7878545739af0a73,0.03898961091872072
ck_03c4fa4f3ed3512e,0.008474231004277856
ck_1a9e51d092d62c84,0.9192096149928702
ck_9f3861940d8d873c,0.32283560806681605
ck_4684fdd61c6a0fac,0.36264004888979423
ck_715966f86d5c913d,0.5973518028111631
ck_77f293d44b4a3d2e,0.706335302505602
ck_24dae044dc05f849,0.5249949073130984
ck_00b9818e2064405e,0.8978203300061112
ck_c1c2cb49c3c1b0f5,0.8637604400081483
ck_bed50fc64fbbf8ec,0.5520880016296599
ck_4f6ed5ea5ab7c429,0.3719291097983296
ck_458531c22ec2f9b3,0.15599918517009576
ck_51c50c4c443df31a,0.9441434100631494
ck_732d45bd578dc39d,0.35705846404563046
ck_783fe5bc20cd02db,0.7379099612955795
ck_7f188aaa63d1d442,0.43894886942350786
ck_ef307a6aee38d1fe,0.9483805255652883
ck_e37196b20968b73c,0.6966795681401508
ck_4ef9de711c3d93b1,0.6574047667549399
ck_17946516d5df71d7,0.3609696475860664
ck_3534be0f4efd313c,0.30503157465878994
ck_29fbabf855cabdff,0.3535139539621104
ck_191673540d8486af,0.573721735587696
ck_5f52728d777ff2c5,0.34613974332858016
ck_a045a19369016818,0.9976369932776533
ck_4eadbe7298b15e96,0.4475045834182114
ck_a3a0bd59729fe619,0.4311672438378489
ck_a1e77090b1c6ccf4,0.2558565899368507
ck_69ab9d4784eb77bd,0.6260338154410267
ck_baa47383ffd50f04,0.23161540028519045
ck_e35b2ed08b9e55a7,0.13501731513546547
ck_b6e3af0a5119d9a0,0.8627826441230394
ck_a7c1dabf3869772f,0.7838256264004889
ck_80b8fca67a14e0be,0.9193318394785088
ck_dd9c5f0c42878e67,0.09724994907313099
ck_41ef7967faf5ce82,0.016948462008555716
ck_a93560aa348d6225,0.3875738439600733
ck_ffe91d6f0bd93fc6,0.738724791199837
ck_fbf630c960194033,0.5366469749439804
ck_497ed60723283c0b,0.28270523528213487
ck_2a46b7ca55239413,0.4213485434915461
ck_1a4e5ace078dd782,0.6999388877571806
ck_616cc31910f5de50,0.29627215318802197
ck_0d65bc749eb42710,0.2775310653900998
ck_2408db62e4395ccd,0.16056223263393768
ck_5d7721930106dce8,0.44734161743736
ck_e8a6acea22b20312,0.8433082094112855
ck_e2f792fae128b18e,0.7910776125483805
ck_e6d3ce445b86003f,0.21067427174577308
ck_263334d722ecbc97,0.9589325728254228
ck_8c5b29f6666d4874,0.2509676105113058
ck_7ea0bf310fc20c7b,0.9399062945610104
ck_54d463f7fd89ec3d,0.5100020370747607
ck_79e45040dbdd6447,0.8223670808718679
ck_60b4d59953505682,0.9515583621918925
ck_fb00dd5021642507,0.3857812181707069
ck_f409ff994a210601,0.8677938480342228
ck_2ca0020038bfec58,0.9511509472397637
ck_adf84b9df54c3d80,0.7433693216541046
ck_942dbf632591b65d,0.6576492157262172
ck_454a7e4d859a3409,0.12002444489712773
ck_2139062d4569aa07,0.3140761865960481
ck_e949a0f4df0b3902,0.9469953147280505
ck_bb113e3e6716ed65,0.785414544713791
ck_6a28ea6ce69cb869,0.7237319209614993
ck_7df9910af2bba21b,0.08506824200448156
ck_78aa4b731cbfe251,0.3322876349562029
ck_5839f5cbd8165b1e,0.6425341210022408
ck_7158ad9e58769ffa,0.7645548991647994
ck_acee218cbe61df69,0.6627826441230393
ck_f8dc8473c2772729,0.9005092686901609
ck_f34c93a8173555b1,0.921572621715217
ck_7cf301d075e4e709,0.41576695864738233
ck_b87e88ee5512ea17,0.2884090446119373
ck_bed0c020b10afa3b,0.6067630882053372
ck_ca10102961f99eb4,0.1825626400488898
ck_393287947b5c8d79,0.5784884905276023
ck_2fe6cac002142f67,0.49537584029333875
ck_79c7f0d29b1db1cd,0.6171114279894072
ck_c735b643d3cbf67b,0.5723365247504584
ck_ea4332c8fe48e2a3,0.5799959258504788
ck_d39864119cdd460f,0.08221633733958036
ck_3b963d6be2773861,0.18574047667549398
ck_df39e3b8a9fd0bfd,0.9649215726217152
ck_6236a461dc0d11a3,0.2450193522102261
ck_475ebccca25e30d1,0.33016907720513344
ck_c10c8bcf5bcd516e,0.5870849460175189
ck_49ccc3716a564256,0.20191485027500508
ck_4e4f99102f6938cf,0.10380932980240373
ck_a97b481ade6f7972,0.49223874516194743
ck_3fa559c679751b3a,0.6362599307394581
ck_3eba1fd2c7acc4c0,0.9170910572418007
ck_18c179b4afc4fccc,0.23169688327561622
ck_cc1c0b93d05b7d20,0.8313302098187003
ck_742f7c28ddd019e8,0.640863719698513
ck_04470bc93b8a0d71,0.2057445508250153
ck_6e8f8ef7a03cc6bf,0.7442656345487879
ck_eb1ddfc353b4da83,0.3205540843348951
ck_98831b57c7ca2e4f,0.18052556528824606
ck_a6c7b8d6e8596d4f,0.23613770625381952
ck_cd7d24e3b095e96e,0.789284986759014
ck_3f5ae4673a9f858e,0.6627826441230393
ck_05f375fc8ae0afb0,0.4597677734772866
ck_1fc98436281ee39e,0.06665308616826238
ck_6c48c58678f64bae,0.09162762273375433
ck_8c95aeec6a4c75b0,0.33302098187003465
ck_364cde38958b7af3,0.9104094520268894
ck_85bf21aa1a00452f,0.24921572621715216
ck_796d3eaabc667c23,0.9898961091872072
ck_ac449ee0c315edde,0.05781218170706865
ck_6f9fd15ac6b163de,0.2060704827867183
ck_4087065be2a45ad7,0.7709105724180078
ck_ecf006bbc78ee3eb,0.8821348543491546
ck_8ca808cc5a49cb5c,0.4341006314931758
ck_94b90ab8b2dfb50f,0.5521694846200855
ck_59fd11b3232de9dc,0.9683031167243837
ck_67f3794d93e2dd67,0.8800977795885109
ck_b7f5acf5df1bb13e,0.26555306579751475
ck_fb04ecbaebb774bd,0.8566714198411082
ck_68ef3e7301c621b7,0.6116113261356693
ck_41406cfa209b6bda,0.32153188022000406
ck_b0f8f5408662337b,0.06046037889590547
ck_0d2901bfe585c391,0.8747606437156245
ck_3398551e81dbf3db,0.7643104501935221
ck_61c3e3e277629646,0.5257282542269301
ck_2825e34dd3e7ea2a,0.07378284783051539
ck_20d7571ba830009d,0.5643511916887349
ck_c98b16f9a72a6568,0.0036259930739458135
ck_e7c8a9e4641eb9ed,0.3482990425748625
ck_254a7c97c36dab8d,0.627907924220819
ck_e98429675b46272b,0.013689142391525768
ck_c2fc0ac460786d02,0.8027296801792625
ck_fba15647b3a140d9,0.5816255856589937
ck_15ce50f2704227be,0.4884497861071501
ck_8c748aaa4a4554f9,0.6012222448563863
ck_e00e82a9419ff086,0.8064371562436341
ck_832341c98254bd84,0.7029537584029334
ck_27466468d06db4eb,0.6576899572214301
ck_9d7b9e3ff1f3e71e,0.0854756569566103
ck_42c6973d3a6fe983,0.2388266449378692
ck_877c85bad118bc62,0.8024444897127725
ck_75d2a2715259c4d7,0.40537787736809944
ck_37d3e5c681a2214d,0.9141169280912609
ck_bf285dd49f372de4,0.6483194133224689
ck_a5bdd026fa9c50fd,0.3593399877775514
ck_88d9244a9cf7a77e,0.929028315339173
ck_5881b174e49b04ee,0.21132613566917904
ck_5b16d67c5ea89930,0.3843960073334691
ck_b75b936aafac56b9,0.5512731717254022
ck_aed2681e1646a0df,0.7551436137706253
ck_f63cb5e8cc702bad,0.8542269301283357
ck_1805fcfc4a9e4ffa,0.9487064575269912
ck_25c355da356c730d,0.4992870238337747
ck_70396398e4a96449,0.37184762680790384
ck_0f743bd13373748e,0.8882053371358729
ck_4b387765f0e916cd,0.0628233856182522
ck_e971faae8a10a260,0.34838052556528826
ck_9eb08369e983abfa,0.08462008555713994
ck_c30c5844512e429f,0.7734772866164189
ck_59e77e3a81f1fa0d,0.34935832145039725
ck_ca4465f2b5c1a52e,0.9881849663882665
ck_c89b9ca398402f1e,0.2225707883479324
ck_36e72ef9273e7a95,0.2965166021592992
ck_2bdd8616870e5e1c,0.11289468323487473
ck_216e87a41de22b5d,0.5883886738643308
ck_60f4fb44f5efe3a0,0.17290690568343858
ck_05652e8ace6ce6cb,0.19201466693827662
ck_8c136dc691e65695,0.07353839885923813
ck_a08f8dfadbdca112,0.5505398248115705
ck_bda4041a3e90d860,0.5854960277042167
ck_15dd3ecaa8ce0245,0.96598085149725
ck_3e3c64b3b7876ce6,0.6673864330820941
ck_46225858a38b2e57,0.0799348136076594
ck_0cb9f54928f4feee,0.5248726828274597
ck_152671fbf8a9a78e,0.7713179873701366
ck_ee7a515e87d17d4e,0.704705642697087
ck_f7276091bf513d22,0.021470767977184762
ck_4f05daf1cf0d5755,0.058708494601751884
ck_83a69c4a5d55ef19,0.7259727031982073
ck_c50fed2a7c9198c0,0.6777755143613771
ck_70d19d5650ddc8f5,0.552047260134447
ck_4b4d99e443618904,0.5539621104094521
ck_dca0b6ca93311ca2,0.9013240985944184
ck_b7431d4706461ec6,0.5667549399062946
ck_7b59d22cadef3b05,0.849623141169281
ck_53428573abcd606f,0.5803625993073946
ck_f538ab6aecf2adfd,0.0488490527602363
ck_d321249fb065d2fa,0.8816052149113873
ck_72fdfc7e6d8e1436,0.18125891220207782
ck_b52b99dad89ecdfb,0.7144836015481768
ck_d2d4282f9d256b3e,0.49981666327154206
ck_c8f2a1dd8a6141a4,0.16272153188022
ck_8d38747058d0aeea,0.953962110409452
ck_3ac528caac74f563,0.38944795273986554
ck_8dbaaa00ad829ca9,0.4980240374821756
ck_7c38ec898f0fc21d,0.3793033204318599
ck_8171ef803f5ff604,0.2967203096353636
ck_01a750db6fc1168a,0.9057241800774088
ck_ceb017baa26e98c8,0.8138113668771644
ck_e2c66c72cc0b0f78,0.928050519454064
ck_8d9518f64b222416,0.5489101650030556
ck_804c5a1fa5753617,0.3002240782236708
ck_fca7cc9c42695453,0.4403340802607456
ck_3a632cdf2c19051b,0.7273171725402323
ck_b2b63ea65edf1dde,0.4691790588714606
ck_27b07021500ee841,0.6519046649012019
ck_9724718fe64c6557,0.982521898553677
ck_2786cbc3e75ec034,0.9070279079242207
ck_d9c2622cb6df380b,0.2282338561825219
ck_ae1da8ee98e402a4,0.5111020574455083
ck_62967b91504149f9,0.3529028315339173
ck_6b255bf68709109a,0.462253004685272
ck_c55afc68421d85e2,0.14866571603177836
ck_7c7266f6ef2a8466,0.764351191688735
ck_885cf685a9541190,0.9759625178244042
ck_1a4bb7d3d2ee3227,0.34365451212059483
ck_b4911c42f3bff740,0.027378284783051536
ck_66f9f78d4c6a3edb,0.762680790385007
ck_49bdba9ee1899dfe,0.6451823181910776
ck_79b235d51718435d,0.7521694846200855
ck_d840db8cfe2ef6f1,0.022407822367080873
ck_610c7bcc1cd7ecb0,0.45744550825015284
ck_cf49b6544aff6c50,0.896924017111428
ck_de05f97c3d40dd1b,0.5972295783255246
ck_0302f67d75973dce,0.27651252800977794
ck_54c2604c9ca6256b,0.6204114891016501
ck_a1c88c0568f142d0,0.8527602363006723
ck_5d72ff6cc2963d1a,0.670319820737421
ck_0446920a1004c596,0.022081890405377877
ck_71044c29ef071570,0.21161132613566916
ck_2122e9bb1afffef7,0.13432470971684662
ck_d1e3de178601d3c2,0.7896924017111429
ck_bec8324a3587ef04,0.1722550417600326
ck_b616b6f45225f319,0.6950091668364229
ck_ce1e695884511479,0.47455693623955997
ck_a662b4bf900781e4,0.03984518231819108
ck_b5a84c5547378c10,0.08176818089223875
ck_f80af368cfc6cb7e,0.6504787125687512
ck_da3526ab6c5c884a,0.6912202077816256
ck_bd20be9a3392d79b,0.2664901201874109
ck_b8266dcd90cbfa62,0.029700550010185373
ck_ac84b33304362c06,0.6660419637400692
ck_794d8935a895e33f,0.7644326746791608
ck_8fea7d915259f1be,0.4388673864330821
ck_7a1519ad5ff45312,0.09350173151354654
ck_9bf3ce30b65f75c7,0.5884701568547566
ck_5f864d72d1eead99,0.8863719698512935
ck_3c48e0cfc2a58041,0.918679975555103
ck_d902183f80cc81fa,0.46131595029537587
ck_539cb0d117db8cd3,0.8963536361784477
ck_28f530aec8e77130,0.538724791199837
ck_e7d903c50d353361,0.7577103279690365
ck_d288b77d1e227970,0.5867590140558159
ck_017208fcc01b5d40,0.07679771847626808
ck_7e3923d278a5106e,0.6157262171521695
ck_9700a00ff9e66216,0.3445100835200652
ck_5c36c78b7a4d138c,0.627867182725606
ck_c457e9c9224b773d,0.6602974129150541
ck_1dfa91405d7e66bc,0.41311876145854554
ck_f1d8a2695a575e56,0.18297005500101854
ck_3b92a46daf8d00d2,0.3884701568547566
ck_aab23b5470469649,0.13346913831737625
ck_ecdd01a391610d99,0.17368099409248317
ck_abd3aa292f8edb4d,0.5016092890609085
ck_7fc9a0776e1339e3,0.162069667956814
ck_c0389ebeb0e65cb8,0.06665308616826238
ck_48d0fc4f6a2109fa,0.9898146261967814
ck_571dee4f3336c7ce,0.5213281727439397
ck_4cedf26628c84f26,0.7416174373599511
ck_63356762d24aab81,0.5768995722143002
ck_2c5bc11bb7ae5d2c,0.9675697698105521
ck_6d26a152f900fee8,0.21258912202077818
ck_c972b0e781efed3b,0.163047463841923
ck_fa0ecbcf9a33d6ce,0.4459156651049093
ck_fa3a766e49dc77ae,0.611000203707476
ck_7baf1e55db0dc558,0.5641067427174578
ck_e8bc49e6494c1f37,0.6488490527602363
ck_8ef1d05cc1e53e7e,0.6304338969240171
ck_cef2a485a77e0723,0.12173558769606843
ck_228a583f23abff48,0.5488286820126298
ck_ac32c6e374782b27,0.7190873905072316
ck_b9485218cef413f0,0.47671623548584235
ck_7f15503048915d6f,0.24526380118150337
ck_b62f5144db15ad34,0.8831533917294765
ck_917d82c552f95a23,0.5089427581992259
ck_fb4797045077bc6d,0.23198207374210633
ck_2cf8a44e041217de,0.894642493379507
ck_b7dd681eb3d2ee38,0.7269097575881035
ck_e9e8cacd2fa35e79,0.3460582603381544
ck_342a79f91de5d1fa,0.6707272356895497
ck_2c91f62c05685ed7,0.6326339376655123
ck_e30cb64302939f38,0.7724994907313099
ck_d0e95b90ba86da10,0.19482583010796495
ck_1774faf414a5d49d,0.9522509676105113
ck_2401e8ff89e574fd,0.9566917905887147
ck_0cd8802264e0a1ef,0.4822978203300061
ck_da84a0dfe947fd3c,0.27639030352413935
ck_c8affb27ba7fb5db,0.6965573436545122
ck_bc7ece8787ca7200,0.43503768588307185
ck_469a0578d05990c2,0.003951925035648809
ck_eef67f8dea702338,0.4196374006926054
ck_4f490e379e9ded9a,0.2864534528417193
ck_354379de065a8ff8,0.1435322876349562
ck_5db1cb368bc41ac3,0.18582195966591972
ck_9b1c3742dd6fcb8b,0.48641271134650643
ck_63ce4f44c92d7143,0.6281116316968833
ck_e15e3390f5ed45f3,0.7608881645956407
ck_da645ea91d66aa6f,0.9152576899572213
ck_834ca727df855f07,0.643104501935221
ck_e1d5ad20c737c745,0.8651049093501731
ck_ff8059ae5fa5f1ee,0.012222448563862292
ck_8bb9e75393954a1f,0.10617233652475047
ck_4e1757d1347ab387,0.9924220818904053
ck_af3f74b1d75a5d95,0.4546343450804644
ck_6b1ab0742ff04c3e,0.5525768995722142
ck_f56073911c9f1ab7,0.28759421470767976
ck_51bd5f69b4fe0b92,0.9516398451823183
ck_fc3d95030b81f416,0.0176003259319617
ck_cf78169633a1600f,0.2288857201059279
ck_ad7269eaa65c67f9,0.12487268282745977
ck_cc6d33890d47a6cf,0.48722754125076395
ck_bc8f31f4a2ffa1ae,0.4033000611122428
ck_720776a46e56dfa8,0.5104501935221022
ck_e2d1f212f259539b,0.4484416378081076
ck_eaf6f7082c3db2bf,0.7921368914239153
ck_773efe58c6278c3c,0.56598085149725
ck_c4a72c09f2fdacc4,0.18977388470156853
ck_8982888dd6611143,0.12116520676308822
ck_9d5049e195eda029,0.31167243837848846
ck_de58ef6f9fe2b546,0.5933998777755143
ck_c0b50c11e4f5adf7,0.7229170910572418
ck_ddaf228487858bb8,0.6153595436952536
ck_eb2323215ff70362,0.47133835811774294
ck_168c96a1a636ea15,0.6765940110002038
ck_9c46711b14d9eebc,0.2791607251986148
ck_de8af660806b97b5,0.07785699735180282
ck_6ab83f45bf16eaa6,0.46461601140761866
ck_bf2228a052815840,0.6162558565899369
ck_3f943f20a9da9bff,0.722876349562029
ck_3baae40454c00938,0.19115909553880628
ck_bc2e771a1d8d2dee,0.7241393359136281
ck_e55f5ca37f30ce8c,0.13147280505194542
ck_4ad5937bef176d89,0.25911590955388064
ck_126531a9126c17c4,0.3422693012833571
ck_7ec423cb56257516,0.2625381951517621
ck_54748ae0f2daaf10,0.7082908942758199
ck_ff24776280ceeeed,0.6635974740272969
ck_3c3a1a1365741bba,0.13159502953758404
ck_615277c8a4e2b18b,0.1067427174577307
ck_a96aaef34173aee6,0.9442656345487879
ck_bea56db7f3e930e8,0.24383784884905277
ck_ca491debd3b32a59,0.6648197188836831
ck_d9ea77f4114a389c,0.27353839885923814
ck_322ffda3332d08a2,0.43898961091872074
ck_c40ffefe4e30b001,0.3984518231819108
ck_3b1d7648d4580bef,0.35493990629456107
ck_23981a3261674131,0.35261764106742716
ck_11667f5b9fac7bc7,0.10564269708698308
ck_646bb3c7be5f0817,0.19845182318191076
ck_ebd0a45712dcf07a,0.0854756569566103
ck_baf43bf1bd963f9f,0.7970258708494602
ck_e0ca2c819658f6b6,0.9927480138521083
ck_f0d6633d0834fff5,0.7145243430433896
ck_91081be0254878a5,0.6711753921368915
ck_1325000bc7f35b5e,0.13546547158280708
ck_c624b9063400fa3a,0.8077001425952333
ck_0ad6fa0e23c3bd0a,0.7522509676105114
ck_6ddb55b1f23c6cb1,0.5206355673253209
ck_dce1fb3acd65562f,0.4074964351191689
ck_a9aa389688ee5aea,0.2634752495416582
ck_5c5284c45d9ad8bf,0.8153188022000407
ck_9ce743dd3e92549c,0.41495212874312487
ck_8342e08cc2f9bcb7,0.11269097575881035
ck_25e551a0a8d2fcc2,0.7360765940110002
ck_d4fd0e438c97e0c7,0.8970055001018538
ck_ac7fe1c344190c50,0.3589325728254227
ck_ddd65711b5651f89,0.13839885923813405
ck_ec7406cb5cbc8f10,0.33774699531472807
ck_1c65e8d5be3b9c60,0.8875942147076797
ck_38ee42f15a573e81,0.5885516398451822
ck_0e5385c70c6de025,0.6303931554288043
ck_d3137f0f7629040b,0.6268079038500713
ck_9129c92c12e0c8b4,0.11920961499287025
ck_c86520a00e50a926,0.823018944795274
ck_87f82b2b5fee757a,0.43218578121817064
ck_643abfbd7548d0c9,0.7654512120594825
ck_be51f4e5e6b85768,0.8696272153188023
ck_132c16312f37810f,0.20562232633937666
ck_c78c096ca8cb33ac,0.4499898146261968
ck_2ce5afbc014763b8,0.3986147891627623
ck_50ed8f4e7ae6710f,0.44542676716235485
ck_5a4eb535c9a11993,0.6051334283968222
ck_9b665ef46d785324,0.09590547973110614
ck_e066f71f8b296b7a,0.42179669993888774
ck_560bc6017870ab06,0.2239559991851701
ck_fd78f8a8663646d7,0.2829496842534121
ck_4af5ec61ddbde1a4,0.5276023630067224
ck_c2ed04a9d218410b,0.10140558158484417
ck_2455d43bbdd2bb69,0.45972703198207376
ck_56eed7041add49a1,0.9235689549806477
ck_5f0be7b468a72333,0.02090038704420452
ck_19660cec756632ca,0.22289672030963537
ck_fb90408f4892a21f,0.7789773884701569
ck_833a65b86a5d9bda,0.005988999796292524
ck_2ac36e1dff211d38,0.6164188225707883
ck_c00e70606904539a,0.15514361377062538
ck_ba8affe4b9505a95,0.953350987981259
ck_0c3dd22587b08018,0.900468527194948
ck_618c4e5cfae99dcd,0.8765532695049907
ck_c9690baddfc4177e,0.2789162762273375
ck_59fae092fb0c4aa3,0.229170910572418
ck_e03b7d0fa0b28f4b,0.11167243837848849
ck_d451d24c780b5884,0.2020778162558566
ck_e980d325b8dbb8dd,0.258667753106539
ck_cff18e2d8c520272,0.24550825015278063
ck_a0e46b67e986ab56,0.4888979425544917
ck_3a469039a5b9d963,0.38639234059889993
ck_12cbb211ebd2b437,0.7771847626807904
ck_b8cdd6d6dccc4554,0.22664493786921977
ck_794ba5921cef50c9,0.6120594825830108
ck_2c7667f64edec2b5,0.06608270523528213
ck_7262b4e0c29c942d,0.2952128743124872
ck_5d818522cbfe2a54,0.6889386840497046
ck_de39c1947fb675ee,0.7224281931146872
ck_c021495606b4735e,0.4250560195559177
ck_1fc03ba33edd9e67,0.4616418822570788
ck_a6fe344bbf67f14b,0.4038297005500102
ck_963762210edc5694,0.773436545121206
ck_d064428b7e7dc409,0.590955388062742
ck_59be61b53d971611,0.4161336321042982
ck_ec8738ec663cd2eb,0.8912202077816256
ck_59d086fab5998646,0.5095946221226318
ck_bd32dd3b2cbb7888,0.9983703401914851
ck_ce0166addb93bbad,0.10886127520880015
ck_7c0fdfbb447cdc04,0.6700346302709309
ck_cb1bd7635968ed8c,0.6838459971480952
ck_66f94903177f20eb,0.3492768384599715
ck_1d7cd5dcbcdafd7b,0.930332043185985
ck_5e418a7c04437b4a,0.5522102261152985
ck_631ea1ae91ab333e,0.5076797718476268
ck_0a8029e79a5ae7ce,0.6107557547361988
ck_c4cca8278bdad9b9,0.14886942350784274
ck_4dec3df58077a257,0.863515991036871
ck_609c249edd88c565,0.3166021592992463
ck_02e5f9cbbbf2f078,0.6589529435730291
ck_32e486859130458f,0.9592177632919128
ck_21ed2ea6386c5a07,0.06714198411081687
ck_1242aa4496576a99,0.2974536565491953
ck_475ea9aa6d3898b7,0.6801792625789367
ck_fe1b1adae3be70a6,0.9612140965573437
ck_c5414d7a8031d4f5,0.5094723976369933
ck_ca1f6f01868e978f,0.4468119779995926
ck_5eff0208c74ec714,0.32263190059075164
ck_a315c9619a317609,0.6061112242819311
ck_2b87683c90acb852,0.43165614178040335
ck_7cd9f39c50748ed0,0.30609085353432475
ck_16a06d58d71935bc,0.8571603177836626
ck_d116e0e7c19b878e,0.9137095131391323
ck_931510e384b1d0cb,0.8062334487675697
ck_e7651fb87bb24132,0.12255041760032592
ck_88ef9f85948e1a01,0.30270930943165614
ck_17bf38d51115a8f3,0.5608474231004278
ck_2659d1d3762a2825,0.4039111835404359
ck_a7285955e2852686,0.2941128539417397
ck_f2c33d5b65b321db,0.5077205133428397
ck_83e5979334345622,0.7379914442860053
ck_629537d8b4d0f395,0.33538398859238133
ck_72022008a92c9386,0.5795885108983501
ck_2973b8274f0bf69b,0.692727643104502
ck_565e3418d2f4061c,0.22008555713994704
ck_54bb53b8f8ea32ae,0.9900998166632715
ck_af0a6540ea7a36b2,0.23740069260541863
ck_888651bfc2c8cf70,0.10629456101038907
ck_1dedcb48ac381a1c,0.7983295986962722
ck_f73273e220296be8,0.7914850275005092
ck_8424bf65223a5a9e,0.15424730087594213
ck_337b930fd149a696,0.35053982481157053
ck_8a4952de8a123ef8,0.22778569973518026
ck_884168153c9c0c81,0.05267875331024648
ck_fdda581aec411010,0.07284579344061928
ck_2b7cadbc8b180d32,0.9417804033408026
ck_8aa8b9968233a1ab,0.15893257282542267
ck_0af18b3ce015d294,0.2894275819922591
ck_8dde670a735d1e90,0.8973314320635567
ck_62f46226f244139f,0.7076797718476268
ck_f948e8a8fdd79b4e,0.6488897942554492
ck_fa00aa0f3e859904,0.7689549806477898
ck_fc7935f784a4f249,0.14222855978814425
ck_e7501307c0698e5b,0.33216541047056425
ck_549ed417f2834cee,0.45190466490120185
ck_fb2a35571ec719d4,0.9558769606844572
ck_25822068c86c856f,0.12788755347321246
ck_8f35d229b62c8f23,0.4380525565288246
ck_bdcf049c1e7d0c95,0.11248726828274598
ck_0aa9db36eb16422a,0.3300875942147077
ck_42dcf92e9e016922,0.5629252393562845
ck_42341cf31c08c981,0.17469953147280504
ck_0b20bfc515ba42a2,0.6846200855571399
ck_0ec820b670d48098,0.12039111835404359
ck_1f0bafec397da8e4,0.5153799144428601
ck_82f07504ab59ed33,0.8659604807496435
ck_337b24a474010abb,0.9892849867590141
ck_703703bda38fdcf8,0.2838052556528825
ck_01e7960c63dca3a4,0.9618252189855367
ck_be5bd81e3715cb8f,0.9718883683031168
ck_197f8058cea1fbea,0.0637604400081483
ck_eb3fb1106f2f1b21,0.5879405174169892
ck_658b4b54be09a4bc,0.9794255449174984
ck_266ce7ccf41ccc50,0.48421267060501116
ck_110608c3b03d4038,0.9362395599918517
ck_1be8cb95d6d9bbf8,0.1895294357302913
ck_8e16a64a776afa82,0.880382970055001
ck_34bd190d37eda534,0.7360765940110002
ck_4f521611ae14ae66,0.12193929517213281
ck_d839798f9520363e,0.8459564066001222
ck_d1bbfd246c0ac9d5,0.7196577714402119
ck_f19030e6e85a6776,0.8238745161947443
ck_cdabe60ab59f9d5a,0.1299246282338562
ck_bb84b2b30293f566,0.9328172743939702
ck_427b91925952cb40,0.8218374414341006
ck_1078b1e155b5b640,0.39392951721328173
ck_95fdc264eac72fa0,0.4968425341210023
ck_e35eb857c61548b2,0.9887146058260338
ck_69bd0b1abea7e1f0,0.9207985333061723
ck_59de511b20c842ba,0.7090649826848646
ck_168e7ea341a36b80,0.5312283560806681
ck_4937cfa6526ea138,0.5586881238541455
ck_bb1a981306b750ac,0.8349154613974333
ck_f42a43e4c3f34ccd,0.5823181910776125
ck_c7ae1d4b3ab38185,0.1912813200244449
ck_bd23cf9bba1dd33f,0.7582807089020167
ck_0fd826fad7ec7cd6,0.43955999185170097
ck_f143641bf3dd0414,0.7567325320839275
ck_ad6d48c20a3688a7,0.11790588714605825
ck_7bda5b5b927b2905,0.86775310653901
ck_a337eb38eefdcc88,0.7004277856997352
ck_403da2a2d800df9f,0.8673049500916683
ck_aa01d5aafde73d0a,0.12344673049500918
ck_494954023f0eb309,0.8763088205337135
ck_1c6820fc38135ad9,0.6452638011815033
ck_0e0bab173622db9b,0.7577918109594621
ck_547090bf35a3b243,0.6941128539417396
ck_d69455220b21dc9b,0.6392340598899979
ck_90b4ac695b9c6bf7,0.09048686086779385
ck_8d2afe17c0082e6a,0.7477286616418823
ck_926b81c0ba528eee,0.8256671419841108
ck_ce36b0c287bd198e,0.5817885516398451
ck_8026e017909aaa6c,0.48132002444489713
ck_dfba788f35d4c372,0.07512731717254023
ck_f09f9d0e0886e0c6,0.6906090853534326
ck_4ffe0366df388604,0.5904664901201875
ck_75bb521de55644c7,0.14218781829293137
ck_81a960fddf79ecf1,0.9803625993073946
ck_8f43459991ea511f,0.2848237930332043
ck_f878b68d66fbfd4b,0.7093501731513547
ck_e84abfc0c747c9dd,0.9757180688531268
ck_3ad3fd3cceb56b66,0.9610103890812793
ck_7cf562578c7f158a,0.13884701568547567
ck_f81a97d350397306,0.7599103687105317
ck_255d87b7fb40caa5,0.6026074556936238
ck_b3905153b9eee924,0.8157262171521695
ck_2c80a592fb4cd6a3,0.13949887960888163
ck_57deb202d4188a29,0.061152984314524345
ck_e3cb5f31d8e94448,0.9863515991036871
ck_0db62d5f7f75f80f,0.4974943980444082
ck_ced9163ea85589ea,0.9291097983295988
ck_e16528edc694fb33,0.9826848645345284
ck_78cc5ec4940fec3b,0.4535750662049297
ck_31742076e9a998f8,0.8239152576899572
ck_5ac335f02280271e,0.690120187410878
ck_7cc2e091806cfa5b,0.7661438174781015
ck_3152c7115257f084,0.1268690160928906
ck_ab1b9d019921bca7,0.3117946628641271
ck_c33a762d98f9b290,0.5051130576492158
ck_b16a7c51b6f7a6b1,0.6361377062538195
ck_97402a153348e68f,0.05720105927887553
ck_95391029a21caa24,0.6754125076390304
ck_c2015a1200971fe9,0.6382970055001018
ck_ed4427962c68918c,0.956243634141373
ck_c5e4a17d3efb19a4,0.9137095131391322
ck_8aec3d3dd51517c2,0.32287634956202893
ck_f5178a658225d8e4,0.19743328580158892
ck_8594f165e95316d2,0.1286209003870442
ck_f0c4aac04076a6dc,0.27386433082094114
ck_ac2f7397801036ef,0.5402322265227133
ck_d1ea4bcc407c7d5e,0.12010592788755348
ck_cce8b6657a538fe0,0.37677734772866167
ck_66d0c6d6b67a8d58,0.4206151965777144
ck_1a6b30320835e57e,0.577958851089835
ck_8cd274cc85aa35d1,0.520268893868405
ck_ada46085a78280e4,0.5243023018944796
ck_ce1b06623e4a815e,0.3237319209614993
ck_45e70c8a9686580c,0.8596048074964351
ck_0084d8ab6b1044f3,0.33481360765940116
ck_a5f7b6fed6df2aba,0.8305561214096557
ck_94940d783e7988e6,0.7839885923813403
ck_00f9ca84d1d8ae7a,0.1823996740680383
ck_0deb56f3f6452818,0.38097372173558774
ck_a58e900469dfc3f0,0.46327154206559384
ck_028c41b195280980,0.050030556121409664
ck_7661d7ceaeb19f97,0.1952739865553066
ck_6957905a65c47879,0.3334283968221634
ck_f7c6c26ef3c4ae06,0.6292523935628438
ck_8777beb11aabd66d,0.5485434915461398
ck_7db098a17374bbf8,0.9724180077408842
ck_66aeb00e44486cda,0.8489712772458748
ck_838c52cc1d315ec3,0.19022204114891017
ck_1745847cd4e5dc83,0.7992259115909555
ck_201687857ec8b3cc,0.23845997148095338
ck_81818169208a8cda,0.5507027907924221
ck_3303fd3f64632c7c,0.776655123243023
ck_edf1096809e83ef8,0.22607455693623957
ck_235ce9603c7dccbf,0.7737217355876961
ck_9df7e153868bca13,0.2867386433082094
ck_3cfeade2cf270fee,0.14263597474027295
ck_982b0bf2e2b6c4f7,0.15803625993073947
ck_faeb0da678bb86c0,0.13852108372377264
ck_e86ad2fe815b6ed9,0.5689549806477898
ck_70d69e5d1bb99e85,0.3851293542473009
ck_7e9a8924eab779e6,0.9596251782440415
ck_019d5891103e7da3,0.42187818292931356
ck_14f0484b3817eda5,0.4055408433489509
ck_85de63d278f0fbae,0.05398248115705846
ck_ae91b4cff57fb3bf,0.15762884497861074
ck_2a6d43b9f883b78e,0.9365654919535547
ck_7a4e3d553e8ab5b7,0.7629252393562844
ck_fdf89dc69f700f84,0.797759217763292
ck_f92e04024bf13558,0.2704827867182726
ck_4a522ca2dc4831a0,0.03955999185170096
ck_68ba25dc3385fea1,0.6774495823996741
ck_22128a4f0d033422,0.6425341210022407
ck_5b52ee0a13c71590,0.43776736606233446
ck_59472d17debedafc,0.24583418211448363
ck_9dde2c63acda3ba3,0.13807292727643106
ck_7510b1023cd08531,0.656712161336321
ck_071ddaaf2e4e3671,0.21385210837237728
ck_1355db6f4010232a,0.7505398248115706
ck_0a7adc2f27f98510,0.5964962314116928
ck_68250033717cd59e,0.06856793644326747
ck_7c12de74de30b788,0.9198614789162762
ck_65491367584c730c,0.4151150947239764
ck_e9047964952bee70,0.8134446934202486
ck_5567779d6ba184eb,0.696557343654512
ck_d6ea026357ec6477,0.7181503361173355
ck_cd7dcc884e283746,0.5910776125483805
ck_0bd77fea8ed75a15,0.20362599307394583
ck_e80883208e8d0453,0.7368506824200448
ck_2ad0ecbacd5acf8e,0.9761254838052557
ck_6c1dbee7e8fdd5c8,0.7709105724180078
ck_ee4d9a7449515908,0.1717661438174781
ck_636111f7f030496c,0.4415155836219189
ck_2c629c657f73941f,0.8088409044611937
ck_c1c9d3842d758420,0.7546139743328579
ck_e4df7faacdfe8c40,0.6750050926869016
ck_94e8142728e44380,0.8074149521287431
ck_765aaf42c5088545,0.3951110205744551
ck_e0f845159b6e6a4a,0.4761458545528621
ck_5bc07deb82edbad7,0.215563251171318
ck_713159c5c6a7a4d0,0.9947036056223264
ck_b08afc91d9ca55db,0.6489305357506621
ck_a7bc323ffed2ea97,0.8895498064778977
ck_85ca825f905a34a1,0.6319413322468934
ck_33160c443d4b3f19,0.4175188429415359
ck_832d39c590a3ca75,0.9573436545121206
ck_7d1661a34164406e,0.9370951313913221
ck_c2466fc40fc9d5ed,0.9925850478712568
ck_ed0e776c0926ce67,0.8970055001018538
ck_cdd2ebeec75bfa69,0.9650845386025668
ck_d7877684c7923ec3,0.40183336728457936
ck_7384d4d2406aabf4,0.41161132613566914
ck_b8e5244e650aa81b,0.6895905479731106
ck_25a1ea40b2d59254,0.0934202485231208
ck_b9e5b318ee4de68d,0.4654308413118762
ck_620d7ae27af83cea,0.3914442860052964
ck_40b4e264d1a12b83,0.9424730087594215
ck_b694c803b62862b3,0.02033000611122428
ck_cbeca201dbade3e5,0.7841922998574047
ck_f9b439c9161c3e52,0.31183540435934
ck_9880410fcd10a28e,0.4371562436341414
ck_74928f5f91aa12b2,0.5914035445100835
ck_b6673bbe61d2680d,0.7187207170503158
ck_53c8315b5c30acb4,0.20354451008352006
ck_78f01d78ea79642f,0.3414544713790996
ck_8582490d6e365a63,0.5174169892035038
ck_af25c72d16299258,0.017437359951110204
ck_7905fe8e257b0449,0.6941128539417396
ck_0d16d9349e4a9e08,0.3985740476675494
ck_31b16b8848584e98,0.5955999185170096
ck_67207e3eecc02d76,0.7647586066408637
ck_e6b95ff91116a592,0.214585455286209
ck_c08f622bcd6de6e7,0.14789162762273378
ck_f9a68da9e0f0bc85,0.5862701161132614
ck_4072b59388976896,0.31680586677531064
ck_8ec86e853ad52828,0.8111631696883276
ck_4fecb87eaffd5cb5,0.3047463841922998
ck_d6880578428b965e,0.8699124057852923
ck_bfc82b3c1c9f2897,0.9490731309839071
ck_c340644176ca03e7,0.4538602566714198
ck_321e740066fb05c3,0.9193725809737218
ck_8929d2eb09872052,0.5032389488694236
ck_205c107cec528414,0.9542065593807293
ck_e76db7d2562f9836,0.3450397229578326
ck_9ede51c8434cff6e,0.5723772662456712
ck_492e4b89c61b7b6c,0.5406803829700549
ck_9385f5a1eeebefcd,0.5183540435933999
ck_ee52c7bf88f952ab,0.22843756365858625
ck_d8116c34302021d7,0.16524750458341822
ck_01645ea51972e99a,0.7143613770625381
ck_7b45ed23304a854b,0.32605418618863313
ck_2096d32f3d497ea1,0.8656345487879404
ck_dfbb2056f1ef7d3b,0.7619881849663883
ck_938ce30c864bc7df,0.10527602363006723
ck_ff30dda2c881a4bd,0.9249949073130984
ck_f88c79186a082beb,0.7507027907924221
ck_08c7bb0f9851cb76,0.7326950499083317
ck_2675e7a008e584a7,0.34365451212059483
ck_cbaf8a954281d4e3,0.9736809940924832
ck_8b24eadf6c72b30c,0.9304135261764106
ck_ffc8e3c1377d0706,0.3034426563454879
ck_5b59e859bed5b40e,0.6981462619678143
ck_7b61717f172f9317,0.9790181299653697
ck_e5c30947b732f661,0.8837237726624567
ck_bc273f3ce79f7e1a,0.20232226522713384
ck_f69e93388b3028cb,0.8363821552250967
ck_3837ad850996ba60,0.5993073945813812
ck_36d78ff3bc033ee5,0.4675493990629456
ck_5e20953547ba4135,0.8313302098187003
ck_258d661e450ac870,0.09997962925239356
ck_1df66f537496ca59,0.86094927683846
ck_361f535599110201,0.7012833570992055
ck_337e98c69f6e7886,0.6028519046649012
ck_d3d5b2717cfc3913,0.8726828274597678
ck_b1dba768dbe7affe,0.5849256467712365
ck_92d782bd9ce0d1e3,0.7749032389488695
ck_26bd0f8898afc8ba,0.37152169484620085
ck_7916e53daab36745,0.7289468323487472
ck_2caf553b31831a50,0.24493786921980037
ck_c6200734c7f9b2f9,0.9731106131595029
ck_cdc55623cb16e6a9,0.20012222448563863
ck_57849e15b61c43b4,0.7596251782440415
ck_b7af9b2ee0eebbc6,0.3748624974536565
ck_00aa5fc3b3bc66aa,0.835974740272968
ck_9929723f65636c7f,0.988347932369118
ck_8f6cce9f69912983,0.43495620289264614
ck_c422ba389ff00781,0.011122428193114688
ck_9ec7f334604a228f,0.31603177836626606
ck_5d01200ba3341462,0.43336728457934404
ck_2bf10be403849c9a,0.48510898349969445
ck_6ca018259f70858f,0.19295172132817273
ck_a54dc042ebb7c766,0.7417396618455898
ck_79da63fc100830b5,0.2873905072316154
ck_67ab6f9e05c85085,0.5352210226115298
ck_fa80da579ea9afc0,0.3768588307190874
ck_4339f86c87289222,0.9370543898961092
ck_a2299b4f530be0d6,0.9045019352210226
ck_19db0bf788697c2b,0.21711142798940725
ck_fa4211c4d826d830,0.2851497249949073
ck_96100d5e8e051e91,0.0536158077001426
ck_5c3a671883d58b3f,0.0046037889590547975
ck_2d9524787cfe1ab3,0.9562028926461601
ck_47ab8e51e5b3a2d8,0.4192707272356896
ck_c924f36bc1bbbaa3,0.5526176410674273
ck_5c58e7f8fd55e26c,0.04387859034426563
ck_a07e7409d6d5aa06,0.3978407007537177
ck_c8413898f5f7cb7d,0.7470360562232634
ck_577c816b41cab002,0.9810959462212263
ck_9f7807ed64cdb728,0.6255041760032594
ck_495d814d6d6d521e,0.044000814829904256
ck_7aa8bc018c2b003b,0.17229578325524547
ck_7c3a6a82f3c3241d,0.35722143002648193
ck_487f7fbc290e4ae2,0.3364432674679161
ck_e556c4d36aadbe03,0.15331024648604602
ck_7e6569a1b2455cb0,0.0873905072316154
ck_de2924955926d046,0.6706050112039112
ck_73d60b4630e3937a,0.13746180484823795
ck_805ee564bd35ef15,0.561458545528621
ck_0d40961e47797027,0.21087797922183746
ck_f06d00a4f9c87d80,0.4085964554899165
ck_5ef50fb07b6737d5,0.4796088816459564
ck_16541fc15683e21c,0.28694235078427377
ck_09fd43f1b7e2eca2,0.46624567121613364
ck_2a2c336a69b8d68d,0.8464045630474638
ck_2685f38930866af0,0.35991036871053167
ck_298278a9da874437,0.43972295783255244
ck_00bd7803f2530c68,0.726706050112039
ck_c2b4a1d8c0b6c1cd,0.05956406600122224
ck_2acb54ca20c3af6c,0.4717457730698717
ck_e3d4b6f681c783ab,0.76626604196374
ck_f90293f1eba5d7b6,0.903401914850275
ck_e69d27e8965df0be,0.38594418415155834
ck_b7f5d10b427346ad,0.08437563658586271
ck_1ce20e4223a936b1,0.27260134446934203
ck_6b97d1ab90f6bdeb,0.20928906090853533
ck_e30e17db5473c7b2,0.7404359339987778
ck_154c8efb19dee665,0.26151965777144026
ck_6f5bb0c930644cae,0.9962925239356284
ck_9e17699baa83d173,0.6158077001425952
ck_9693b1eb70880205,0.4827459767773477
ck_1e97899875bb427b,0.1938072927276431
ck_558a82590f65df69,0.021389284986759016
ck_18df83242ff3cdbb,0.9460175188429416
ck_80ad4396e1084c68,0.5632104298227745
ck_0a993bc947bab61f,0.6372784681197801
ck_5c2d43ff841632f9,0.13159502953758404
ck_6e4b99fb9725d9fa,0.6413526176410674
ck_e0983999ca26c19e,0.8402933387655327
ck_6573c4947cc8607e,0.7849256467712364
ck_d879d645d6e44207,0.37596251782440415
ck_1375ad9f10688e4a,0.3352617641067427
ck_7501ebbf4e21f160,0.16708087186799755
ck_ca60d61cd4dc3bea,0.22925239356284374
ck_ab9ea095a5c58b4b,0.32381340395192504
ck_23756522b58df5d8,0.21022611529843144
ck_90bc176c43d85fd5,0.802240782236708
ck_908b663b2dda94ad,0.8017111427989407
ck_4df2fb8e4b649e27,0.26905683438582195
ck_5615c6bbdef05291,0.7771440211855775
ck_b62f3e3185251f71,0.04391933183947851
ck_38d1a22850178f33,0.2542269301283357
ck_5b3ba20c8bb1383b,0.35062130780199635
ck_5576ffc6aaf6f22c,0.04176003259319617
ck_cf7a022178165e56,0.12075779181095947
ck_f2c7a4c50e2ede96,0.7350580566306784
ck_285719c77eadf915,0.2305968629048686
ck_f2aa1b677619ab19,0.5722143002648197
ck_3830c58d841e9e69,0.9242208189040538
ck_32eba3510c8eac5e,0.5652067630882054
ck_8955d7b9030d5eb5,0.32593196170299454
ck_6775e387dace7525,0.7873701364840089
ck_0a0cd7f4be606a93,0.48315339172947647
ck_a9f700eee5d638df,0.13518028111631697
ck_3d7db96995745472,0.6678753310246486
ck_aeed557007d52e9c,0.06494194336932166
ck_79b6a86830156b5a,0.5625585658993685
ck_6a1ff9d69466181c,0.9984518231819108
ck_f11b1565f986f5e3,0.44677123650437967
ck_4819327a78615485,0.5764921572621715
ck_3ed9e081959b2f5c,0.16149928702383376
ck_16af4be191c47d3d,0.03133020981870035
ck_25122cc0e8b1a662,0.6533713587288653
ck_509c22828d467ba3,0.7104501935221023
ck_31109c899336348d,0.5820330006111225
ck_c51131e53baa59c7,0.42794866571603174
ck_cf8ecabbc61d3e11,0.2490120187410878
ck_eb6baff0f85ba936,0.34561010389081276
ck_777669e2243204f2,0.937746995314728
ck_ac0ea27e692acdc9,0.7442248930535751
ck_4c6ea04ce8ca9e2c,0.2509676105113058
ck_ca54b32fca7e94cd,0.24783051537991446
ck_4dfd8947f540eb24,0.30319820737421066
ck_95aff1fe27fb24bb,0.6189855367691994
ck_c7550723b90e5615,0.11293542473008758
ck_57b3fee69bdf85e8,0.19995925850478713
ck_f823407ace7ff064,0.8727643104501935
ck_a69084a068bcc8aa,0.6968832756162151
ck_c7b17f7b24bef5d7,0.5835404359339988
ck_7c4e588f927c27c8,0.699164799348136
ck_77fdac602d0c6f95,0.6444489712772459
ck_e963d8525018d072,0.6253412100224078
ck_6e8ebaea8f7bffaf,0.13929517213281728
ck_aa42976a31cb7770,0.12413933591362802
ck_22c862a496008c96,0.9922998574047668
ck_527550dd15f38782,0.8083112650234263
ck_b3ab3c210e2c7c19,0.7650437971073538
ck_ed9c56fdb9f45ddc,0.9513139132206152
ck_b53281da70defcfa,0.2896312894683235
ck_03009b721568ee98,0.8418822570788349
ck_3d9afd862b3f4053,0.9266245671216133
ck_ad3c4be96599554a,0.15644734161743737
ck_d1c787c27d50af49,0.5773069871664289
ck_c7a9c7b2eef46a99,0.6758606640863719
ck_53036d3c6c74446c,0.8153595436952537
ck_1b1efbd9c0964c8d,0.8422896720309635
ck_d66f42a269d5c1ed,0.46111224281931146
ck_fefc49a2b8ad993e,0.443104501935221
ck_8b3b874249adece9,0.8149928702383378
ck_193d9c87ad3f1dad,0.12010592788755346
ck_0c6a50d747593b7b,0.7274801385210836
ck_c830f3830875b47a,0.17502546343450806
ck_79e202f06d8dfe42,0.4961906701975962
ck_5c0fe988b8aa7fcb,0.8400896312894683
ck_a8382d8345f21e1e,0.08319413322468935
ck_8cb20053914692d0,0.6529232022815237
ck_1da2f69023ca4c13,0.20949276838459974
ck_38abb60995114f8f,0.41735587696068444
ck_f5791fd8fd8fd191,0.46494194336932165
ck_a4e6fc391b674335,0.9124465267875332
ck_bd771efb4a7e15d0,0.37791810959462213
ck_38ba4a6b6a292054,0.4501527806070482
ck_f7a07283345a0dce,0.48975351395396205
ck_87dc484baaf5a23a,0.11106131595029536
ck_c84ef83489badbfd,0.8603788959054798
ck_a397cd64ec5d644b,0.40211855775106947
ck_7977135c2ff61e92,0.23120798533306175
ck_52174855b243a8b0,0.5489916479934813
ck_0f35e930d0614613,0.9942961906701976
ck_b170a7db522a0d6f,0.6079445915665105
ck_7af748a23775bd54,0.6155225096761052
ck_52f641c9ee6fda70,0.13725809737217357
ck_c3719a30414bbb4d,0.7843145243430434
ck_2baf214ad6bc0dbf,0.7969036463638215
ck_8b39d8aacfdd72b4,0.4236300672234671
ck_d39b0152116203be,0.7865553065797515
ck_ed33f8a937f9c7c8,0.27097168466082705
ck_8ef97b55a5fd6ec9,0.283642289672031
ck_8247f008a14bd1a2,0.3523731920961499
ck_f0d349d68249d5db,0.11949480545936035
ck_a544e766540861fc,0.560765940110002
ck_9dfaca4c7c80b10d,0.5876145854552861
ck_7e5401c362b2216a,0.07948665716031778
ck_64ff60c073fdb6db,0.5161540028519047
ck_fc5ea49518e5d637,0.22228559788144225
ck_580f136ced341298,0.07268282745976777
ck_9cbef9bc95449dca,0.17441434100631492
ck_e475a3b8ba870a7e,0.3063760440008148
ck_97e94708bcf43563,0.16915868812385415
ck_13f03ec785cbdae1,0.018129965369729068
ck_152820d8817f478c,0.6030963536361784
ck_d20d4ba60eec9945,0.3518435526583826
ck_5c45968a805132e0,0.4285597881442249
ck_bebea2cf3063fb24,0.23646363821552252
ck_c3c69aefe7ea1d2f,0.3997962925239356
ck_02028b72f26fe855,0.4055408433489509
ck_dfadff70a58a9133,0.17657364025259728
ck_6482ed4491bedcaf,0.15469545732328377
ck_754cd7b4a5ae3f94,0.41311876145854554
ck_3132857aec8485bc,0.008352006518639234
ck_7ce4ca91b8f9f1c1,0.4339784070075372
ck_41938582f4351772,0.7580770014259524
ck_f87d66946252476c,0.8264412303931554
ck_8053f1879a9b4e43,0.7418211448360155
ck_93892e91387f5103,0.44844163780810753
ck_15254db133b28371,0.41181503361173355
ck_d557b9feb241b3ec,0.21739661845589733
ck_71c3a8e4c12c989f,0.11485027500509269
ck_80e3041811033443,0.47158280708902023
ck_3380d60067b4634b,0.017926257893664695
ck_a9c2cdc758df8510,0.8457526991240578
ck_3c0031d7514da17b,0.4899572214300265
ck_18d214b1418be39d,0.7048686086779385
ck_7ce768407fd48321,0.5669179058871461
ck_7a50abd42298133b,0.3426767162354858
ck_2db10f987d137582,0.6350376858830719
ck_e077d004cd1d80ae,0.6750458341821145
ck_1cb6dc67f9a321b5,0.4237930332043186
ck_b864f64101149c35,0.9194540639641475
ck_9bedf54df9418e4a,0.3503361173355062
ck_c47e32c47f0e6578,0.9170910572418007
ck_71f382d5e338daa3,0.359788144224893
ck_14b4bf7be6ac2b61,0.5865145650845387
ck_5c87eea1cc07cc92,0.5005092686901609
ck_5f445182829ef342,0.7462212263190059
ck_a5d7311291caaa54,0.4748421267060501
ck_b7df99aecef385e6,0.857078834793237
ck_3327a0582407068b,0.5784070075371767
ck_08dba09fd7dab896,0.740354451008352
ck_f4ec334be5266378,0.6180077408840905
ck_240f7f894c5a86e7,0.7728661641882257
ck_a9d994554fc14a02,0.02151150947239764
ck_13648cbd306eee6d,0.1632511713179874
ck_601edf9105b3c321,0.985740476675494
ck_9527adac182abe57,0.9194133224689346
ck_4e0e80f5cc271bf7,0.04668975351395396
ck_96a89e720176b389,0.48588307190873903
ck_63560eec94b76d2f,0.21772255041760033
ck_c9c99e5b19aeced8,0.08873497657364025
ck_bc32655ee5ed643e,0.44685271949480543
ck_edccb5a93b741744,0.16422896720309638
ck_f786cbc987b70930,0.46726420859645545
ck_0e8f26536ccc8947,0.38724791199837033
ck_b87ef4b98cfcec4c,0.35147687920146675
ck_1a9235812de4b2c1,0.4876756976981055
ck_d1ed88ea4211ba4d,0.039763699327765335
ck_a4ddac49657a4450,0.6026889386840497
ck_d9ffca35188e49d8,0.33725809737217355
ck_3db73bbe03c3d240,0.04045630474638419
ck_fffa0622344a36ab,0.09122020778162558
ck_148c28df51bba5e9,0.9680179262578936
ck_076cbc25c8f15fc3,0.9781218170706865
ck_e5ca550b39ed45bf,0.9702587084946017
ck_8dacf3a2061ca17d,0.36899572214300264
ck_2d7394afd61643d0,0.26323080057038095
ck_e42206e91f6a1752,0.04946017518842941
ck_2f4f94827984c426,0.14866571603177836
ck_edfe8e90e8f4366e,0.31798737013648404
ck_646b15f753e5e9c6,0.3431656141780403
ck_66600620149c8799,0.4413933591362803
ck_4ff6fc70bccfba96,0.8649419433693216
ck_41af3729590c2484,0.20130372784681197
ck_920a48ba8c583e96,0.02049297209207578
ck_0253b3e7be021306,0.04269708698309228
ck_2ae6949246ea2648,0.4884497861071501
ck_db23a5100f338d72,0.6899979629252393
ck_fcb2a559474c3493,0.42346710124261555
ck_0a4d7acd2a53cbbd,0.6103483397840701
ck_c5d62b2b7a6f3bac,0.954288042371155
ck_cf59f4fc0ea690b2,0.3626400488897943
ck_837be8126bb19250,0.16496231411692808
ck_58955542edee1adc,0.13012833570992055
ck_1b93381d8eea58d1,0.18724791199837035
ck_97b8e05d62abdc14,0.5473619881849664
ck_71a0d645744302a3,0.4381747810144632
ck_a7b57882ab66b111,0.2773273579140354
ck_65f76421be648549,0.17486249745365656
ck_b53ea8713d32ca7c,0.6679975555102872
ck_991c4c924a1d85ff,0.963658586270116
ck_8432ccec1a4ec7fd,0.9835811774292117
ck_64c1633297f43788,0.16602159299246283
ck_4291fd9c1161d8e1,0.8010185373803218
ck_5e98ed6391d9f429,0.6469749439804441
ck_c7baebe4549fdbb4,0.645345284171929
ck_6e67225ba59fa5ae,0.7305357506620493
ck_719602def4d35fe0,0.2788347932369118
ck_bdee7c86f5ebe81f,0.1108983499694439
ck_8de38f8c7f91961f,0.7437359951110206
ck_b0b5bf9254700402,0.5871256875127318
ck_7b55d9bb1a250d4f,0.558810348339784
ck_3954b7b0fd1d6614,0.010185373803218578
ck_f29471fe7c818d6a,0.24241189651660217
ck_9e65a8a2f587691a,0.6837237726624568
ck_eaec5f1a83b66eb0,0.8995722143002647
ck_004fe0daecbe2c1a,0.40704827867182725
ck_d17653a4a2d4a79e,0.6983907109390914
ck_0dd417fcbf19e424,0.2922387451619475
ck_4c99a6eadea143e2,0.8501527806070484
ck_74d602c907ee9119,0.08987573843960073
ck_1aa87cb62acc0ac6,0.6163373395803626
ck_094974d75e29fb2f,0.6977388470156854
ck_5ef935ac3d4d3332,0.5316765125280098
ck_b26e4ae47c9107ed,0.9541250763903035
ck_396cea6f95186ad2,0.36149928702383377
ck_48446a9e8184c7d4,0.2572418007740884
ck_31e1ede23247d56b,0.6067223467101243
ck_7afefa349b960a3e,0.2993277653289876
ck_f5e02a3432571b20,0.924465267875331
ck_64eefec062592c43,0.3150132409859442
ck_a1201284122c141f,0.6642493379507028
ck_1b34c420a4c85a95,0.14866571603177836
ck_d637a011332ba67a,0.4188633122835608
ck_99c0004d8b7079f8,0.05606029741291505
ck_948517bad569b40f,0.7758402933387656
ck_a28d6b1601b472a6,0.6973314320635567
ck_a0b4209feb31f5c0,0.9986147891627624
ck_d6d2c1f6dfc455b6,0.5156651049093501
ck_3f9e6d356d3dd3cf,0.07679771847626808
ck_d08e00c842b75176,0.04326746791607253
ck_bfdd232a7c5f2660,0.8078223670808717
ck_2cdad03ed069438c,0.5015278060704828
ck_42317c3eabd0a285,0.22342635974740274
ck_3eb73e56751c704d,0.7966999388877571
ck_ef33c04f4c9e3758,0.5873701364840089
ck_1dc23dc870f1773d,0.3663475249541658
ck_76091f357974a152,0.7291912813200244
ck_4d9eb75e8eee90fd,0.67484212670605
ck_578f67e69e5d2cfd,0.3518435526583825
ck_3a8ce1cc724229b8,0.08246078631085761
ck_a96887f841e80fc1,0.6970055001018537
ck_d2d4a8f4a9f2c33f,0.7217355876960685
ck_11f85bc705dbe036,0.5092686901609289
ck_7429b3f87528e335,0.29284986759014053
ck_26df74feac7ec51d,0.3147280505194541
ck_c78b2638fadd91ab,0.5684660827052352
ck_7eaad325abe3b50c,0.2452230596862905
ck_fd44e34af620e606,0.8400488897942554
ck_f99738dff854e25f,0.40892238745161946
ck_1ffbce3a239bb264,0.16732532083927482
ck_96c7d52ba0a766ef,0.47386433082094115
ck_cb1c00c300af3f9e,0.7939702587084946
ck_ec3d12848ced99f2,0.4343450804644531
ck_26cfd7c3c6c7bf69,0.18402933387655326
ck_7ae86b5a885affc3,0.2922794866571603
ck_3edaa94d28cd48ea,0.40052963943776737
ck_3209c530c9812e39,0.357873293949888
ck_ea62ebfc1f04b49a,0.3023018944795274
ck_5fc90b4668ea81bf,0.21584844163780814
ck_95654593cdebd141,0.14886942350784274
ck_958c0bd61820147f,0.5694031370951314
ck_8440ef1386c07194,0.3519657771440212
ck_8cd1b68dd74b1375,0.9013240985944185
ck_c9eb4df91ff07f2c,0.42933387655326954
ck_c29489366c01fe65,0.9871256875127317
ck_c965fd6bec0f0ecd,0.6472601344469342
ck_84c402b23766e1f2,0.606192707272357
ck_181f3dae03b87136,0.79645548991648
ck_022a8ae79eb28cf6,0.97930332043186
ck_469c17407d17b706,0.7759625178244041
ck_1fcc5843f39148a9,0.435322876349562
ck_5debd55f361b2ddf,0.05320839274801385
ck_28cb9b03e89263f1,0.08099409248319414
ck_f067470743d3c7a2,0.7408026074556936
ck_d5d225ce41a1a762,0.46396414748421266
ck_15b4840922195ffd,0.6545121205948259
ck_6bcfa37c717f19f1,0.7604807496435119
ck_8d501a0386c66be8,0.7991444286005296
ck_1a9d6190c57ea7e2,0.9287431248726827
ck_c49832eabdac5bb7,0.16536972906905684
ck_b4331140b2e0d4aa,0.4359339987777551
ck_5efbea1befdefe1b,0.6880831126502343
ck_72ff52c4824072ce,0.3454063964147484
ck_ec3715add8bbb6e9,0.012915053982481158
ck_9822f8ed05335741,0.7220207781625585
ck_c3d7d3d12a1981a3,0.4909757588103484
ck_a115a7919ac5875a,0.4613566917905887
ck_4dd4ed23e0b927b7,0.884294153595437
ck_4c76efcc1ee6762d,0.3638622937461805
ck_3ad6e7bf452c9b21,0.26995314728050523
ck_dcbab304b55a42c7,0.9106539009981667
ck_24b53090faf722cf,0.470971684660827
ck_187317383400491d,0.12556528824607863
ck_e07fd57565c94c28,0.6488897942554491
ck_740e760fdcd27835,0.07895701772255043
ck_d3796aebda1cfed5,0.968221633733958
ck_e541967c681cb929,0.5263801181503361
ck_431118050b834dcb,0.10230189447952738
ck_90f3655f0c8a0074,0.13628030148706458
ck_13cd943777651aac,0.673905072316154
ck_66accecabf3901c0,0.28910165003055616
ck_937f0da2306b2eb9,0.7644326746791608
ck_105b0c93573fd5b7,0.7872886534935832
ck_00480407160e0743,0.3101242615603993
ck_e032068be7b77d15,0.6899572214300265
ck_991b7dfd69098320,0.10788347932369118
ck_37d47cf0f34574a2,0.03377469953147281
ck_011551a596544f5d,0.11525768995722144
ck_9acd98f4fe2d474e,0.766591973925443
ck_7c88d3d377bb61bb,0.508250152780607
ck_e2374c7136c964fd,0.7514768792014667
ck_2fa8f2577116e9ca,0.4654308413118762
ck_d07c5b0321c685ea,0.8241597066612344
ck_bc736114a31088a7,0.4510490935017315
ck_32bb42f9bff197f8,0.3342432267264209
ck_66267bbad1f1415f,0.9966591973925443
ck_19988702ccd79201,0.1822367080871868
ck_f473a03fbcdbc4b0,0.2882868201262987
ck_e3f1d85fa5d49396,0.25182318191077613
ck_c4402ea6291df271,0.8440008148299043
ck_243bd5ca8c4ae5d0,0.2610307598288857
ck_f271e855925e8d6b,0.6983907109390914
ck_e424148c6f2223df,0.08800162965980851
ck_e4d0a9e1102a58b5,0.3732328376451416
ck_91c2a5fe69b9b1d1,0.7277653289875738
ck_5fd8924732fe403e,0.8961499287023833
ck_9a881d5433126ada,0.41535954369525363
ck_73cab88b29c7845d,0.5379507027907924
ck_5b5dea6476d4e182,0.25907516805866776
ck_ccccb17d2ca6ce94,0.6671419841108168
ck_cd1dc68e441222b1,0.9761662253004686
ck_8312c49b1431a406,0.693053575066205
ck_25fea39897f2a559,0.3594622122631901
ck_f56200205280bddf,0.6848645345284172
ck_7336611650dcc088,0.2205744550825015
ck_590716322ff147ae,0.3995111020574455
ck_c82364d87875a1a1,0.5837034019148503
ck_fa4b60387d744fc5,0.20484823793033202
ck_d841eba8906e9a15,0.06983092279486658
ck_d6df562a79b9d0d9,0.24000814829904257
ck_59a14d2564193101,0.18512935424730087
ck_8530158e3d7f59e7,0.059482583010796494
ck_ac68d707006c12a8,0.3874108779792218
ck_976fac1bb3dd8c58,0.5324506009370544
ck_f854fba8f4adae3d,0.9258504787125688
ck_b98e9c3ec6e7d1e7,0.21042982277449582
ck_803c0b4cf9d4bc1d,0.4837645141576695
ck_76997a33c3ea5107,0.03797107353839886
ck_f1a9d832b700bda1,0.9803625993073946
ck_2bd96ddb8c323d63,0.9887960888164596
ck_9e5b7acf51b1b743,0.30173151354654715
ck_09169f22194fd6aa,0.3619474434711754
ck_6d69e092f9b0848b,0.3305357506620493
ck_9f83fa5a2d3b9049,0.6550825015278061
ck_57bbb19eecb4b87c,0.15502138928498677
ck_e0e9cfabb979f428,0.24033408026074554
ck_b1ff9edc51d42f97,0.02929313505805663
ck_4682fad271d47eb0,0.9715216948462009
ck_ab33fb754c818ae3,0.6079038500712977
ck_b456f62b80e21557,0.07777551436137706
ck_16340be3f2a7fffd,0.08266449378692198
ck_ce66831f6611014c,0.38468119779995924
ck_4610a073bb54d1b1,0.4179262578936647
ck_fd038a7d33a9d6e5,0.7136280301487065
ck_c8198cb4c461304f,0.7122428193114687
ck_1e7de58822000dea,0.2017111427989407
ck_b2a79dd3df560f14,0.7231207985333062
ck_74a06f347b32347f,0.11489101650030556
ck_c6fdb2972417c9bd,0.76626604196374
ck_d7607a213b800bfb,0.6710531676512528
ck_df65967b8b40319c,0.11281320024444896
ck_329a73dbd585ee09,0.5333469138317376
ck_74991a9e85c3b07d,0.33033204318598497
ck_bb76609b79e0bc9f,0.6832348747199022
ck_f7fc1bd0b9ab1fa4,0.8035037685883072
ck_d111c98b36bdb791,0.4838867386433082
ck_f07e27d125497b66,0.9293542473008759
ck_093e3a7134e11d6b,0.2930943165614178
ck_862c7953bdea48b0,0.47606437156243636
ck_392cf2cdd515c34d,0.1211652067630882
ck_80eb91b0b4001084,0.7178244041556325
ck_5923f53b77193a58,0.7988184966388266
ck_8049f5fce32be185,0.9593807292727643
ck_ebc5a2c6cf88e252,0.7932776532898758
ck_9ea5872f14cce338,0.5672030963536362
ck_f7fbc95ebf584379,0.04917498472193929
ck_bafe82c870356706,0.9930332043185984
ck_278b36c5932d9bff,0.2397636993277653
ck_6a892dd5d05c1649,0.8440008148299043
ck_0734fd90b2cabd43,0.7149724994907314
ck_9b552204498b6762,0.3082908942758199
ck_f6c909c205767956,0.7523731920961498
ck_32f590e87bc3d715,0.03279690364636382
ck_66a8325f28be7562,0.20566306783458954
ck_b129261da9c3c3c9,0.24884905276023628
ck_a524071c51ddde20,0.5059278875534732
ck_ba576d6d4cb6130b,0.922509676105113
ck_8d8226520722af78,0.6615603992666531
ck_c5b0f0d4f1655a20,0.6572825422693013
ck_61814ae9b6d8eab1,0.5041760032593195
ck_382ebf136f7fa337,0.8674271745773069
ck_423ff4ede6a9f066,0.49765736402525973
ck_546ad962d04b7de4,0.9835811774292116
ck_9473ea4a01c95f9a,0.7793033204318598
ck_9eb1da8cd35a50ce,0.3776736606233449
ck_de5eaa2cdbcb67ff,0.685597881442249
ck_537cc97d0398c922,0.9043389692401711
ck_998475a2e4dfad4e,0.14031370951313915
ck_e62eb708d2688fae,0.26893460990018336
ck_ea623358f704daa7,0.7034426563454879
ck_b911a09f328dfd4b,0.23744143410063148
ck_4b3506b624e5193c,0.42953758402933384
ck_448456f96788713b,0.748421267060501
ck_5d5ef9e75f65d076,0.541006314931758
ck_3b74512f774a6e5a,0.07814218781829294
ck_a032e8ac1507c6df,0.966591973925443
ck_7e2d6b22a0ae20c2,0.6514565084538602
ck_d80283209c963f11,0.13175799551843553
ck_d1157eade2ac3975,0.287186799755551
ck_be48f583f79427f7,0.6331228356080669
ck_0027b5d4107d65d8,0.889427581992259
ck_94fff69584dd3b2a,0.5216948462008556
ck_75fcda73f0b43557,0.4784681197799959
ck_a1c78972e4ee4082,0.4916683642289672
ck_f0982bbdbd122f91,0.32568751273171725
ck_3199b471575aeb3a,0.16691790588714606
ck_7fa947a0b1c1cf74,0.636952536158077
ck_a60c618b7f0e4252,0.0280708902016704
ck_722ac47c8ac9b6c3,0.9364840089631289
ck_d44dc3839a195c8a,0.6653493583214505
ck_a2c3e82fab520483,0.6046445304542676
ck_6f8ae0319c07cafe,0.10478712568751272
ck_49886ff1e2c759d6,0.5109390914646568
ck_150a1108f936e6b0,0.06514565084538602
ck_e21f9f96f597695b,0.3139539621104095
ck_7297bff2b7fdcbc8,0.02228559788144225
ck_ee949c71f4f702eb,0.9854552862090039
ck_6fc37dea4b4f35c6,0.768221633733958
ck_e76257caa98dc25d,0.9742513750254634
ck_828eef2334e17b3a,0.481034833978407
ck_604e1b8a8c693aa7,0.750702790792422
ck_7743c9fe037d1f9e,0.9015278060704828
ck_864a11202e19e812,0.875860664086372
ck_4ec040b9e3785e4a,0.3015685475656956
ck_7346e4f820d9c00a,0.9697290690568343
ck_48d4d63beb26b623,0.7029537584029334
ck_c423aa6de3ed1e01,0.43650437971073536
ck_d74b2ead8aaa3f73,0.26877164391933184
ck_1dd69a11daa7bf1a,0.6090853534324709
ck_d9143e236eef177f,0.9191688734976574
ck_f790d91e5ff0eccd,0.9297616622530047
ck_69b5620e00ef5dec,0.030393155428804237
ck_cd32e58e8a1c0e85,0.42387451619474437
ck_064013b0957d87a5,0.9914035445100835
ck_a481385c2e60dc4a,0.20073334691383174
ck_d72035cb29db3aa4,0.5271542065593807
ck_3759939a0205306d,0.17209207577918112
ck_f437a53fc832ec95,0.947810144632308
ck_260ef2f3e6434819,0.5696883275616216
ck_35e411b05d22f663,0.4724791199837034
ck_8bf46e472f3e20de,0.7751476879201467
ck_d546994fc5d3e9d1,0.2179262578936647
ck_6ff0fc7487e737e7,0.8782236708087188
ck_5c67f27816ae0b6f,0.14096557343654512
ck_c5517923458106ae,0.3150132409859442
ck_d9735647a6b0b0a7,0.9502546343450805
ck_541a734fc457246f,0.7389284986759015
ck_2f6a639468f41043,0.21971888368303116
ck_bea2cf7a6b7bb900,0.17355876960684458
ck_7eebd0e6ad6c070e,0.4398451823181911
ck_b64c87d5e3b10e6a,0.9736402525972703
ck_9dd7daacb7833233,0.5538398859238134
ck_396e9ea9a6c6d7d9,0.4924831941332247
ck_1645e6cc53fa99ff,0.5964147484212671
ck_ea2a83ccb8d57490,0.09688327561621513
ck_e64f0df63e1be595,0.5362803014870645
ck_fa0b234481cb57d3,0.8337746995314728
ck_63379e3c9fe6f711,0.48352006518639234
ck_c67f7944896a0310,0.7271949480545936
ck_c10e54c9db29e6ef,0.991566510490935
ck_7184ad7709ae4c80,0.7416174373599511
ck_f8b6069d7577fde6,0.5341617437359951
ck_18444be153bac1ca,0.9646363821552251
ck_d0982b4e0e118e4d,0.4423304135261764
ck_6faf3e6820398866,0.7062945610103891
ck_97e980463aca4644,0.1733550621307802
ck_630c835243c66b19,0.991240578529232
ck_fe429ba3e1aa0e4f,0.24897127724587492
ck_1058129ed7b48c59,0.5347728661641882
ck_04a1a46f07885296,0.3555510287227541
ck_f01e94331067edf6,0.8300672234671013
ck_77b2fb17c29f5e72,0.5175799551843552
ck_4f0c5857da45fb28,0.5428804237115502
ck_2cfb9a7775e8a5bc,0.9817885516398452
ck_6846100e43659bf3,0.25687512731717255
ck_f89719a854fe11d7,0.7796292523935628
ck_bf47375e41ca3bc0,0.04045630474638419
ck_2770b0400a7bef08,0.7258504787125688
ck_2a09d142de1c77ff,0.7385210837237727
ck_857a1f5547b9ad68,0.30898349969443883
ck_185f15b1523bbcf4,0.07793848034222856
ck_ab2aed614ec1cdf8,0.7381544102668568
ck_a9e7f3b2d5dfd97b,0.07765328987573844
ck_0eeb3d9b3e697edb,0.7972295783255245
ck_fa5830d81bc8ddc1,0.1286616418822571
ck_231ae0329ebc3220,0.3070686494194337
ck_1587763dd54688c9,0.6033000611122428
ck_9f85fea4490c00cf,0.4303931554288043
ck_a2d709e7eb91e4af,0.5626807903850071
ck_43637d28c7216453,0.24689346099001835
ck_f3ab5dd853d38252,0.7578325524546751
ck_4a1f0172d3bf4fd3,0.17103279690364634
ck_517620ca16505af0,0.16060297412915053
ck_9ae904fbef56065c,0.20717050315746588
ck_d5ef1f6e34bb35b8,0.6308820533713587
ck_ff42557857ae3aeb,0.19539621104094518
ck_ad9a18f58589faa7,0.3755958443674883
ck_df1a6edaa3e6b271,0.25019352210226115
ck_99021fe7225b5a68,0.7640660012222449
ck_99e52c3c2530b69e,0.9859441841515584
ck_3a4811dc4a1a891d,0.3395803625993074
ck_ba3a6be026c87079,0.37551436137706257
ck_da6d1e5cf6aba6fd,0.2627826441230393
ck_ddc7c1f3d45fe6e6,0.7236911794662864
ck_e1b1e7a7e4a15b3e,0.36092890609085354
ck_8288f7f226e08b89,0.1343247097168466
ck_c4524993ec31dbe5,0.10943165614178041
ck_8b19bb5b23b6741c,0.4568343858219597
ck_d21b38231a8a9f4a,0.7842330413526176
ck_3f730318a9792292,0.6608677938480343
ck_a4db6e94a8f77f9d,0.5343247097168466
ck_a8cac8d480306839,0.25817885516398453
ck_5472214011fbc2a7,0.23418211448360154
ck_7356f47dbbbe7904,0.5514361377062538
ck_16801e628e883d78,0.26612344673049504
ck_0dc1e536231c4860,0.6983907109390914
ck_7cd0634a6e60af83,0.4325524546750865
ck_ef6f8e048ae1bd4b,0.4886127520880016
ck_82f3f744209888ac,0.4176818089223875
ck_f33188c232a03526,0.895009166836423
ck_4a59f4e10bf45d7f,0.07512731717254022
ck_d96c893721385e4e,0.2256671419841108
ck_f65ab819373edb37,0.92189855367692
ck_21cac21fc10b7768,0.34789162762273373
ck_139b54e6ccbdd7da,0.7845589733143207
ck_d6f5c8741697abb3,0.7099612955795478
ck_a28d9bb5590d458f,0.6398859238134039
ck_ed26d906883bea0a,0.7247097168466082
ck_227602ad072b838b,0.05349358321450397
ck_39d5f6c17c745ab1,0.02464860460378896
ck_744eade757ba69b5,0.8881238541454471
ck_c1295d97cdf35ec2,0.45459360358525164
ck_69105f881da3c821,0.09672030963536361
ck_933789b55361d7c1,0.9434915461397433
ck_b667952253503174,0.3900590751680587
ck_7bf668e25abeeb05,0.4690160928906091
ck_91742711dfdffd56,0.6609492768384599
ck_af32a0660090dd68,0.7171317987370137
ck_2122f201e65f76ee,0.1587696068445712
ck_f48acb73a5d6af07,0.9271949480545937
ck_337c5684510cf432,0.5438582195966591
ck_f7bde7265053364d,0.6232226522713383
ck_c190c7b924edba75,0.7203911183540436
ck_044fa3b3a003f0b5,0.716357710327969
ck_87eb43e3b9d96169,0.5752699124057853
ck_2d3d6c9364362017,0.05031574658789977
ck_ac55dc6cbcdf8228,0.43210429822774493
ck_61d7b0568ec5d6cf,0.6924831941332248
ck_89c74feeaffa7d09,0.4446934202485231
ck_93776b0c113f41f0,0.8413526176410675
ck_15e0b679931f7a8d,0.7009166836422898
ck_77b56c49cfdb1d81,0.8144632308005704
ck_73188a826b5f499f,0.26319005907516807
ck_4f463ef25325ddfa,0.9168058667753107
ck_863db2e394dc47d1,0.970136484008963
ck_d52432ed597f3cc9,0.5119983703401915
ck_04fb61e5739642f8,0.8043593399877775
ck_2e481d75d110c06d,0.9046649012018741
ck_3fa1a523d77cd619,0.33566917905887145
ck_466dc6274fecd708,0.15420655938072927
ck_e1790b3aa2241b10,0.9734772866164187
ck_84ad096a46e1a960,0.8111631696883275
ck_3be72c9c178fa00d,0.524465267875331
ck_5a17c89219d1d9fe,0.6472601344469342
ck_4f639f4ee6ce8d9e,0.7966591973925443
ck_f4ec4a935e51b4db,0.8839682216337341
ck_f04040a830f92bac,0.743613770625382
ck_3e4d02a04be2aaf8,0.11876145854552862
ck_4d1baef193cfb900,0.487838663678957
ck_0fb3153d37626b75,0.332572825422693
ck_88ec57a11b11f702,0.9654104705642697
ck_dca9dc465f759db4,0.21014463230800573
ck_64f5fba6af67e024,0.13143206355673254
ck_896096cb167254ef,0.7121613363210431
ck_7878679065876b98,0.3397840700753718
ck_fe8e5a6c880ceb4e,0.3360358525157873
ck_a5e036327d3d1862,0.14080260745569362
ck_310f73940fc4cf4f,0.2845793440619271
ck_46a8db16ad00b749,0.5213689142391525
ck_0d33977c3de8cfaf,0.996088816459564
ck_c6fff412f531db0f,0.2719902220411489
ck_bac6dadf428eaea9,0.6062741902627826
ck_1b96d9af0d7da2d5,0.16524750458341822
ck_fa8a4a9e77799fcc,0.07015685475656958
ck_0bf48607a874b4d1,0.14609900183336727
ck_eeb75f8a6439f65e,0.7159910368710531
ck_a209a5f7d172125e,0.4511713179873702
ck_8f346b72fb40bf14,0.3138724791199837
ck_bccbf9fef367f00f,0.6105520472601345
ck_2d1548f1ee405cc9,0.06885312690975759
ck_e8298ff2dc1e9d50,0.03263393766551233
ck_77c0fb524edb4a94,0.4721939295172133
ck_28ac4c5134cb8e77,0.6730087594214708
ck_db23a0e3e54be60c,0.9612548380525565
ck_a059d00cee5cee99,0.4070075371766144
ck_3e9e3bba8bd363af,0.42933387655326943
ck_0428728df24cdab4,0.20236300672234672
ck_88cd35378075c84f,0.1490731309839071
ck_0174d76398d9dc0f,0.6326339376655123
ck_3f1287e6c27de0dc,0.3490323894886942
ck_ff822700f3605e06,0.9982888572010593
ck_4563227b2038ae07,0.8589529435730291
ck_788e78065526ee19,0.5732735791403545
ck_8a16eb584093b12f,0.4202485231207986
ck_cc276f71ab6c08fd,0.8877571806885314
ck_d61d97b21002f3e9,0.8248115705846405
ck_4b2e87d86a5e415c,0.3607251986147892
ck_3e6f35e4500d2f2a,0.14565084538602566
ck_3acdb083e0d8ad61,0.17433285801588916
ck_cd655202db489010,0.1446730495009167
ck_829cbf5ccda481ae,0.12792829496842534
ck_f5882e6f98b8b4cd,0.08657567732735791
ck_767947540b234add,0.5595436952536158
ck_a6e8e8f535b1f1d1,0.8076594011000203
ck_58412a2674fea506,0.29272764310450194
ck_fae7e518a585fa61,0.5888368303116724
ck_9c60ae6958d68dbd,0.8448156447341617
ck_328696b8f5e54ec6,0.8539824811570584
ck_7df3f8f4f1068d62,0.19384803422285599
ck_cfadd21458230ef7,0.2551232430230189
ck_7048bedd554c703b,0.08959054797311061
ck_50422466f145bfd7,0.19963332654308413
ck_61e1f7168cd9ff25,0.8972499490731309
ck_733aff0f56f5b3c9,0.5294764717865146
ck_e14892e424180549,0.10869830922794865
ck_03f6664a96de7d0f,0.544265634548788
ck_b7f4baa2cc82fe61,0.4892646160114076
ck_1e51199a075ca0fa,0.1254838052556529
ck_0e70516fa07cfb17,0.9509064982684865
ck_0f37c554a5057801,0.9262986351599103
ck_5576b725de38d106,0.4874719902220412
ck_82f360df1e9f4eb8,0.6081482990425748
ck_395f3bd4aacd7ca6,0.4698309227948666
ck_5e8e857b63966609,0.926746791607252
ck_93470896f0804b6b,0.9770217966999389
ck_3be854e42e76569a,0.21352617641067428
ck_0567302c57a2417e,0.8198003666734569
ck_ee535461b5f05539,0.9576288449786108
ck_94a096c36162a153,0.32528009777958855
ck_dfc8f5c141fd7c63,0.43752291709105723
ck_98b34f2d704c1c2a,0.46579751476879205
ck_96dff7a09d45f116,0.8488897942554492
ck_79557434c129ba52,0.3531472805051945
ck_4596624a7c01d501,0.5558362191892443
ck_04e89fbd739243fa,0.17058464045630475
ck_6149ffaf18872dc8,0.07683845997148096
ck_cd78f0832a09bd8f,0.9434915461397433
ck_7e29c10d781c3b41,0.10018333672845794
ck_1f7ee7b23fc6f2f4,0.07777551436137706
ck_c49b685d2b3ab89a,0.09016092890609086
ck_84569a8fc50e73ac,0.35872886534935833
ck_b92b11d205af91eb,0.012711346506416785
ck_06280e6d6d2485b0,0.22183744143410064
ck_3c08546dd0c92863,0.6179262578936646
ck_99d3983f907828bf,0.370177225504176
ck_eccfd552aa652d3c,0.2945610103890813
ck_0cff8153881875ba,0.5670401303727847
ck_c1aebbeca6ab5ff9,0.034671012426156035
ck_538fdbbb3c2bcbbb,0.8124261560399266
ck_8c0210322733c718,0.09712772458749236
ck_0b0c93039f987abc,0.44807496435119165
ck_6d07d6d1bd227d37,0.9099205540843348
ck_9b6ee35e8cd0b11c,0.13754328783866368
ck_d838491d3d4f5ecf,0.3456101038908128
ck_0593ae243a9ebee9,0.37372173558769606
ck_ef261fc09be8eb0b,0.10535750662049298
ck_d0935b571a4a3868,0.6085149724994907
ck_97d04a67a104af39,0.5988592381340395
ck_e25f70d0b7229420,0.7469545732328375
ck_9b71274ff83de482,0.9524546750865757
ck_6de2aa2bb60978d3,0.5936850682420045
ck_eda55c8fb47593d7,0.19661845589733146
ck_924e572517515f19,0.9674882868201262
ck_d6f27eacbad310f4,0.28853126909757587
ck_8550f229b5eb03ab,0.1425952332450601
ck_e3e95546a84d0ed8,0.6706457526991241
ck_3135c019696ee6af,0.984721939295172
ck_41ba315d8fccb559,0.38040334080260746
ck_72b86e4485da2d0f,0.9749439804440824
ck_daaa995f3c2f0e47,0.8787125687512731
ck_053746067839696b,0.41698920350376856
ck_a15fe7d0f4b65c33,0.9515991036871053
ck_15de11438732bb05,0.3194948054593604
ck_2c4d25acbe3fabd9,0.1933591362803015
ck_7f08078908599bd2,0.8897942554491749
ck_e794741742fb2619,0.11338358117742922
ck_238e53b6dee8c301,0.1138724791199837
ck_53a6a33060d5c8b8,0.4396007333469138
ck_0e0919292ad33472,0.9813403951925036
ck_d86ccf148c06c8c8,0.8682420044815645
ck_c881f26c9bf9ae42,0.9419433693216541
ck_4b0947bf94e9d847,0.6563454878794053
ck_e10ff5c38bd18470,0.3631289468323487
ck_b60de9e97aad9e45,0.9833367284579344
ck_190bc849e5ff5401,0.26750865756773273
ck_e7be077aa0b2632c,0.20423711550213894
ck_a51abde881ebeff3,0.3549806477897739
ck_2208392a9f6bd249,0.6894275819922591
ck_0259da8f109017e9,0.4089631289468324
ck_05e01ab9c95449da,0.4989610918720717
ck_c82897ebffb6ae66,0.411652067630882
ck_b4a6bb4689cd7cfa,0.6502750050926869
ck_9e21ea33018ce538,0.46429007944591566
ck_caa348f0e65db062,0.9794255449174984
ck_a964e6b5d8415334,0.9375432878386636
ck_510bfbbee37ff436,0.2804644530454268
ck_9741a82faf5c7889,0.7559584436748829
ck_e7f61b4a39ba98ac,0.4946017518842941
ck_069d158665a53909,0.4605418618863313
ck_6426427efe3228af,0.5486657160317784
ck_ab4a8d02ec3c0fd7,0.039234059889997966
ck_aefa0d8d933e0eca,0.7592992462823387
ck_232325ef6bce92f1,0.11338358117742922
ck_14e58c3fb26a2b4d,0.5130576492157262
ck_06e73afdec26aecc,0.8745976777347728
ck_3168f4f2778d64e1,0.36219189244245265
ck_ff3998d6858daa21,0.044530454267671625
ck_bccff46fb0868454,0.8740272968017926
ck_c7d444d90fa86d7c,0.8670197596251782
ck_f0bc3bdee6bfbb94,0.6000000000000001
ck_f7112818a6d81422,0.51183540435934
ck_aca35dbcb835ad02,0.619148502750051
ck_f637fabf0f60528f,0.5749032389488694
ck_53d17ab97de1ac3e,0.2638011815033612
ck_c8c1bf16d9113493,0.89496842534121
ck_e842fb0cf055a83b,0.4498268486453453
ck_93c0cb3dac4891fe,0.06196781421878182
ck_0c1f088e17e46daf,0.49040537787736815
ck_8f4b384955bf57c9,0.4618863312283561
ck_09cd5c4df1e81ac2,0.9129354247300876
ck_1e832a5b2342554f,0.8734976573640253
ck_2cb763a881aee27f,0.16524750458341822
ck_5875828b11406398,0.28225707883479323
ck_48e84b0cb0b90fa7,0.7469545732328376
ck_833688de8629c5c0,0.05320839274801385
ck_117d78ccd5820f36,0.22318191077612548
ck_668ec61c4c39cae3,0.25500101853738033
ck_73a7794b659d7a34,0.1483397840700754
ck_10f90d879209734f,0.4777755143613771
ck_d1d079913aa158bf,0.06824200448156448
ck_01c631b38e8a9535,0.4757791810959462
ck_f6923088c17a04e2,0.9333876553269504
ck_b447badc9138987d,0.2733754328783866
ck_8b772caed8f1541c,0.028844978610715014
ck_5403c76fe68a08ba,0.9293135058056631
ck_3e6833574edf1736,0.8741087797922183
ck_e527fbb9450a4581,0.9713994703605622
ck_cc90e219f1ebf390,0.09619067019759625
